result_row,dataset,method,alpha,seed,target_epsilon,prediction_path,selection_data,variant,threshold,auc,auprc,f1,precision,recall,balanced_accuracy,brier,ece_10
0,default_credit_card_clients,dp_uniform,0.5,42,1.0,results/predictions/default_credit_ha_dp_fedavg_noniid_alpha0p5_EPS_dp_uniform_eps1p0_uniform_seed42.csv,validation_only,raw_fixed_0p5,0.5,0.6016130923190526,0.35071984253522426,0.0,0.0,0.0,0.5,0.21525497922033301,0.21131584785500657
0,default_credit_card_clients,dp_uniform,0.5,42,1.0,results/predictions/default_credit_ha_dp_fedavg_noniid_alpha0p5_EPS_dp_uniform_eps1p0_uniform_seed42.csv,validation_only,raw_validation_f1,0.0103940455800522,0.6016130923190526,0.35071984253522426,0.3619371282922685,0.28992740471869327,0.48153730218538054,0.5733173350216438,0.21525497922033301,0.21131584785500657
0,default_credit_card_clients,dp_uniform,0.5,42,1.0,results/predictions/default_credit_ha_dp_fedavg_noniid_alpha0p5_EPS_dp_uniform_eps1p0_uniform_seed42.csv,validation_only,platt_fixed_0p5,0.5,0.6016130923190526,0.35071984253522426,0.0,0.0,0.0,0.5,0.16859457980733983,0.05412833830480442
0,default_credit_card_clients,dp_uniform,0.5,42,1.0,results/predictions/default_credit_ha_dp_fedavg_noniid_alpha0p5_EPS_dp_uniform_eps1p0_uniform_seed42.csv,validation_only,platt_validation_f1,0.248158755382125,0.6016130923190526,0.35071984253522426,0.3619371282922685,0.28992740471869327,0.48153730218538054,0.5733173350216438,0.16859457980733983,0.05412833830480442
1,default_credit_card_clients,scheduler,0.5,42,1.0,results/predictions/default_credit_ha_dp_fedavg_noniid_alpha0p5_EPS_scheduler_eps1p0_back_loaded_seed42.csv,validation_only,raw_fixed_0p5,0.5,0.6054416245193773,0.355251406526113,0.0,0.0,0.0,0.5,0.21531434319915607,0.21146930498865935
1,default_credit_card_clients,scheduler,0.5,42,1.0,results/predictions/default_credit_ha_dp_fedavg_noniid_alpha0p5_EPS_scheduler_eps1p0_back_loaded_seed42.csv,validation_only,raw_validation_f1,0.0118946915314853,0.6054416245193773,0.355251406526113,0.36599241466498106,0.3151878062057703,0.43632253202712884,0.5835582272804165,0.21531434319915607,0.21146930498865935
1,default_credit_card_clients,scheduler,0.5,42,1.0,results/predictions/default_credit_ha_dp_fedavg_noniid_alpha0p5_EPS_scheduler_eps1p0_back_loaded_seed42.csv,validation_only,platt_fixed_0p5,0.5,0.6054416245193773,0.355251406526113,0.0,0.0,0.0,0.5,0.1682097992306188,0.05593716161271947
1,default_credit_card_clients,scheduler,0.5,42,1.0,results/predictions/default_credit_ha_dp_fedavg_noniid_alpha0p5_EPS_scheduler_eps1p0_back_loaded_seed42.csv,validation_only,platt_validation_f1,0.2574207404444337,0.6054416245193773,0.355251406526113,0.36599241466498106,0.3151878062057703,0.43632253202712884,0.5835582272804165,0.1682097992306188,0.05593716161271947
2,default_credit_card_clients,full_ha_dp,0.5,42,1.0,results/predictions/default_credit_ha_dp_fedavg_noniid_alpha0p5_EPS_full_ha_dp_eps1p0_back_loaded_seed42.csv,validation_only,raw_fixed_0p5,0.5,0.6465197705364123,0.41695742489880866,0.0,0.0,0.0,0.5,0.19442083008778857,0.17810286677213136
2,default_credit_card_clients,full_ha_dp,0.5,42,1.0,results/predictions/default_credit_ha_dp_fedavg_noniid_alpha0p5_EPS_full_ha_dp_eps1p0_back_loaded_seed42.csv,validation_only,raw_validation_f1,0.0706305026447251,0.6465197705364123,0.41695742489880866,0.4322893692104102,0.5212765957446809,0.36925395629238883,0.6364780374228903,0.19442083008778857,0.17810286677213136
2,default_credit_card_clients,full_ha_dp,0.5,42,1.0,results/predictions/default_credit_ha_dp_fedavg_noniid_alpha0p5_EPS_full_ha_dp_eps1p0_back_loaded_seed42.csv,validation_only,platt_fixed_0p5,0.5,0.6465197705364123,0.41695742489880866,0.0030097817908201654,1.0,0.0015071590052750565,0.5007535795026375,0.16208013736185453,0.07006138895059473
2,default_credit_card_clients,full_ha_dp,0.5,42,1.0,results/predictions/default_credit_ha_dp_fedavg_noniid_alpha0p5_EPS_full_ha_dp_eps1p0_back_loaded_seed42.csv,validation_only,platt_validation_f1,0.30024675424323927,0.6465197705364123,0.41695742489880866,0.4322893692104102,0.5212765957446809,0.36925395629238883,0.6364780374228903,0.16208013736185453,0.07006138895059473
3,default_credit_card_clients,dp_uniform,0.5,123,1.0,results/predictions/default_credit_ha_dp_fedavg_noniid_alpha0p5_EPS_dp_uniform_eps1p0_uniform_seed123.csv,validation_only,raw_fixed_0p5,0.5,0.625701108727831,0.3873698929123325,0.0,0.0,0.0,0.5,0.16709911617363055,0.007456299685115276
3,default_credit_card_clients,dp_uniform,0.5,123,1.0,results/predictions/default_credit_ha_dp_fedavg_noniid_alpha0p5_EPS_dp_uniform_eps1p0_uniform_seed123.csv,validation_only,raw_validation_f1,0.2444992352159997,0.625701108727831,0.3873698929123325,0.39603960396039606,0.40030792917628943,0.3918613413715147,0.6125795044114154,0.16709911617363055,0.007456299685115276
3,default_credit_card_clients,dp_uniform,0.5,123,1.0,results/predictions/default_credit_ha_dp_fedavg_noniid_alpha0p5_EPS_dp_uniform_eps1p0_uniform_seed123.csv,validation_only,platt_fixed_0p5,0.5,0.625701108727831,0.3873698929123325,0.033650329188002925,0.575,0.01733232856066315,0.5068472042974512,0.16377449344042103,0.06404523405342614
3,default_credit_card_clients,dp_uniform,0.5,123,1.0,results/predictions/default_credit_ha_dp_fedavg_noniid_alpha0p5_EPS_dp_uniform_eps1p0_uniform_seed123.csv,validation_only,platt_validation_f1,0.2852173138760728,0.625701108727831,0.3873698929123325,0.39603960396039606,0.40030792917628943,0.3918613413715147,0.6125795044114154,0.16377449344042103,0.06404523405342614
4,default_credit_card_clients,scheduler,0.5,123,1.0,results/predictions/default_credit_ha_dp_fedavg_noniid_alpha0p5_EPS_scheduler_eps1p0_back_loaded_seed123.csv,validation_only,raw_fixed_0p5,0.5,0.620055067906818,0.3790255451280814,0.0,0.0,0.0,0.5,0.1676463072306189,0.01593305362360941
4,default_credit_card_clients,scheduler,0.5,123,1.0,results/predictions/default_credit_ha_dp_fedavg_noniid_alpha0p5_EPS_scheduler_eps1p0_back_loaded_seed123.csv,validation_only,raw_validation_f1,0.2395298955731242,0.620055067906818,0.3790255451280814,0.39002079002079004,0.43506493506493504,0.35342878673700073,0.6115528269229622,0.1676463072306189,0.01593305362360941
4,default_credit_card_clients,scheduler,0.5,123,1.0,results/predictions/default_credit_ha_dp_fedavg_noniid_alpha0p5_EPS_scheduler_eps1p0_back_loaded_seed123.csv,validation_only,platt_fixed_0p5,0.5,0.620055067906818,0.3790255451280814,0.019230769230769232,0.52,0.009796533534287867,0.5036142950145225,0.16479637553464516,0.06313768004696577
4,default_credit_card_clients,scheduler,0.5,123,1.0,results/predictions/default_credit_ha_dp_fedavg_noniid_alpha0p5_EPS_scheduler_eps1p0_back_loaded_seed123.csv,validation_only,platt_validation_f1,0.2955317049928304,0.620055067906818,0.3790255451280814,0.39002079002079004,0.43506493506493504,0.35342878673700073,0.6115528269229622,0.16479637553464516,0.06313768004696577
5,default_credit_card_clients,full_ha_dp,0.5,123,1.0,results/predictions/default_credit_ha_dp_fedavg_noniid_alpha0p5_EPS_full_ha_dp_eps1p0_back_loaded_seed123.csv,validation_only,raw_fixed_0p5,0.5,0.6227257356027692,0.3815054584582889,0.0,0.0,0.0,0.5,0.16735012741435756,0.012715954656764174
5,default_credit_card_clients,full_ha_dp,0.5,123,1.0,results/predictions/default_credit_ha_dp_fedavg_noniid_alpha0p5_EPS_full_ha_dp_eps1p0_back_loaded_seed123.csv,validation_only,raw_validation_f1,0.2416609395881363,0.6227257356027692,0.3815054584582889,0.3945522080066034,0.43613138686131386,0.3602110022607385,0.6139809558703649,0.16735012741435756,0.012715954656764174
5,default_credit_card_clients,full_ha_dp,0.5,123,1.0,results/predictions/default_credit_ha_dp_fedavg_noniid_alpha0p5_EPS_full_ha_dp_eps1p0_back_loaded_seed123.csv,validation_only,platt_fixed_0p5,0.5,0.6227257356027692,0.3815054584582889,0.027900146842878122,0.5428571428571428,0.014318010550113038,0.505447042938228,0.16427549122919777,0.06116609725183258
5,default_credit_card_clients,full_ha_dp,0.5,123,1.0,results/predictions/default_credit_ha_dp_fedavg_noniid_alpha0p5_EPS_full_ha_dp_eps1p0_back_loaded_seed123.csv,validation_only,platt_validation_f1,0.2943506441644183,0.6227257356027692,0.3815054584582889,0.3945522080066034,0.43613138686131386,0.3602110022607385,0.6139809558703649,0.16427549122919777,0.06116609725183258
6,default_credit_card_clients,dp_uniform,0.5,2026,1.0,results/predictions/default_credit_ha_dp_fedavg_noniid_alpha0p5_EPS_dp_uniform_eps1p0_uniform_seed2026.csv,validation_only,raw_fixed_0p5,0.5,0.6100322025017937,0.345186007232915,0.0,0.0,0.0,0.5,0.21979447652115092,0.21880846449196192
6,default_credit_card_clients,dp_uniform,0.5,2026,1.0,results/predictions/default_credit_ha_dp_fedavg_noniid_alpha0p5_EPS_dp_uniform_eps1p0_uniform_seed2026.csv,validation_only,raw_validation_f1,0.0022263878766958,0.6100322025017937,0.345186007232915,0.3681863230921705,0.2742709486895533,0.5599095704596835,0.5695974130920287,0.21979447652115092,0.21880846449196192
6,default_credit_card_clients,dp_uniform,0.5,2026,1.0,results/predictions/default_credit_ha_dp_fedavg_noniid_alpha0p5_EPS_dp_uniform_eps1p0_uniform_seed2026.csv,validation_only,platt_fixed_0p5,0.5,0.6100306705083687,0.34518587172388293,0.0,0.0,0.0,0.5,0.16883317986518728,0.022320240477179697
6,default_credit_card_clients,dp_uniform,0.5,2026,1.0,results/predictions/default_credit_ha_dp_fedavg_noniid_alpha0p5_EPS_dp_uniform_eps1p0_uniform_seed2026.csv,validation_only,platt_validation_f1,0.24054044997401317,0.6100306705083687,0.34518587172388293,0.3681863230921705,0.2742709486895533,0.5599095704596835,0.5695974130920287,0.16883317986518728,0.022320240477179697
7,default_credit_card_clients,scheduler,0.5,2026,1.0,results/predictions/default_credit_ha_dp_fedavg_noniid_alpha0p5_EPS_scheduler_eps1p0_back_loaded_seed2026.csv,validation_only,raw_fixed_0p5,0.5,0.6224265937287284,0.36347505134926517,0.0,0.0,0.0,0.5,0.21975402337300023,0.21878963765751575
7,default_credit_card_clients,scheduler,0.5,2026,1.0,results/predictions/default_credit_ha_dp_fedavg_noniid_alpha0p5_EPS_scheduler_eps1p0_back_loaded_seed2026.csv,validation_only,raw_validation_f1,0.002459902124411,0.6224265937287284,0.36347505134926517,0.3761706555671176,0.2872467222884386,0.544837980406933,0.5804652131865609,0.21975402337300023,0.21878963765751575
7,default_credit_card_clients,scheduler,0.5,2026,1.0,results/predictions/default_credit_ha_dp_fedavg_noniid_alpha0p5_EPS_scheduler_eps1p0_back_loaded_seed2026.csv,validation_only,platt_fixed_0p5,0.5,0.6224256261539337,0.36347467639509834,0.0,0.0,0.0,0.5,0.16774355350007153,0.03725107010057878
7,default_credit_card_clients,scheduler,0.5,2026,1.0,results/predictions/default_credit_ha_dp_fedavg_noniid_alpha0p5_EPS_scheduler_eps1p0_back_loaded_seed2026.csv,validation_only,platt_validation_f1,0.24757996052054332,0.6224256261539337,0.36347467639509834,0.3761706555671176,0.2872467222884386,0.544837980406933,0.5804652131865609,0.16774355350007153,0.03725107010057878
8,default_credit_card_clients,full_ha_dp,0.5,2026,1.0,results/predictions/default_credit_ha_dp_fedavg_noniid_alpha0p5_EPS_full_ha_dp_eps1p0_back_loaded_seed2026.csv,validation_only,raw_fixed_0p5,0.5,0.6798067624124929,0.4534234598403034,0.0,0.0,0.0,0.5,0.20277153998029715,0.19325052414307975
8,default_credit_card_clients,full_ha_dp,0.5,2026,1.0,results/predictions/default_credit_ha_dp_fedavg_noniid_alpha0p5_EPS_full_ha_dp_eps1p0_back_loaded_seed2026.csv,validation_only,raw_validation_f1,0.0428103708647738,0.6798067624124929,0.4534234598403034,0.46890343698854337,0.5129811996418979,0.43180105501130367,0.6576938080534798,0.20277153998029715,0.19325052414307975
8,default_credit_card_clients,full_ha_dp,0.5,2026,1.0,results/predictions/default_credit_ha_dp_fedavg_noniid_alpha0p5_EPS_full_ha_dp_eps1p0_back_loaded_seed2026.csv,validation_only,platt_fixed_0p5,0.5,0.6798067624124929,0.4534234598403034,0.0074962518740629685,0.7142857142857143,0.0037678975131876413,0.5016699534644903,0.15839933301492046,0.06718190898987178
8,default_credit_card_clients,full_ha_dp,0.5,2026,1.0,results/predictions/default_credit_ha_dp_fedavg_noniid_alpha0p5_EPS_full_ha_dp_eps1p0_back_loaded_seed2026.csv,validation_only,platt_validation_f1,0.3044180567872146,0.6798067624124929,0.4534234598403034,0.46890343698854337,0.5129811996418979,0.43180105501130367,0.6576938080534798,0.15839933301492046,0.06718190898987178
9,default_credit_card_clients,dp_uniform,0.5,31415,1.0,results/predictions/default_credit_ha_dp_fedavg_noniid_alpha0p5_EPS_dp_uniform_eps1p0_uniform_seed31415.csv,validation_only,raw_fixed_0p5,0.5,0.6419511242493434,0.4126797475805999,0.0,0.0,0.0,0.5,0.21890045712840342,0.21786893687116315
9,default_credit_card_clients,dp_uniform,0.5,31415,1.0,results/predictions/default_credit_ha_dp_fedavg_noniid_alpha0p5_EPS_dp_uniform_eps1p0_uniform_seed31415.csv,validation_only,raw_validation_f1,0.0048931291166134,0.6419511242493434,0.4126797475805999,0.4014925373134328,0.3976348854397635,0.4054257724189902,0.6155098046772888,0.21890045712840342,0.21786893687116315
9,default_credit_card_clients,dp_uniform,0.5,31415,1.0,results/predictions/default_credit_ha_dp_fedavg_noniid_alpha0p5_EPS_dp_uniform_eps1p0_uniform_seed31415.csv,validation_only,platt_fixed_0p5,0.5,0.6419520918241381,0.41267974758059994,0.0,0.0,0.0,0.5,0.16510864546905188,0.06267121062936887
9,default_credit_card_clients,dp_uniform,0.5,31415,1.0,results/predictions/default_credit_ha_dp_fedavg_noniid_alpha0p5_EPS_dp_uniform_eps1p0_uniform_seed31415.csv,validation_only,platt_validation_f1,0.269936748278248,0.6419520918241381,0.41267974758059994,0.4014925373134328,0.3976348854397635,0.4054257724189902,0.6155098046772888,0.16510864546905188,0.06267121062936887
10,default_credit_card_clients,scheduler,0.5,31415,1.0,results/predictions/default_credit_ha_dp_fedavg_noniid_alpha0p5_EPS_scheduler_eps1p0_back_loaded_seed31415.csv,validation_only,raw_fixed_0p5,0.5,0.6538300400043798,0.430529164970049,0.0,0.0,0.0,0.5,0.21896531758702437,0.21804452464382784
10,default_credit_card_clients,scheduler,0.5,31415,1.0,results/predictions/default_credit_ha_dp_fedavg_noniid_alpha0p5_EPS_scheduler_eps1p0_back_loaded_seed31415.csv,validation_only,raw_validation_f1,0.0045282021554535,0.6538300400043798,0.430529164970049,0.42309124767225326,0.4182621502209131,0.42803315749811605,0.6294884383681464,0.21896531758702437,0.21804452464382784
10,default_credit_card_clients,scheduler,0.5,31415,1.0,results/predictions/default_credit_ha_dp_fedavg_noniid_alpha0p5_EPS_scheduler_eps1p0_back_loaded_seed31415.csv,validation_only,platt_fixed_0p5,0.5,0.6538297174794483,0.4305290960417721,0.0,0.0,0.0,0.5,0.16311044657576257,0.06732424192820717
10,default_credit_card_clients,scheduler,0.5,31415,1.0,results/predictions/default_credit_ha_dp_fedavg_noniid_alpha0p5_EPS_scheduler_eps1p0_back_loaded_seed31415.csv,validation_only,platt_validation_f1,0.2762376959408199,0.6538297174794483,0.4305290960417721,0.42309124767225326,0.4182621502209131,0.42803315749811605,0.6294884383681464,0.16311044657576257,0.06732424192820717
11,default_credit_card_clients,full_ha_dp,0.5,31415,1.0,results/predictions/default_credit_ha_dp_fedavg_noniid_alpha0p5_EPS_full_ha_dp_eps1p0_back_loaded_seed31415.csv,validation_only,raw_fixed_0p5,0.5,0.665599458545145,0.4543973411377031,0.0,0.0,0.0,0.5,0.20278828657260947,0.19352712885943868
11,default_credit_card_clients,full_ha_dp,0.5,31415,1.0,results/predictions/default_credit_ha_dp_fedavg_noniid_alpha0p5_EPS_full_ha_dp_eps1p0_back_loaded_seed31415.csv,validation_only,raw_validation_f1,0.0392264578865519,0.665599458545145,0.4543973411377031,0.44461420932009166,0.45081332300542215,0.4385832705350414,0.6434303042168038,0.20278828657260947,0.19352712885943868
11,default_credit_card_clients,full_ha_dp,0.5,31415,1.0,results/predictions/default_credit_ha_dp_fedavg_noniid_alpha0p5_EPS_full_ha_dp_eps1p0_back_loaded_seed31415.csv,validation_only,platt_fixed_0p5,0.5,0.665599458545145,0.4543973411377031,0.0015060240963855422,1.0,0.0007535795026375283,0.5003767897513187,0.15974456524701688,0.07220691443067374
11,default_credit_card_clients,full_ha_dp,0.5,31415,1.0,results/predictions/default_credit_ha_dp_fedavg_noniid_alpha0p5_EPS_full_ha_dp_eps1p0_back_loaded_seed31415.csv,validation_only,platt_validation_f1,0.2848999203052825,0.665599458545145,0.4543973411377031,0.44461420932009166,0.45081332300542215,0.4385832705350414,0.6434303042168038,0.15974456524701688,0.07220691443067374
12,default_credit_card_clients,dp_uniform,0.5,27182,1.0,results/predictions/default_credit_ha_dp_fedavg_noniid_alpha0p5_EPS_dp_uniform_eps1p0_uniform_seed27182.csv,validation_only,raw_fixed_0p5,0.5,0.6244547111297387,0.36116908283677296,0.0,0.0,0.0,0.5,0.21872196430872706,0.21721020738400018
12,default_credit_card_clients,dp_uniform,0.5,27182,1.0,results/predictions/default_credit_ha_dp_fedavg_noniid_alpha0p5_EPS_dp_uniform_eps1p0_uniform_seed27182.csv,validation_only,raw_validation_f1,0.0036024257076732,0.6244547111297387,0.36116908283677296,0.3737133808392716,0.2875710804224208,0.53353428786737,0.5790932727588509,0.21872196430872706,0.21721020738400018
12,default_credit_card_clients,dp_uniform,0.5,27182,1.0,results/predictions/default_credit_ha_dp_fedavg_noniid_alpha0p5_EPS_dp_uniform_eps1p0_uniform_seed27182.csv,validation_only,platt_fixed_0p5,0.5,0.6244567269105611,0.36116964662341605,0.0,0.0,0.0,0.5,0.16721277228254486,0.04006080472492406
12,default_credit_card_clients,dp_uniform,0.5,27182,1.0,results/predictions/default_credit_ha_dp_fedavg_noniid_alpha0p5_EPS_dp_uniform_eps1p0_uniform_seed27182.csv,validation_only,platt_validation_f1,0.24212457468847715,0.6244567269105611,0.36116964662341605,0.3737133808392716,0.2875710804224208,0.53353428786737,0.5790932727588509,0.16721277228254486,0.04006080472492406
13,default_credit_card_clients,scheduler,0.5,27182,1.0,results/predictions/default_credit_ha_dp_fedavg_noniid_alpha0p5_EPS_scheduler_eps1p0_back_loaded_seed27182.csv,validation_only,raw_fixed_0p5,0.5,0.6309381879356002,0.3743170844246996,0.0,0.0,0.0,0.5,0.21869600177574414,0.21721486717653193
13,default_credit_card_clients,scheduler,0.5,27182,1.0,results/predictions/default_credit_ha_dp_fedavg_noniid_alpha0p5_EPS_scheduler_eps1p0_back_loaded_seed27182.csv,validation_only,raw_validation_f1,0.0037312878003534,0.6309381879356002,0.3743170844246996,0.3770053475935829,0.29216742644011606,0.5312735493594575,0.5828847952232767,0.21869600177574414,0.21721486717653193
13,default_credit_card_clients,scheduler,0.5,27182,1.0,results/predictions/default_credit_ha_dp_fedavg_noniid_alpha0p5_EPS_scheduler_eps1p0_back_loaded_seed27182.csv,validation_only,platt_fixed_0p5,0.5,0.6309391555103949,0.3743170844246995,0.0,0.0,0.0,0.5,0.16645685254059867,0.04699119889104593
13,default_credit_card_clients,scheduler,0.5,27182,1.0,results/predictions/default_credit_ha_dp_fedavg_noniid_alpha0p5_EPS_scheduler_eps1p0_back_loaded_seed27182.csv,validation_only,platt_validation_f1,0.2443551283549285,0.6309391555103949,0.3743170844246995,0.3770053475935829,0.29216742644011606,0.5312735493594575,0.5828847952232767,0.16645685254059867,0.04699119889104593
14,default_credit_card_clients,full_ha_dp,0.5,27182,1.0,results/predictions/default_credit_ha_dp_fedavg_noniid_alpha0p5_EPS_full_ha_dp_eps1p0_back_loaded_seed27182.csv,validation_only,raw_fixed_0p5,0.5,0.6253681017359743,0.36372543952634506,0.0,0.0,0.0,0.5,0.21694939743766387,0.21407332982547897
14,default_credit_card_clients,full_ha_dp,0.5,27182,1.0,results/predictions/default_credit_ha_dp_fedavg_noniid_alpha0p5_EPS_full_ha_dp_eps1p0_back_loaded_seed27182.csv,validation_only,raw_validation_f1,0.0061005131134291,0.6253681017359743,0.36372543952634506,0.3741614906832298,0.27909562638991847,0.5674453654860587,0.5756122611723039,0.21694939743766387,0.21407332982547897
14,default_credit_card_clients,full_ha_dp,0.5,27182,1.0,results/predictions/default_credit_ha_dp_fedavg_noniid_alpha0p5_EPS_full_ha_dp_eps1p0_back_loaded_seed27182.csv,validation_only,platt_fixed_0p5,0.5,0.6253678598422756,0.36372564975212607,0.0,0.0,0.0,0.5,0.167036595528845,0.04289038175154301
14,default_credit_card_clients,full_ha_dp,0.5,27182,1.0,results/predictions/default_credit_ha_dp_fedavg_noniid_alpha0p5_EPS_full_ha_dp_eps1p0_back_loaded_seed27182.csv,validation_only,platt_validation_f1,0.2363041414022091,0.6253678598422756,0.36372564975212607,0.3741614906832298,0.27909562638991847,0.5674453654860587,0.5756122611723039,0.167036595528845,0.04289038175154301
15,default_credit_card_clients,dp_uniform,0.5,42,2.0,results/predictions/default_credit_ha_dp_fedavg_noniid_alpha0p5_EPS_dp_uniform_eps2p0_uniform_seed42.csv,validation_only,raw_fixed_0p5,0.5,0.6311893542260684,0.39557482262174565,0.0,0.0,0.0,0.5,0.2151725060872821,0.21275703634061555
15,default_credit_card_clients,dp_uniform,0.5,42,2.0,results/predictions/default_credit_ha_dp_fedavg_noniid_alpha0p5_EPS_dp_uniform_eps2p0_uniform_seed42.csv,validation_only,raw_validation_f1,0.0124665221017335,0.6311893542260684,0.39557482262174565,0.40920295809367296,0.44986449864498645,0.3752825923134891,0.6224797297112064,0.2151725060872821,0.21275703634061555
15,default_credit_card_clients,dp_uniform,0.5,42,2.0,results/predictions/default_credit_ha_dp_fedavg_noniid_alpha0p5_EPS_dp_uniform_eps2p0_uniform_seed42.csv,validation_only,platt_fixed_0p5,0.5,0.6311893542260684,0.3955748226217457,0.0,0.0,0.0,0.5,0.16503569499142645,0.07087798064534472
15,default_credit_card_clients,dp_uniform,0.5,42,2.0,results/predictions/default_credit_ha_dp_fedavg_noniid_alpha0p5_EPS_dp_uniform_eps2p0_uniform_seed42.csv,validation_only,platt_validation_f1,0.28207954044748523,0.6311893542260684,0.3955748226217457,0.40920295809367296,0.44986449864498645,0.3752825923134891,0.6224797297112064,0.16503569499142645,0.07087798064534472
16,default_credit_card_clients,scheduler,0.5,42,2.0,results/predictions/default_credit_ha_dp_fedavg_noniid_alpha0p5_EPS_scheduler_eps2p0_back_loaded_seed42.csv,validation_only,raw_fixed_0p5,0.5,0.6361285010282901,0.4034174786222704,0.0,0.0,0.0,0.5,0.21551096256349866,0.21334845213205936
16,default_credit_card_clients,scheduler,0.5,42,2.0,results/predictions/default_credit_ha_dp_fedavg_noniid_alpha0p5_EPS_scheduler_eps2p0_back_loaded_seed42.csv,validation_only,raw_validation_f1,0.0116945361584063,0.6361285010282901,0.4034174786222704,0.4219409282700422,0.4793863854266539,0.37678975131876413,0.6302951538532617,0.21551096256349866,0.21334845213205936
16,default_credit_card_clients,scheduler,0.5,42,2.0,results/predictions/default_credit_ha_dp_fedavg_noniid_alpha0p5_EPS_scheduler_eps2p0_back_loaded_seed42.csv,validation_only,platt_fixed_0p5,0.5,0.6361285010282901,0.4034174786222704,0.0,0.0,0.0,0.5,0.16426576644225768,0.06963569532107867
16,default_credit_card_clients,scheduler,0.5,42,2.0,results/predictions/default_credit_ha_dp_fedavg_noniid_alpha0p5_EPS_scheduler_eps2p0_back_loaded_seed42.csv,validation_only,platt_validation_f1,0.2851021894536021,0.6361285010282901,0.4034174786222704,0.4219409282700422,0.4793863854266539,0.37678975131876413,0.6302951538532617,0.16426576644225768,0.06963569532107867
17,default_credit_card_clients,full_ha_dp,0.5,42,2.0,results/predictions/default_credit_ha_dp_fedavg_noniid_alpha0p5_EPS_full_ha_dp_eps2p0_back_loaded_seed42.csv,validation_only,raw_fixed_0p5,0.5,0.6615454007864126,0.4388107279471412,0.0,0.0,0.0,0.5,0.1956628131058479,0.1845575502262954
17,default_credit_card_clients,full_ha_dp,0.5,42,2.0,results/predictions/default_credit_ha_dp_fedavg_noniid_alpha0p5_EPS_full_ha_dp_eps2p0_back_loaded_seed42.csv,validation_only,raw_validation_f1,0.0526010008624628,0.6615454007864126,0.4388107279471412,0.4515856236786469,0.5144508670520231,0.4024114544084401,0.6472789135941195,0.1956628131058479,0.1845575502262954
17,default_credit_card_clients,full_ha_dp,0.5,42,2.0,results/predictions/default_credit_ha_dp_fedavg_noniid_alpha0p5_EPS_full_ha_dp_eps2p0_back_loaded_seed42.csv,validation_only,platt_fixed_0p5,0.5,0.6615454007864126,0.4388107279471412,0.0030097817908201654,1.0,0.0015071590052750565,0.5007535795026375,0.1596632926137915,0.07125266928835249
17,default_credit_card_clients,full_ha_dp,0.5,42,2.0,results/predictions/default_credit_ha_dp_fedavg_noniid_alpha0p5_EPS_full_ha_dp_eps2p0_back_loaded_seed42.csv,validation_only,platt_validation_f1,0.2950158074567297,0.6615454007864126,0.4388107279471412,0.4515856236786469,0.5144508670520231,0.4024114544084401,0.6472789135941195,0.1596632926137915,0.07125266928835249
18,default_credit_card_clients,dp_uniform,0.5,123,2.0,results/predictions/default_credit_ha_dp_fedavg_noniid_alpha0p5_EPS_dp_uniform_eps2p0_uniform_seed123.csv,validation_only,raw_fixed_0p5,0.5,0.6455109931816617,0.4175322692673872,0.0,0.0,0.0,0.5,0.21504595244229244,0.21244920482324878
18,default_credit_card_clients,dp_uniform,0.5,123,2.0,results/predictions/default_credit_ha_dp_fedavg_noniid_alpha0p5_EPS_dp_uniform_eps2p0_uniform_seed123.csv,validation_only,raw_validation_f1,0.0157176896284069,0.6455109931816617,0.4175322692673872,0.40036150022593764,0.5,0.333835719668425,0.6195179026332709,0.21504595244229244,0.21244920482324878
18,default_credit_card_clients,dp_uniform,0.5,123,2.0,results/predictions/default_credit_ha_dp_fedavg_noniid_alpha0p5_EPS_dp_uniform_eps2p0_uniform_seed123.csv,validation_only,platt_fixed_0p5,0.5,0.6455109931816617,0.4175322692673872,0.003005259203606311,0.5,0.0015071590052750565,0.5005395842105339,0.16285900007491882,0.06063862657188048
18,default_credit_card_clients,dp_uniform,0.5,123,2.0,results/predictions/default_credit_ha_dp_fedavg_noniid_alpha0p5_EPS_dp_uniform_eps2p0_uniform_seed123.csv,validation_only,platt_validation_f1,0.3101418530706265,0.6455109931816617,0.4175322692673872,0.40036150022593764,0.5,0.333835719668425,0.6195179026332709,0.16285900007491882,0.06063862657188048
19,default_credit_card_clients,scheduler,0.5,123,2.0,results/predictions/default_credit_ha_dp_fedavg_noniid_alpha0p5_EPS_scheduler_eps2p0_back_loaded_seed123.csv,validation_only,raw_fixed_0p5,0.5,0.6513661914208045,0.4264437269913446,0.0,0.0,0.0,0.5,0.21530109579299203,0.21289926371149184
19,default_credit_card_clients,scheduler,0.5,123,2.0,results/predictions/default_credit_ha_dp_fedavg_noniid_alpha0p5_EPS_scheduler_eps2p0_back_loaded_seed123.csv,validation_only,raw_validation_f1,0.0147709281626795,0.6513661914208045,0.4264437269913446,0.4178425125170687,0.5275862068965518,0.3458929917106255,0.6289704633280284,0.21530109579299203,0.21289926371149184
19,default_credit_card_clients,scheduler,0.5,123,2.0,results/predictions/default_credit_ha_dp_fedavg_noniid_alpha0p5_EPS_scheduler_eps2p0_back_loaded_seed123.csv,validation_only,platt_fixed_0p5,0.5,0.6513661914208045,0.4264437269913447,0.00749063670411985,0.625,0.0037678975131876413,0.5015629558184385,0.16178823865575342,0.06184652334664551
19,default_credit_card_clients,scheduler,0.5,123,2.0,results/predictions/default_credit_ha_dp_fedavg_noniid_alpha0p5_EPS_scheduler_eps2p0_back_loaded_seed123.csv,validation_only,platt_validation_f1,0.31399721836487443,0.6513661914208045,0.4264437269913447,0.4178425125170687,0.5275862068965518,0.3458929917106255,0.6289704633280284,0.16178823865575342,0.06184652334664551
20,default_credit_card_clients,full_ha_dp,0.5,123,2.0,results/predictions/default_credit_ha_dp_fedavg_noniid_alpha0p5_EPS_full_ha_dp_eps2p0_back_loaded_seed123.csv,validation_only,raw_fixed_0p5,0.5,0.6498900754401942,0.42053954698879337,0.0,0.0,0.0,0.5,0.21465678780277903,0.21172265471368207
20,default_credit_card_clients,full_ha_dp,0.5,123,2.0,results/predictions/default_credit_ha_dp_fedavg_noniid_alpha0p5_EPS_full_ha_dp_eps2p0_back_loaded_seed123.csv,validation_only,raw_validation_f1,0.0156129053059564,0.6498900754401942,0.42053954698879337,0.40955631399317405,0.471976401179941,0.3617181612660136,0.6234013447031973,0.21465678780277903,0.21172265471368207
20,default_credit_card_clients,full_ha_dp,0.5,123,2.0,results/predictions/default_credit_ha_dp_fedavg_noniid_alpha0p5_EPS_full_ha_dp_eps2p0_back_loaded_seed123.csv,validation_only,platt_fixed_0p5,0.5,0.6498900754401942,0.42053954698879337,0.006001500375093774,0.6666666666666666,0.003014318010550113,0.5012931637131715,0.16222234624252893,0.06057202012236384
20,default_credit_card_clients,full_ha_dp,0.5,123,2.0,results/predictions/default_credit_ha_dp_fedavg_noniid_alpha0p5_EPS_full_ha_dp_eps2p0_back_loaded_seed123.csv,validation_only,platt_validation_f1,0.3040991437362591,0.6498900754401942,0.42053954698879337,0.40955631399317405,0.471976401179941,0.3617181612660136,0.6234013447031973,0.16222234624252893,0.06057202012236384
21,default_credit_card_clients,dp_uniform,0.5,2026,2.0,results/predictions/default_credit_ha_dp_fedavg_noniid_alpha0p5_EPS_dp_uniform_eps2p0_uniform_seed2026.csv,validation_only,raw_fixed_0p5,0.5,0.6437350096459145,0.4011556842997619,0.0,0.0,0.0,0.5,0.21972224748390246,0.2190659691182159
21,default_credit_card_clients,dp_uniform,0.5,2026,2.0,results/predictions/default_credit_ha_dp_fedavg_noniid_alpha0p5_EPS_dp_uniform_eps2p0_uniform_seed2026.csv,validation_only,raw_validation_f1,0.0019242338955954,0.6437350096459145,0.4011556842997619,0.39630606860158313,0.30491270807957777,0.5659382064807837,0.5997891331997327,0.21972224748390246,0.2190659691182159
21,default_credit_card_clients,dp_uniform,0.5,2026,2.0,results/predictions/default_credit_ha_dp_fedavg_noniid_alpha0p5_EPS_dp_uniform_eps2p0_uniform_seed2026.csv,validation_only,platt_fixed_0p5,0.5,0.6437344452272842,0.40115567930616153,0.0,0.0,0.0,0.5,0.16549402156345033,0.05818640300725039
21,default_credit_card_clients,dp_uniform,0.5,2026,2.0,results/predictions/default_credit_ha_dp_fedavg_noniid_alpha0p5_EPS_dp_uniform_eps2p0_uniform_seed2026.csv,validation_only,platt_validation_f1,0.24910222308902863,0.6437344452272842,0.40115567930616153,0.39630606860158313,0.30491270807957777,0.5659382064807837,0.5997891331997327,0.16549402156345033,0.05818640300725039
22,default_credit_card_clients,scheduler,0.5,2026,2.0,results/predictions/default_credit_ha_dp_fedavg_noniid_alpha0p5_EPS_scheduler_eps2p0_back_loaded_seed2026.csv,validation_only,raw_fixed_0p5,0.5,0.6620996598813335,0.4251506552460692,0.0,0.0,0.0,0.5,0.2196935683608377,0.21912266638579064
22,default_credit_card_clients,scheduler,0.5,2026,2.0,results/predictions/default_credit_ha_dp_fedavg_noniid_alpha0p5_EPS_scheduler_eps2p0_back_loaded_seed2026.csv,validation_only,raw_validation_f1,0.0033324315701544,0.6620996598813335,0.4251506552460692,0.4346723044397463,0.4951830443159923,0.3873398643556895,0.6376031656467085,0.2196935683608377,0.21912266638579064
22,default_credit_card_clients,scheduler,0.5,2026,2.0,results/predictions/default_credit_ha_dp_fedavg_noniid_alpha0p5_EPS_scheduler_eps2p0_back_loaded_seed2026.csv,validation_only,platt_fixed_0p5,0.5,0.6620986923065387,0.4251506176603018,0.0,0.0,0.0,0.5,0.16254224102154866,0.06743534828403258
22,default_credit_card_clients,scheduler,0.5,2026,2.0,results/predictions/default_credit_ha_dp_fedavg_noniid_alpha0p5_EPS_scheduler_eps2p0_back_loaded_seed2026.csv,validation_only,platt_validation_f1,0.2965363911593309,0.6620986923065387,0.4251506176603018,0.4346723044397463,0.4951830443159923,0.3873398643556895,0.6376031656467085,0.16254224102154866,0.06743534828403258
23,default_credit_card_clients,full_ha_dp,0.5,2026,2.0,results/predictions/default_credit_ha_dp_fedavg_noniid_alpha0p5_EPS_full_ha_dp_eps2p0_back_loaded_seed2026.csv,validation_only,raw_fixed_0p5,0.5,0.6970303194399807,0.47161209299970797,0.0,0.0,0.0,0.5,0.1996163119076401,0.19341440238132512
23,default_credit_card_clients,full_ha_dp,0.5,2026,2.0,results/predictions/default_credit_ha_dp_fedavg_noniid_alpha0p5_EPS_full_ha_dp_eps2p0_back_loaded_seed2026.csv,validation_only,raw_validation_f1,0.0417374103160284,0.6970303194399807,0.47161209299970797,0.47824136384028715,0.5909090909090909,0.40165787490580257,0.6613468060597919,0.1996163119076401,0.19341440238132512
23,default_credit_card_clients,full_ha_dp,0.5,2026,2.0,results/predictions/default_credit_ha_dp_fedavg_noniid_alpha0p5_EPS_full_ha_dp_eps2p0_back_loaded_seed2026.csv,validation_only,platt_fixed_0p5,0.5,0.6970303194399807,0.47161209299970797,0.14769647696476965,0.7315436241610739,0.08214016578749057,0.5367901770516738,0.15326517533373873,0.06660651443238307
23,default_credit_card_clients,full_ha_dp,0.5,2026,2.0,results/predictions/default_credit_ha_dp_fedavg_noniid_alpha0p5_EPS_full_ha_dp_eps2p0_back_loaded_seed2026.csv,validation_only,platt_validation_f1,0.31911980076950236,0.6970303194399807,0.47161209299970797,0.47824136384028715,0.5909090909090909,0.40165787490580257,0.6613468060597919,0.15326517533373873,0.06660651443238307
24,default_credit_card_clients,dp_uniform,0.5,31415,2.0,results/predictions/default_credit_ha_dp_fedavg_noniid_alpha0p5_EPS_dp_uniform_eps2p0_uniform_seed31415.csv,validation_only,raw_fixed_0p5,0.5,0.6671068594441185,0.44440857183175647,0.0,0.0,0.0,0.5,0.21891409377529752,0.21840561362709934
24,default_credit_card_clients,dp_uniform,0.5,31415,2.0,results/predictions/default_credit_ha_dp_fedavg_noniid_alpha0p5_EPS_dp_uniform_eps2p0_uniform_seed31415.csv,validation_only,raw_validation_f1,0.0040887669379428,0.6671068594441185,0.44440857183175647,0.43488843813387423,0.4710017574692443,0.40391861341371516,0.6375467237836818,0.21891409377529752,0.21840561362709934
24,default_credit_card_clients,dp_uniform,0.5,31415,2.0,results/predictions/default_credit_ha_dp_fedavg_noniid_alpha0p5_EPS_dp_uniform_eps2p0_uniform_seed31415.csv,validation_only,platt_fixed_0p5,0.5,0.6671060531317896,0.4444080607588118,0.0,0.0,0.0,0.5,0.16097621848370347,0.06579437910509954
24,default_credit_card_clients,dp_uniform,0.5,31415,2.0,results/predictions/default_credit_ha_dp_fedavg_noniid_alpha0p5_EPS_dp_uniform_eps2p0_uniform_seed31415.csv,validation_only,platt_validation_f1,0.28704789183696283,0.6671060531317896,0.4444080607588118,0.43488843813387423,0.4710017574692443,0.40391861341371516,0.6375467237836818,0.16097621848370347,0.06579437910509954
25,default_credit_card_clients,scheduler,0.5,31415,2.0,results/predictions/default_credit_ha_dp_fedavg_noniid_alpha0p5_EPS_scheduler_eps2p0_back_loaded_seed31415.csv,validation_only,raw_fixed_0p5,0.5,0.6794956871159837,0.46029892644308723,0.0,0.0,0.0,0.5,0.21912051947956293,0.21869757779431315
25,default_credit_card_clients,scheduler,0.5,31415,2.0,results/predictions/default_credit_ha_dp_fedavg_noniid_alpha0p5_EPS_scheduler_eps2p0_back_loaded_seed31415.csv,validation_only,raw_validation_f1,0.0035954287463872,0.6794956871159837,0.46029892644308723,0.44715447154471544,0.4854368932038835,0.41446872645064053,0.6448547355771286,0.21912051947956293,0.21869757779431315
25,default_credit_card_clients,scheduler,0.5,31415,2.0,results/predictions/default_credit_ha_dp_fedavg_noniid_alpha0p5_EPS_scheduler_eps2p0_back_loaded_seed31415.csv,validation_only,platt_fixed_0p5,0.5,0.679496170903381,0.46029846960230414,0.0045045045045045045,0.6,0.002260738507912585,0.5009163739618527,0.15845305331692794,0.06010784522549078
25,default_credit_card_clients,scheduler,0.5,31415,2.0,results/predictions/default_credit_ha_dp_fedavg_noniid_alpha0p5_EPS_scheduler_eps2p0_back_loaded_seed31415.csv,validation_only,platt_validation_f1,0.29420961204993906,0.679496170903381,0.46029846960230414,0.44715447154471544,0.4854368932038835,0.41446872645064053,0.6448547355771286,0.15845305331692794,0.06010784522549078
26,default_credit_card_clients,full_ha_dp,0.5,31415,2.0,results/predictions/default_credit_ha_dp_fedavg_noniid_alpha0p5_EPS_full_ha_dp_eps2p0_back_loaded_seed31415.csv,validation_only,raw_fixed_0p5,0.5,0.6683018949468569,0.4479058457733001,0.0,0.0,0.0,0.5,0.20709816206638057,0.20059786196491303
26,default_credit_card_clients,full_ha_dp,0.5,31415,2.0,results/predictions/default_credit_ha_dp_fedavg_noniid_alpha0p5_EPS_full_ha_dp_eps2p0_back_loaded_seed31415.csv,validation_only,raw_validation_f1,0.0310059586426201,0.6683018949468569,0.4479058457733001,0.4451435312622886,0.4654605263157895,0.426525998492841,0.6437145293127591,0.20709816206638057,0.20059786196491303
26,default_credit_card_clients,full_ha_dp,0.5,31415,2.0,results/predictions/default_credit_ha_dp_fedavg_noniid_alpha0p5_EPS_full_ha_dp_eps2p0_back_loaded_seed31415.csv,validation_only,platt_fixed_0p5,0.5,0.6683018949468569,0.4479058457733001,0.0,0.0,0.0,0.5,0.1605644341272017,0.07072615764904955
26,default_credit_card_clients,full_ha_dp,0.5,31415,2.0,results/predictions/default_credit_ha_dp_fedavg_noniid_alpha0p5_EPS_full_ha_dp_eps2p0_back_loaded_seed31415.csv,validation_only,platt_validation_f1,0.28796589718659754,0.6683018949468569,0.4479058457733001,0.4451435312622886,0.4654605263157895,0.426525998492841,0.6437145293127591,0.1605644341272017,0.07072615764904955
27,default_credit_card_clients,dp_uniform,0.5,27182,2.0,results/predictions/default_credit_ha_dp_fedavg_noniid_alpha0p5_EPS_dp_uniform_eps2p0_uniform_seed27182.csv,validation_only,raw_fixed_0p5,0.5,0.6532458667220549,0.41745222550216027,0.0,0.0,0.0,0.5,0.21822489424771963,0.21711943943290068
27,default_credit_card_clients,dp_uniform,0.5,27182,2.0,results/predictions/default_credit_ha_dp_fedavg_noniid_alpha0p5_EPS_dp_uniform_eps2p0_uniform_seed27182.csv,validation_only,raw_validation_f1,0.0066945095114505,0.6532458667220549,0.41745222550216027,0.40783312047679865,0.46868884540117417,0.36096458176337604,0.6223825690755678,0.21822489424771963,0.21711943943290068
27,default_credit_card_clients,dp_uniform,0.5,27182,2.0,results/predictions/default_credit_ha_dp_fedavg_noniid_alpha0p5_EPS_dp_uniform_eps2p0_uniform_seed27182.csv,validation_only,platt_fixed_0p5,0.5,0.6532471568217812,0.4174526224392375,0.0,0.0,0.0,0.5,0.1630674522147104,0.05632512164454753
27,default_credit_card_clients,dp_uniform,0.5,27182,2.0,results/predictions/default_credit_ha_dp_fedavg_noniid_alpha0p5_EPS_dp_uniform_eps2p0_uniform_seed27182.csv,validation_only,platt_validation_f1,0.2928862997824744,0.6532471568217812,0.4174526224392375,0.40783312047679865,0.46868884540117417,0.36096458176337604,0.6223825690755678,0.1630674522147104,0.05632512164454753
28,default_credit_card_clients,scheduler,0.5,27182,2.0,results/predictions/default_credit_ha_dp_fedavg_noniid_alpha0p5_EPS_scheduler_eps2p0_back_loaded_seed27182.csv,validation_only,raw_fixed_0p5,0.5,0.6613872023074724,0.4308798186572274,0.0,0.0,0.0,0.5,0.21825919814792186,0.2172496387572471
28,default_credit_card_clients,scheduler,0.5,27182,2.0,results/predictions/default_credit_ha_dp_fedavg_noniid_alpha0p5_EPS_scheduler_eps2p0_back_loaded_seed27182.csv,validation_only,raw_validation_f1,0.0062055339188307,0.6613872023074724,0.4308798186572274,0.42176296921130324,0.4789272030651341,0.37678975131876413,0.63018815620721,0.21825919814792186,0.2172496387572471
28,default_credit_card_clients,scheduler,0.5,27182,2.0,results/predictions/default_credit_ha_dp_fedavg_noniid_alpha0p5_EPS_scheduler_eps2p0_back_loaded_seed27182.csv,validation_only,platt_fixed_0p5,0.5,0.6613884117759659,0.43087981865722735,0.0,0.0,0.0,0.5,0.161521337325278,0.06096950180861557
28,default_credit_card_clients,scheduler,0.5,27182,2.0,results/predictions/default_credit_ha_dp_fedavg_noniid_alpha0p5_EPS_scheduler_eps2p0_back_loaded_seed27182.csv,validation_only,platt_validation_f1,0.2955202885962633,0.6613884117759659,0.43087981865722735,0.42176296921130324,0.4789272030651341,0.37678975131876413,0.63018815620721,0.161521337325278,0.06096950180861557
29,default_credit_card_clients,full_ha_dp,0.5,27182,2.0,results/predictions/default_credit_ha_dp_fedavg_noniid_alpha0p5_EPS_full_ha_dp_eps2p0_back_loaded_seed27182.csv,validation_only,raw_fixed_0p5,0.5,0.6635082875200107,0.4347509504990369,0.0,0.0,0.0,0.5,0.21601530826396198,0.21418177452583934
29,default_credit_card_clients,full_ha_dp,0.5,27182,2.0,results/predictions/default_credit_ha_dp_fedavg_noniid_alpha0p5_EPS_full_ha_dp_eps2p0_back_loaded_seed27182.csv,validation_only,raw_validation_f1,0.0107591640777956,0.6635082875200107,0.4347509504990369,0.4279147513581279,0.4803001876172608,0.3858327053504145,0.6336396567625173,0.21601530826396198,0.21418177452583934
29,default_credit_card_clients,full_ha_dp,0.5,27182,2.0,results/predictions/default_credit_ha_dp_fedavg_noniid_alpha0p5_EPS_full_ha_dp_eps2p0_back_loaded_seed27182.csv,validation_only,platt_fixed_0p5,0.5,0.6635087713074082,0.4347509504990369,0.0,0.0,0.0,0.5,0.16082281823059325,0.061067259318519994
29,default_credit_card_clients,full_ha_dp,0.5,27182,2.0,results/predictions/default_credit_ha_dp_fedavg_noniid_alpha0p5_EPS_full_ha_dp_eps2p0_back_loaded_seed27182.csv,validation_only,platt_validation_f1,0.2959227528428969,0.6635087713074082,0.4347509504990369,0.4279147513581279,0.4803001876172608,0.3858327053504145,0.6336396567625173,0.16082281823059325,0.061067259318519994
30,default_credit_card_clients,dp_uniform,0.5,42,3.0,results/predictions/default_credit_ha_dp_fedavg_noniid_alpha0p5_EPS_dp_uniform_eps3p0_uniform_seed42.csv,validation_only,raw_fixed_0p5,0.5,0.6442382291704126,0.4137909837153708,0.0,0.0,0.0,0.5,0.21522254008933828,0.21341983356465583
30,default_credit_card_clients,dp_uniform,0.5,42,3.0,results/predictions/default_credit_ha_dp_fedavg_noniid_alpha0p5_EPS_dp_uniform_eps3p0_uniform_seed42.csv,validation_only,raw_validation_f1,0.0118758167050273,0.6442382291704126,0.4137909837153708,0.43002207505518764,0.5191897654584222,0.36699321778447624,0.6352406705228822,0.21522254008933828,0.21341983356465583
30,default_credit_card_clients,dp_uniform,0.5,42,3.0,results/predictions/default_credit_ha_dp_fedavg_noniid_alpha0p5_EPS_dp_uniform_eps3p0_uniform_seed42.csv,validation_only,platt_fixed_0p5,0.5,0.6442382291704126,0.4137909837153708,0.0,0.0,0.0,0.5,0.16322629862643676,0.0706713002341688
30,default_credit_card_clients,dp_uniform,0.5,42,3.0,results/predictions/default_credit_ha_dp_fedavg_noniid_alpha0p5_EPS_dp_uniform_eps3p0_uniform_seed42.csv,validation_only,platt_validation_f1,0.2910614156802962,0.6442382291704126,0.4137909837153708,0.43002207505518764,0.5191897654584222,0.36699321778447624,0.6352406705228822,0.16322629862643676,0.0706713002341688
31,default_credit_card_clients,scheduler,0.5,42,3.0,results/predictions/default_credit_ha_dp_fedavg_noniid_alpha0p5_EPS_scheduler_eps3p0_back_loaded_seed42.csv,validation_only,raw_fixed_0p5,0.5,0.6494990139606529,0.42222932715879413,0.0,0.0,0.0,0.5,0.21566760119595407,0.21411971457579557
31,default_credit_card_clients,scheduler,0.5,42,3.0,results/predictions/default_credit_ha_dp_fedavg_noniid_alpha0p5_EPS_scheduler_eps3p0_back_loaded_seed42.csv,validation_only,raw_validation_f1,0.0111246618955439,0.6494990139606529,0.42222932715879413,0.4339536995006809,0.545662100456621,0.3602110022607385,0.6375204380017581,0.21566760119595407,0.21411971457579557
31,default_credit_card_clients,scheduler,0.5,42,3.0,results/predictions/default_credit_ha_dp_fedavg_noniid_alpha0p5_EPS_scheduler_eps3p0_back_loaded_seed42.csv,validation_only,platt_fixed_0p5,0.5,0.6494990139606529,0.42222932715879413,0.0,0.0,0.0,0.5,0.1623571033936358,0.07176521557001363
31,default_credit_card_clients,scheduler,0.5,42,3.0,results/predictions/default_credit_ha_dp_fedavg_noniid_alpha0p5_EPS_scheduler_eps3p0_back_loaded_seed42.csv,validation_only,platt_validation_f1,0.29595439983000565,0.6494990139606529,0.42222932715879413,0.4339536995006809,0.545662100456621,0.3602110022607385,0.6375204380017581,0.1623571033936358,0.07176521557001363
32,default_credit_card_clients,full_ha_dp,0.5,42,3.0,results/predictions/default_credit_ha_dp_fedavg_noniid_alpha0p5_EPS_full_ha_dp_eps3p0_back_loaded_seed42.csv,validation_only,raw_fixed_0p5,0.5,0.6683874446849585,0.4484852017957106,0.0,0.0,0.0,0.5,0.19675323547833215,0.18753577505968833
32,default_credit_card_clients,full_ha_dp,0.5,42,3.0,results/predictions/default_credit_ha_dp_fedavg_noniid_alpha0p5_EPS_full_ha_dp_eps3p0_back_loaded_seed42.csv,validation_only,raw_validation_f1,0.0465213795727478,0.6683874446849585,0.4484852017957106,0.46328157784305496,0.5227272727272727,0.4159758854559156,0.6540611291178572,0.19675323547833215,0.18753577505968833
32,default_credit_card_clients,full_ha_dp,0.5,42,3.0,results/predictions/default_credit_ha_dp_fedavg_noniid_alpha0p5_EPS_full_ha_dp_eps3p0_back_loaded_seed42.csv,validation_only,platt_fixed_0p5,0.5,0.6683874446849585,0.4484852017957106,0.0030097817908201654,1.0,0.0015071590052750565,0.5007535795026375,0.1587837100689476,0.07487796751006401
32,default_credit_card_clients,full_ha_dp,0.5,42,3.0,results/predictions/default_credit_ha_dp_fedavg_noniid_alpha0p5_EPS_full_ha_dp_eps3p0_back_loaded_seed42.csv,validation_only,platt_validation_f1,0.29394617394682393,0.6683874446849585,0.4484852017957106,0.46328157784305496,0.5227272727272727,0.4159758854559156,0.6540611291178572,0.1587837100689476,0.07487796751006401
33,default_credit_card_clients,dp_uniform,0.5,123,3.0,results/predictions/default_credit_ha_dp_fedavg_noniid_alpha0p5_EPS_dp_uniform_eps3p0_uniform_seed123.csv,validation_only,raw_fixed_0p5,0.5,0.6597579676155942,0.43850971046501475,0.0,0.0,0.0,0.5,0.2146148683132914,0.21262667755589576
33,default_credit_card_clients,dp_uniform,0.5,123,3.0,results/predictions/default_credit_ha_dp_fedavg_noniid_alpha0p5_EPS_dp_uniform_eps3p0_uniform_seed123.csv,validation_only,raw_validation_f1,0.0154049613107249,0.6597579676155942,0.43850971046501475,0.42676649508656994,0.562962962962963,0.3436322532027129,0.6339389598990239,0.2146148683132914,0.21262667755589576
33,default_credit_card_clients,dp_uniform,0.5,123,3.0,results/predictions/default_credit_ha_dp_fedavg_noniid_alpha0p5_EPS_dp_uniform_eps3p0_uniform_seed123.csv,validation_only,platt_fixed_0p5,0.5,0.659757967615594,0.4385097104650147,0.025222551928783383,0.8095238095238095,0.01281085154483798,0.5059774351882118,0.16007294323161164,0.06096164090233874
33,default_credit_card_clients,dp_uniform,0.5,123,3.0,results/predictions/default_credit_ha_dp_fedavg_noniid_alpha0p5_EPS_dp_uniform_eps3p0_uniform_seed123.csv,validation_only,platt_validation_f1,0.32024671054813575,0.659757967615594,0.4385097104650147,0.42676649508656994,0.562962962962963,0.3436322532027129,0.6339389598990239,0.16007294323161164,0.06096164090233874
34,default_credit_card_clients,scheduler,0.5,123,3.0,results/predictions/default_credit_ha_dp_fedavg_noniid_alpha0p5_EPS_scheduler_eps3p0_back_loaded_seed123.csv,validation_only,raw_fixed_0p5,0.5,0.6668299717903567,0.4472883998312503,0.0,0.0,0.0,0.5,0.21498017676595318,0.21320862464145418
34,default_credit_card_clients,scheduler,0.5,123,3.0,results/predictions/default_credit_ha_dp_fedavg_noniid_alpha0p5_EPS_scheduler_eps3p0_back_loaded_seed123.csv,validation_only,raw_validation_f1,0.0134756645502076,0.6668299717903567,0.4472883998312503,0.43577981651376146,0.5568581477139508,0.3579502637528259,0.6385300216688375,0.21498017676595318,0.21320862464145418
34,default_credit_card_clients,scheduler,0.5,123,3.0,results/predictions/default_credit_ha_dp_fedavg_noniid_alpha0p5_EPS_scheduler_eps3p0_back_loaded_seed123.csv,validation_only,platt_fixed_0p5,0.5,0.6668299717903567,0.44728839983125024,0.04661325564457393,0.6956521739130435,0.024114544084400905,0.5105593049974755,0.15857432282322906,0.0638092341797224
34,default_credit_card_clients,scheduler,0.5,123,3.0,results/predictions/default_credit_ha_dp_fedavg_noniid_alpha0p5_EPS_scheduler_eps3p0_back_loaded_seed123.csv,validation_only,platt_validation_f1,0.3193173423198975,0.6668299717903567,0.44728839983125024,0.43577981651376146,0.5568581477139508,0.3579502637528259,0.6385300216688375,0.15857432282322906,0.0638092341797224
35,default_credit_card_clients,full_ha_dp,0.5,123,3.0,results/predictions/default_credit_ha_dp_fedavg_noniid_alpha0p5_EPS_full_ha_dp_eps3p0_back_loaded_seed123.csv,validation_only,raw_fixed_0p5,0.5,0.6668653689015978,0.44565986702029314,0.0,0.0,0.0,0.5,0.21432401020738773,0.21216823403865456
35,default_credit_card_clients,full_ha_dp,0.5,123,3.0,results/predictions/default_credit_ha_dp_fedavg_noniid_alpha0p5_EPS_full_ha_dp_eps3p0_back_loaded_seed123.csv,validation_only,raw_validation_f1,0.015077721657077,0.6668653689015978,0.44565986702029314,0.4311594202898551,0.5402951191827469,0.35870384325546345,0.636017874976758,0.21432401020738773,0.21216823403865456
35,default_credit_card_clients,full_ha_dp,0.5,123,3.0,results/predictions/default_credit_ha_dp_fedavg_noniid_alpha0p5_EPS_full_ha_dp_eps3p0_back_loaded_seed123.csv,validation_only,platt_fixed_0p5,0.5,0.6668653689015978,0.44565986702029314,0.04661325564457393,0.6956521739130435,0.024114544084400905,0.5105593049974755,0.15877436304172507,0.06120788439450211
35,default_credit_card_clients,full_ha_dp,0.5,123,3.0,results/predictions/default_credit_ha_dp_fedavg_noniid_alpha0p5_EPS_full_ha_dp_eps3p0_back_loaded_seed123.csv,validation_only,platt_validation_f1,0.3169155042857227,0.6668653689015978,0.44565986702029314,0.4311594202898551,0.5402951191827469,0.35870384325546345,0.636017874976758,0.15877436304172507,0.06120788439450211
36,default_credit_card_clients,dp_uniform,0.5,2026,3.0,results/predictions/default_credit_ha_dp_fedavg_noniid_alpha0p5_EPS_dp_uniform_eps3p0_uniform_seed2026.csv,validation_only,raw_fixed_0p5,0.5,0.6583306335308852,0.42161655119202884,0.0,0.0,0.0,0.5,0.2196298501575643,0.21912093611553088
36,default_credit_card_clients,dp_uniform,0.5,2026,3.0,results/predictions/default_credit_ha_dp_fedavg_noniid_alpha0p5_EPS_dp_uniform_eps3p0_uniform_seed2026.csv,validation_only,raw_validation_f1,0.0033886093570104,0.6583306335308852,0.42161655119202884,0.4245038826574633,0.496468213925328,0.3707611152976639,0.6319887322689903,0.2196298501575643,0.21912093611553088
36,default_credit_card_clients,dp_uniform,0.5,2026,3.0,results/predictions/default_credit_ha_dp_fedavg_noniid_alpha0p5_EPS_dp_uniform_eps3p0_uniform_seed2026.csv,validation_only,platt_fixed_0p5,0.5,0.6583324074180089,0.42161657295341765,0.0,0.0,0.0,0.5,0.1633514130081377,0.06893172642470241
36,default_credit_card_clients,dp_uniform,0.5,2026,3.0,results/predictions/default_credit_ha_dp_fedavg_noniid_alpha0p5_EPS_dp_uniform_eps3p0_uniform_seed2026.csv,validation_only,platt_validation_f1,0.29216104734002596,0.6583324074180089,0.42161657295341765,0.4245038826574633,0.496468213925328,0.3707611152976639,0.6319887322689903,0.1633514130081377,0.06893172642470241
37,default_credit_card_clients,scheduler,0.5,2026,3.0,results/predictions/default_credit_ha_dp_fedavg_noniid_alpha0p5_EPS_scheduler_eps3p0_back_loaded_seed2026.csv,validation_only,raw_fixed_0p5,0.5,0.6774487826377088,0.4439585702752473,0.0,0.0,0.0,0.5,0.21962164132492337,0.2192072569296186
37,default_credit_card_clients,scheduler,0.5,2026,3.0,results/predictions/default_credit_ha_dp_fedavg_noniid_alpha0p5_EPS_scheduler_eps3p0_back_loaded_seed2026.csv,validation_only,raw_validation_f1,0.0034661036266376,0.6774487826377088,0.4439585702752473,0.4532967032967033,0.5775962660443408,0.3730218538055765,0.6477777790320414,0.21962164132492337,0.2192072569296186
37,default_credit_card_clients,scheduler,0.5,2026,3.0,results/predictions/default_credit_ha_dp_fedavg_noniid_alpha0p5_EPS_scheduler_eps3p0_back_loaded_seed2026.csv,validation_only,platt_fixed_0p5,0.5,0.6774496695812707,0.44395853143614317,0.0,0.0,0.0,0.5,0.15967022654198926,0.06855686422089044
37,default_credit_card_clients,scheduler,0.5,2026,3.0,results/predictions/default_credit_ha_dp_fedavg_noniid_alpha0p5_EPS_scheduler_eps3p0_back_loaded_seed2026.csv,validation_only,platt_validation_f1,0.3147638992318309,0.6774496695812707,0.44395853143614317,0.4532967032967033,0.5775962660443408,0.3730218538055765,0.6477777790320414,0.15967022654198926,0.06855686422089044
38,default_credit_card_clients,full_ha_dp,0.5,2026,3.0,results/predictions/default_credit_ha_dp_fedavg_noniid_alpha0p5_EPS_full_ha_dp_eps3p0_back_loaded_seed2026.csv,validation_only,raw_fixed_0p5,0.5,0.708030112862762,0.48359739884730174,0.022271714922048998,0.75,0.011303692539562924,0.5051168580395226,0.19038719322103448,0.18340657720009731
38,default_credit_card_clients,full_ha_dp,0.5,2026,3.0,results/predictions/default_credit_ha_dp_fedavg_noniid_alpha0p5_EPS_full_ha_dp_eps3p0_back_loaded_seed2026.csv,validation_only,raw_validation_f1,0.0371248369844026,0.708030112862762,0.48359739884730174,0.505564387917329,0.5349032800672834,0.47927656367746796,0.6804685835720958,0.19038719322103448,0.18340657720009731
38,default_credit_card_clients,full_ha_dp,0.5,2026,3.0,results/predictions/default_credit_ha_dp_fedavg_noniid_alpha0p5_EPS_full_ha_dp_eps3p0_back_loaded_seed2026.csv,validation_only,platt_fixed_0p5,0.5,0.708030112862762,0.48359739884730174,0.24010056568196103,0.7234848484848485,0.1439336850037679,0.5641560143401035,0.14985830208429407,0.06454875698890511
38,default_credit_card_clients,full_ha_dp,0.5,2026,3.0,results/predictions/default_credit_ha_dp_fedavg_noniid_alpha0p5_EPS_full_ha_dp_eps3p0_back_loaded_seed2026.csv,validation_only,platt_validation_f1,0.28509550339775613,0.708030112862762,0.48359739884730174,0.505564387917329,0.5349032800672834,0.47927656367746796,0.6804685835720958,0.14985830208429407,0.06454875698890511
39,default_credit_card_clients,dp_uniform,0.5,31415,3.0,results/predictions/default_credit_ha_dp_fedavg_noniid_alpha0p5_EPS_dp_uniform_eps3p0_uniform_seed31415.csv,validation_only,raw_fixed_0p5,0.5,0.677244301831087,0.4544179081348587,0.0,0.0,0.0,0.5,0.21904583496082153,0.21871213824653715
39,default_credit_card_clients,dp_uniform,0.5,31415,3.0,results/predictions/default_credit_ha_dp_fedavg_noniid_alpha0p5_EPS_dp_uniform_eps3p0_uniform_seed31415.csv,validation_only,raw_validation_f1,0.0033721866789923,0.677244301831087,0.4544179081348587,0.4439083232810615,0.47586206896551725,0.4159758854559156,0.6429333739284714,0.21904583496082153,0.21871213824653715
39,default_credit_card_clients,dp_uniform,0.5,31415,3.0,results/predictions/default_credit_ha_dp_fedavg_noniid_alpha0p5_EPS_dp_uniform_eps3p0_uniform_seed31415.csv,validation_only,platt_fixed_0p5,0.5,0.6772454306683475,0.45441725797495264,0.0015048908954100827,0.5,0.0007535795026375283,0.500269792105267,0.15936036007639212,0.06593393661247819
39,default_credit_card_clients,dp_uniform,0.5,31415,3.0,results/predictions/default_credit_ha_dp_fedavg_noniid_alpha0p5_EPS_dp_uniform_eps3p0_uniform_seed31415.csv,validation_only,platt_validation_f1,0.2888332010832804,0.6772454306683475,0.45441725797495264,0.4439083232810615,0.47586206896551725,0.4159758854559156,0.6429333739284714,0.15936036007639212,0.06593393661247819
40,default_credit_card_clients,scheduler,0.5,31415,3.0,results/predictions/default_credit_ha_dp_fedavg_noniid_alpha0p5_EPS_scheduler_eps3p0_back_loaded_seed31415.csv,validation_only,raw_fixed_0p5,0.5,0.6896451435566533,0.46917183006549523,0.0,0.0,0.0,0.5,0.21929156399627064,0.2190162316715222
40,default_credit_card_clients,scheduler,0.5,31415,3.0,results/predictions/default_credit_ha_dp_fedavg_noniid_alpha0p5_EPS_scheduler_eps3p0_back_loaded_seed31415.csv,validation_only,raw_validation_f1,0.0035169485337021,0.6896451435566533,0.46917183006549523,0.45271178843567905,0.5586283185840708,0.38055764883195176,0.6475867636413128,0.21929156399627064,0.2190162316715222
40,default_credit_card_clients,scheduler,0.5,31415,3.0,results/predictions/default_credit_ha_dp_fedavg_noniid_alpha0p5_EPS_scheduler_eps3p0_back_loaded_seed31415.csv,validation_only,platt_fixed_0p5,0.5,0.6896463530251469,0.469171329448126,0.013452914798206279,0.8181818181818182,0.006782215523737754,0.5031771124697653,0.15690029524321691,0.059703583583815764
40,default_credit_card_clients,scheduler,0.5,31415,3.0,results/predictions/default_credit_ha_dp_fedavg_noniid_alpha0p5_EPS_scheduler_eps3p0_back_loaded_seed31415.csv,validation_only,platt_validation_f1,0.31031711906538006,0.6896463530251469,0.469171329448126,0.45271178843567905,0.5586283185840708,0.38055764883195176,0.6475867636413128,0.15690029524321691,0.059703583583815764
41,default_credit_card_clients,full_ha_dp,0.5,31415,3.0,results/predictions/default_credit_ha_dp_fedavg_noniid_alpha0p5_EPS_full_ha_dp_eps3p0_back_loaded_seed31415.csv,validation_only,raw_fixed_0p5,0.5,0.6748338311236881,0.4513556438939751,0.0,0.0,0.0,0.5,0.20733601800452625,0.20097913333169404
41,default_credit_card_clients,full_ha_dp,0.5,31415,3.0,results/predictions/default_credit_ha_dp_fedavg_noniid_alpha0p5_EPS_full_ha_dp_eps3p0_back_loaded_seed31415.csv,validation_only,raw_validation_f1,0.0324986001386734,0.6748338311236881,0.4513556438939751,0.45022717885171415,0.49817184643510054,0.4107008289374529,0.6466087067862955,0.20733601800452625,0.20097913333169404
41,default_credit_card_clients,full_ha_dp,0.5,31415,3.0,results/predictions/default_credit_ha_dp_fedavg_noniid_alpha0p5_EPS_full_ha_dp_eps3p0_back_loaded_seed31415.csv,validation_only,platt_fixed_0p5,0.5,0.6748338311236881,0.4513556438939751,0.0,0.0,0.0,0.5,0.16024936473177684,0.06852410464330463
41,default_credit_card_clients,full_ha_dp,0.5,31415,3.0,results/predictions/default_credit_ha_dp_fedavg_noniid_alpha0p5_EPS_full_ha_dp_eps3p0_back_loaded_seed31415.csv,validation_only,platt_validation_f1,0.2944381863471996,0.6748338311236881,0.4513556438939751,0.45022717885171415,0.49817184643510054,0.4107008289374529,0.6466087067862955,0.16024936473177684,0.06852410464330463
42,default_credit_card_clients,dp_uniform,0.5,27182,3.0,results/predictions/default_credit_ha_dp_fedavg_noniid_alpha0p5_EPS_dp_uniform_eps3p0_uniform_seed27182.csv,validation_only,raw_fixed_0p5,0.5,0.6645846338479272,0.4356324272672727,0.0,0.0,0.0,0.5,0.21794893743786187,0.21703163828338073
42,default_credit_card_clients,dp_uniform,0.5,27182,3.0,results/predictions/default_credit_ha_dp_fedavg_noniid_alpha0p5_EPS_dp_uniform_eps3p0_uniform_seed27182.csv,validation_only,raw_validation_f1,0.0064753944726308,0.6645846338479272,0.4356324272672727,0.42263180454350624,0.4900596421471173,0.3715146948003014,0.630867554975584,0.21794893743786187,0.21703163828338073
42,default_credit_card_clients,dp_uniform,0.5,27182,3.0,results/predictions/default_credit_ha_dp_fedavg_noniid_alpha0p5_EPS_dp_uniform_eps3p0_uniform_seed27182.csv,validation_only,platt_fixed_0p5,0.5,0.664586327103818,0.43563250107677265,0.0015060240963855422,1.0,0.0007535795026375283,0.5003767897513187,0.1608909840771004,0.05793893115559867
42,default_credit_card_clients,dp_uniform,0.5,27182,3.0,results/predictions/default_credit_ha_dp_fedavg_noniid_alpha0p5_EPS_dp_uniform_eps3p0_uniform_seed27182.csv,validation_only,platt_validation_f1,0.29728940588515423,0.664586327103818,0.43563250107677265,0.42263180454350624,0.4900596421471173,0.3715146948003014,0.630867554975584,0.1608909840771004,0.05793893115559867
43,default_credit_card_clients,scheduler,0.5,27182,3.0,results/predictions/default_credit_ha_dp_fedavg_noniid_alpha0p5_EPS_scheduler_eps3p0_back_loaded_seed27182.csv,validation_only,raw_fixed_0p5,0.5,0.6727025057445722,0.4473109893275955,0.0,0.0,0.0,0.5,0.21803513885000408,0.21721855897857975
43,default_credit_card_clients,scheduler,0.5,27182,3.0,results/predictions/default_credit_ha_dp_fedavg_noniid_alpha0p5_EPS_scheduler_eps3p0_back_loaded_seed27182.csv,validation_only,raw_validation_f1,0.0056586796362082,0.6727025057445722,0.4473109893275955,0.4420529801324503,0.4903581267217631,0.4024114544084401,0.6418220336454783,0.21803513885000408,0.21721855897857975
43,default_credit_card_clients,scheduler,0.5,27182,3.0,results/predictions/default_credit_ha_dp_fedavg_noniid_alpha0p5_EPS_scheduler_eps3p0_back_loaded_seed27182.csv,validation_only,platt_fixed_0p5,0.5,0.672703473319367,0.4473109893275955,0.00749063670411985,0.625,0.0037678975131876413,0.5015629558184385,0.15915091661998507,0.06061831046534388
43,default_credit_card_clients,scheduler,0.5,27182,3.0,results/predictions/default_credit_ha_dp_fedavg_noniid_alpha0p5_EPS_scheduler_eps3p0_back_loaded_seed27182.csv,validation_only,platt_validation_f1,0.295654264076093,0.672703473319367,0.4473109893275955,0.4420529801324503,0.4903581267217631,0.4024114544084401,0.6418220336454783,0.15915091661998507,0.06061831046534388
44,default_credit_card_clients,full_ha_dp,0.5,27182,3.0,results/predictions/default_credit_ha_dp_fedavg_noniid_alpha0p5_EPS_full_ha_dp_eps3p0_back_loaded_seed27182.csv,validation_only,raw_fixed_0p5,0.5,0.6751268450240289,0.4513432244623018,0.0,0.0,0.0,0.5,0.2153903611957974,0.21390988616625023
44,default_credit_card_clients,full_ha_dp,0.5,27182,3.0,results/predictions/default_credit_ha_dp_fedavg_noniid_alpha0p5_EPS_full_ha_dp_eps3p0_back_loaded_seed27182.csv,validation_only,raw_validation_f1,0.0094622973788246,0.6751268450240289,0.4513432244623018,0.44726407613005553,0.4719665271966527,0.4250188394875659,0.6449939050851055,0.2153903611957974,0.21390988616625023
44,default_credit_card_clients,full_ha_dp,0.5,27182,3.0,results/predictions/default_credit_ha_dp_fedavg_noniid_alpha0p5_EPS_full_ha_dp_eps3p0_back_loaded_seed27182.csv,validation_only,platt_fixed_0p5,0.5,0.6751273288114262,0.45134322446230174,0.01195814648729447,0.7272727272727273,0.006028636021100226,0.5026933250723947,0.15815707140558177,0.06246088502822257
44,default_credit_card_clients,full_ha_dp,0.5,27182,3.0,results/predictions/default_credit_ha_dp_fedavg_noniid_alpha0p5_EPS_full_ha_dp_eps3p0_back_loaded_seed27182.csv,validation_only,platt_validation_f1,0.28988294771329043,0.6751273288114262,0.45134322446230174,0.44726407613005553,0.4719665271966527,0.4250188394875659,0.6449939050851055,0.15815707140558177,0.06246088502822257
45,default_credit_card_clients,dp_uniform,0.5,42,5.0,results/predictions/default_credit_ha_dp_fedavg_noniid_alpha0p5_EPS_dp_uniform_eps5p0_uniform_seed42.csv,validation_only,raw_fixed_0p5,0.5,0.6579482802244967,0.43342123886792416,0.0,0.0,0.0,0.5,0.21539374990034996,0.2141410395966196
45,default_credit_card_clients,dp_uniform,0.5,42,5.0,results/predictions/default_credit_ha_dp_fedavg_noniid_alpha0p5_EPS_dp_uniform_eps5p0_uniform_seed42.csv,validation_only,raw_validation_f1,0.0091423219209454,0.6579482802244967,0.43342123886792416,0.44342762063227953,0.4948932219127205,0.40165787490580257,0.6426222180007293,0.21539374990034996,0.2141410395966196
45,default_credit_card_clients,dp_uniform,0.5,42,5.0,results/predictions/default_credit_ha_dp_fedavg_noniid_alpha0p5_EPS_dp_uniform_eps5p0_uniform_seed42.csv,validation_only,platt_fixed_0p5,0.5,0.6579482802244967,0.43342123886792416,0.0,0.0,0.0,0.5,0.16140631939620198,0.07377410218273216
45,default_credit_card_clients,dp_uniform,0.5,42,5.0,results/predictions/default_credit_ha_dp_fedavg_noniid_alpha0p5_EPS_dp_uniform_eps5p0_uniform_seed42.csv,validation_only,platt_validation_f1,0.2858153956922614,0.6579482802244967,0.43342123886792416,0.44342762063227953,0.4948932219127205,0.40165787490580257,0.6426222180007293,0.16140631939620198,0.07377410218273216
46,default_credit_card_clients,scheduler,0.5,42,5.0,results/predictions/default_credit_ha_dp_fedavg_noniid_alpha0p5_EPS_scheduler_eps5p0_back_loaded_seed42.csv,validation_only,raw_fixed_0p5,0.5,0.6616424807908182,0.43983635845627206,0.0,0.0,0.0,0.5,0.21595722660719563,0.21489105259424585
46,default_credit_card_clients,scheduler,0.5,42,5.0,results/predictions/default_credit_ha_dp_fedavg_noniid_alpha0p5_EPS_scheduler_eps5p0_back_loaded_seed42.csv,validation_only,raw_validation_f1,0.0097465753171376,0.6616424807908182,0.43983635845627206,0.44505494505494503,0.5670945157526255,0.36623963828183875,0.6434236924557064,0.21595722660719563,0.21489105259424585
46,default_credit_card_clients,scheduler,0.5,42,5.0,results/predictions/default_credit_ha_dp_fedavg_noniid_alpha0p5_EPS_scheduler_eps5p0_back_loaded_seed42.csv,validation_only,platt_fixed_0p5,0.5,0.6616424807908182,0.4398363584562721,0.0,0.0,0.0,0.5,0.16071385968232624,0.0737842260499783
46,default_credit_card_clients,scheduler,0.5,42,5.0,results/predictions/default_credit_ha_dp_fedavg_noniid_alpha0p5_EPS_scheduler_eps5p0_back_loaded_seed42.csv,validation_only,platt_validation_f1,0.3001724073584589,0.6616424807908182,0.4398363584562721,0.44505494505494503,0.5670945157526255,0.36623963828183875,0.6434236924557064,0.16071385968232624,0.0737842260499783
47,default_credit_card_clients,full_ha_dp,0.5,42,5.0,results/predictions/default_credit_ha_dp_fedavg_noniid_alpha0p5_EPS_full_ha_dp_eps5p0_back_loaded_seed42.csv,validation_only,raw_fixed_0p5,0.5,0.6727251631210156,0.45134111600681326,0.0,0.0,0.0,0.5,0.19988205202350084,0.19301804127905822
47,default_credit_card_clients,full_ha_dp,0.5,42,5.0,results/predictions/default_credit_ha_dp_fedavg_noniid_alpha0p5_EPS_full_ha_dp_eps5p0_back_loaded_seed42.csv,validation_only,raw_validation_f1,0.0377840514919191,0.6727251631210156,0.45134111600681326,0.4689194826866917,0.525233644859813,0.4235116804822909,0.6574010360468378,0.19988205202350084,0.19301804127905822
47,default_credit_card_clients,full_ha_dp,0.5,42,5.0,results/predictions/default_credit_ha_dp_fedavg_noniid_alpha0p5_EPS_full_ha_dp_eps5p0_back_loaded_seed42.csv,validation_only,platt_fixed_0p5,0.5,0.6727251631210156,0.45134111600681326,0.0,0.0,0.0,0.5,0.15864034230626664,0.07518557553765619
47,default_credit_card_clients,full_ha_dp,0.5,42,5.0,results/predictions/default_credit_ha_dp_fedavg_noniid_alpha0p5_EPS_full_ha_dp_eps5p0_back_loaded_seed42.csv,validation_only,platt_validation_f1,0.2922949539633972,0.6727251631210156,0.45134111600681326,0.4689194826866917,0.525233644859813,0.4235116804822909,0.6574010360468378,0.15864034230626664,0.07518557553765619
48,default_credit_card_clients,dp_uniform,0.5,123,5.0,results/predictions/default_credit_ha_dp_fedavg_noniid_alpha0p5_EPS_dp_uniform_eps5p0_uniform_seed123.csv,validation_only,raw_fixed_0p5,0.5,0.6728093421281582,0.45614871544557306,0.0,0.0,0.0,0.5,0.21407292723248256,0.21264083079943696
48,default_credit_card_clients,dp_uniform,0.5,123,5.0,results/predictions/default_credit_ha_dp_fedavg_noniid_alpha0p5_EPS_dp_uniform_eps5p0_uniform_seed123.csv,validation_only,raw_validation_f1,0.013084742687208,0.6728093421281582,0.45614871544557306,0.448,0.5460455037919827,0.37980406932931426,0.6450700209689585,0.21407292723248256,0.21264083079943696
48,default_credit_card_clients,dp_uniform,0.5,123,5.0,results/predictions/default_credit_ha_dp_fedavg_noniid_alpha0p5_EPS_dp_uniform_eps5p0_uniform_seed123.csv,validation_only,platt_fixed_0p5,0.5,0.6728093421281582,0.45614871544557306,0.0811965811965812,0.7402597402597403,0.04295403165033911,0.5193370629041338,0.15721526764542096,0.06228863140600562
48,default_credit_card_clients,dp_uniform,0.5,123,5.0,results/predictions/default_credit_ha_dp_fedavg_noniid_alpha0p5_EPS_dp_uniform_eps5p0_uniform_seed123.csv,validation_only,platt_validation_f1,0.31389309303470403,0.6728093421281582,0.45614871544557306,0.448,0.5460455037919827,0.37980406932931426,0.6450700209689585,0.15721526764542096,0.06228863140600562
49,default_credit_card_clients,scheduler,0.5,123,5.0,results/predictions/default_credit_ha_dp_fedavg_noniid_alpha0p5_EPS_scheduler_eps5p0_back_loaded_seed123.csv,validation_only,raw_fixed_0p5,0.5,0.6802349142591658,0.4638921056431188,0.0,0.0,0.0,0.5,0.21462639292367386,0.2133754389121915
49,default_credit_card_clients,scheduler,0.5,123,5.0,results/predictions/default_credit_ha_dp_fedavg_noniid_alpha0p5_EPS_scheduler_eps5p0_back_loaded_seed123.csv,validation_only,raw_validation_f1,0.0113850611389253,0.6802349142591658,0.4638921056431188,0.4614019520851819,0.5609492988133765,0.3918613413715147,0.65238262874268,0.21462639292367386,0.2133754389121915
49,default_credit_card_clients,scheduler,0.5,123,5.0,results/predictions/default_credit_ha_dp_fedavg_noniid_alpha0p5_EPS_scheduler_eps5p0_back_loaded_seed123.csv,validation_only,platt_fixed_0p5,0.5,0.6802344304717685,0.4638918831242047,0.11952744961779013,0.7678571428571429,0.06480783722682742,0.5296219798160673,0.15561360056723614,0.060794121381960456
49,default_credit_card_clients,scheduler,0.5,123,5.0,results/predictions/default_credit_ha_dp_fedavg_noniid_alpha0p5_EPS_scheduler_eps5p0_back_loaded_seed123.csv,validation_only,platt_validation_f1,0.31238073279308176,0.6802344304717685,0.4638918831242047,0.4614019520851819,0.5609492988133765,0.3918613413715147,0.65238262874268,0.15561360056723614,0.060794121381960456
50,default_credit_card_clients,full_ha_dp,0.5,123,5.0,results/predictions/default_credit_ha_dp_fedavg_noniid_alpha0p5_EPS_full_ha_dp_eps5p0_back_loaded_seed123.csv,validation_only,raw_fixed_0p5,0.5,0.6791658247422099,0.46156767180582176,0.0,0.0,0.0,0.5,0.21396265273736503,0.21236208569798518
50,default_credit_card_clients,full_ha_dp,0.5,123,5.0,results/predictions/default_credit_ha_dp_fedavg_noniid_alpha0p5_EPS_full_ha_dp_eps5p0_back_loaded_seed123.csv,validation_only,raw_validation_f1,0.0131628459771719,0.6791658247422099,0.46156767180582176,0.45474613686534215,0.5490405117270789,0.38809344385832706,0.6487867176492577,0.21396265273736503,0.21236208569798518
50,default_credit_card_clients,full_ha_dp,0.5,123,5.0,results/predictions/default_credit_ha_dp_fedavg_noniid_alpha0p5_EPS_full_ha_dp_eps5p0_back_loaded_seed123.csv,validation_only,platt_fixed_0p5,0.5,0.6791658247422099,0.4615676718058218,0.10666666666666667,0.7755102040816326,0.05727204220045215,0.5262820728870867,0.15599681422487283,0.05900345757982114
50,default_credit_card_clients,full_ha_dp,0.5,123,5.0,results/predictions/default_credit_ha_dp_fedavg_noniid_alpha0p5_EPS_full_ha_dp_eps5p0_back_loaded_seed123.csv,validation_only,platt_validation_f1,0.31289363871529335,0.6791658247422099,0.4615676718058218,0.45474613686534215,0.5490405117270789,0.38809344385832706,0.6487867176492577,0.15599681422487283,0.05900345757982114
51,default_credit_card_clients,dp_uniform,0.5,2026,5.0,results/predictions/default_credit_ha_dp_fedavg_noniid_alpha0p5_EPS_dp_uniform_eps5p0_uniform_seed2026.csv,validation_only,raw_fixed_0p5,0.5,0.6736215405371104,0.4405915978523035,0.0,0.0,0.0,0.5,0.21953938677857002,0.21917950163109168
51,default_credit_card_clients,dp_uniform,0.5,2026,5.0,results/predictions/default_credit_ha_dp_fedavg_noniid_alpha0p5_EPS_dp_uniform_eps5p0_uniform_seed2026.csv,validation_only,raw_validation_f1,0.0025985430893969,0.6736215405371104,0.4405915978523035,0.44280155642023344,0.4577634754625905,0.4287867370007536,0.6422769550614724,0.21953938677857002,0.21917950163109168
51,default_credit_card_clients,dp_uniform,0.5,2026,5.0,results/predictions/default_credit_ha_dp_fedavg_noniid_alpha0p5_EPS_dp_uniform_eps5p0_uniform_seed2026.csv,validation_only,platt_fixed_0p5,0.5,0.6736204116998499,0.44059120527174855,0.0,0.0,0.0,0.5,0.16079442008283631,0.0718288314918948
51,default_credit_card_clients,dp_uniform,0.5,2026,5.0,results/predictions/default_credit_ha_dp_fedavg_noniid_alpha0p5_EPS_dp_uniform_eps5p0_uniform_seed2026.csv,validation_only,platt_validation_f1,0.28685643437734926,0.6736204116998499,0.44059120527174855,0.44280155642023344,0.4577634754625905,0.4287867370007536,0.6422769550614724,0.16079442008283631,0.0718288314918948
52,default_credit_card_clients,scheduler,0.5,2026,5.0,results/predictions/default_credit_ha_dp_fedavg_noniid_alpha0p5_EPS_scheduler_eps5p0_back_loaded_seed2026.csv,validation_only,raw_fixed_0p5,0.5,0.692582942527186,0.45984876153887655,0.0,0.0,0.0,0.5,0.2195598238668922,0.21928498144225847
52,default_credit_card_clients,scheduler,0.5,2026,5.0,results/predictions/default_credit_ha_dp_fedavg_noniid_alpha0p5_EPS_scheduler_eps5p0_back_loaded_seed2026.csv,validation_only,raw_validation_f1,0.0022595677364685,0.692582942527186,0.45984876153887655,0.4631738800303721,0.4667176740627391,0.45968349660889224,0.6552643890063506,0.2195598238668922,0.21928498144225847
52,default_credit_card_clients,scheduler,0.5,2026,5.0,results/predictions/default_credit_ha_dp_fedavg_noniid_alpha0p5_EPS_scheduler_eps5p0_back_loaded_seed2026.csv,validation_only,platt_fixed_0p5,0.5,0.6925845551518439,0.45984869479926926,0.0045045045045045045,0.6,0.002260738507912585,0.5009163739618527,0.15678226193375783,0.06822321909003812
52,default_credit_card_clients,scheduler,0.5,2026,5.0,results/predictions/default_credit_ha_dp_fedavg_noniid_alpha0p5_EPS_scheduler_eps5p0_back_loaded_seed2026.csv,validation_only,platt_validation_f1,0.2921841487310099,0.6925845551518439,0.45984869479926926,0.4631738800303721,0.4667176740627391,0.45968349660889224,0.6552643890063506,0.15678226193375783,0.06822321909003812
53,default_credit_card_clients,full_ha_dp,0.5,2026,5.0,results/predictions/default_credit_ha_dp_fedavg_noniid_alpha0p5_EPS_full_ha_dp_eps5p0_back_loaded_seed2026.csv,validation_only,raw_fixed_0p5,0.5,0.7169297851935577,0.4919568731915537,0.07137758743754462,0.6756756756756757,0.037678975131876416,0.5162715440606953,0.18240349662471916,0.1740009143246324
53,default_credit_card_clients,full_ha_dp,0.5,2026,5.0,results/predictions/default_credit_ha_dp_fedavg_noniid_alpha0p5_EPS_full_ha_dp_eps5p0_back_loaded_seed2026.csv,validation_only,raw_validation_f1,0.0332055867702328,0.7169297851935577,0.4919568731915537,0.5023941068139963,0.49135446685878964,0.5139412207987942,0.6814302722868356,0.18240349662471916,0.1740009143246324
53,default_credit_card_clients,full_ha_dp,0.5,2026,5.0,results/predictions/default_credit_ha_dp_fedavg_noniid_alpha0p5_EPS_full_ha_dp_eps5p0_back_loaded_seed2026.csv,validation_only,platt_fixed_0p5,0.5,0.7169297851935577,0.4919568731915537,0.28502705953096813,0.7053571428571429,0.1785983421250942,0.5787064041034202,0.14750571186664735,0.06057156624506651
53,default_credit_card_clients,full_ha_dp,0.5,2026,5.0,results/predictions/default_credit_ha_dp_fedavg_noniid_alpha0p5_EPS_full_ha_dp_eps5p0_back_loaded_seed2026.csv,validation_only,platt_validation_f1,0.2640050352139332,0.7169297851935577,0.4919568731915537,0.5023941068139963,0.49135446685878964,0.5139412207987942,0.6814302722868356,0.14750571186664735,0.06057156624506651
54,default_credit_card_clients,dp_uniform,0.5,31415,5.0,results/predictions/default_credit_ha_dp_fedavg_noniid_alpha0p5_EPS_dp_uniform_eps5p0_uniform_seed31415.csv,validation_only,raw_fixed_0p5,0.5,0.6848941900520087,0.4608894673989817,0.0,0.0,0.0,0.5,0.21931873039382957,0.21908900824502506
54,default_credit_card_clients,dp_uniform,0.5,31415,5.0,results/predictions/default_credit_ha_dp_fedavg_noniid_alpha0p5_EPS_dp_uniform_eps5p0_uniform_seed31415.csv,validation_only,raw_validation_f1,0.0035211504737231,0.6848941900520087,0.4608894673989817,0.44249422632794455,0.5715990453460621,0.36096458176337604,0.6420701359490966,0.21931873039382957,0.21908900824502506
54,default_credit_card_clients,dp_uniform,0.5,31415,5.0,results/predictions/default_credit_ha_dp_fedavg_noniid_alpha0p5_EPS_dp_uniform_eps5p0_uniform_seed31415.csv,validation_only,platt_fixed_0p5,0.5,0.6848971734076258,0.4608880875243635,0.0045045045045045045,0.6,0.002260738507912585,0.5009163739618527,0.1586625157152206,0.06623131202377339
54,default_credit_card_clients,dp_uniform,0.5,31415,5.0,results/predictions/default_credit_ha_dp_fedavg_noniid_alpha0p5_EPS_dp_uniform_eps5p0_uniform_seed31415.csv,validation_only,platt_validation_f1,0.30696517598090556,0.6848971734076258,0.4608880875243635,0.44249422632794455,0.5715990453460621,0.36096458176337604,0.6420701359490966,0.1586625157152206,0.06623131202377339
55,default_credit_card_clients,scheduler,0.5,31415,5.0,results/predictions/default_credit_ha_dp_fedavg_noniid_alpha0p5_EPS_scheduler_eps5p0_back_loaded_seed31415.csv,validation_only,raw_fixed_0p5,0.5,0.6978388088122197,0.4752704804852115,0.0,0.0,0.0,0.5,0.21952681086208325,0.219336957087252
55,default_credit_card_clients,scheduler,0.5,31415,5.0,results/predictions/default_credit_ha_dp_fedavg_noniid_alpha0p5_EPS_scheduler_eps5p0_back_loaded_seed31415.csv,validation_only,raw_validation_f1,0.0028491520284409,0.6978388088122197,0.4752704804852115,0.4562637362637363,0.5474683544303798,0.3911077618688772,0.649651890778222,0.21952681086208325,0.219336957087252
55,default_credit_card_clients,scheduler,0.5,31415,5.0,results/predictions/default_credit_ha_dp_fedavg_noniid_alpha0p5_EPS_scheduler_eps5p0_back_loaded_seed31415.csv,validation_only,platt_fixed_0p5,0.5,0.6978383250248223,0.4752689880857386,0.006001500375093774,0.6666666666666666,0.003014318010550113,0.5012931637131715,0.15612285562153233,0.059886961528576775
55,default_credit_card_clients,scheduler,0.5,31415,5.0,results/predictions/default_credit_ha_dp_fedavg_noniid_alpha0p5_EPS_scheduler_eps5p0_back_loaded_seed31415.csv,validation_only,platt_validation_f1,0.3085837120210025,0.6978383250248223,0.4752689880857386,0.4562637362637363,0.5474683544303798,0.3911077618688772,0.649651890778222,0.15612285562153233,0.059886961528576775
56,default_credit_card_clients,full_ha_dp,0.5,31415,5.0,results/predictions/default_credit_ha_dp_fedavg_noniid_alpha0p5_EPS_full_ha_dp_eps5p0_back_loaded_seed31415.csv,validation_only,raw_fixed_0p5,0.5,0.6490261924109562,0.4403401533408073,0.0,0.0,0.0,0.5,0.17386764907133503,0.10305771402052422
56,default_credit_card_clients,full_ha_dp,0.5,31415,5.0,results/predictions/default_credit_ha_dp_fedavg_noniid_alpha0p5_EPS_full_ha_dp_eps5p0_back_loaded_seed31415.csv,validation_only,raw_validation_f1,0.1532932149002916,0.6490261924109562,0.4403401533408073,0.4386887899635775,0.4737762237762238,0.4084400904295403,0.6398074622915945,0.17386764907133503,0.10305771402052422
56,default_credit_card_clients,full_ha_dp,0.5,31415,5.0,results/predictions/default_credit_ha_dp_fedavg_noniid_alpha0p5_EPS_full_ha_dp_eps5p0_back_loaded_seed31415.csv,validation_only,platt_fixed_0p5,0.5,0.6490261924109562,0.4403401533408073,0.019345238095238096,0.7647058823529411,0.009796533534287867,0.5044702761829367,0.16161606044120302,0.07367432999869541
56,default_credit_card_clients,full_ha_dp,0.5,31415,5.0,results/predictions/default_credit_ha_dp_fedavg_noniid_alpha0p5_EPS_full_ha_dp_eps5p0_back_loaded_seed31415.csv,validation_only,platt_validation_f1,0.2805586261009634,0.6490261924109562,0.4403401533408073,0.4386887899635775,0.4737762237762238,0.4084400904295403,0.6398074622915945,0.16161606044120302,0.07367432999869541
57,default_credit_card_clients,dp_uniform,0.5,27182,5.0,results/predictions/default_credit_ha_dp_fedavg_noniid_alpha0p5_EPS_dp_uniform_eps5p0_uniform_seed27182.csv,validation_only,raw_fixed_0p5,0.5,0.675301331012014,0.450631274626975,0.0,0.0,0.0,0.5,0.2176358234584587,0.21691455137970161
57,default_credit_card_clients,dp_uniform,0.5,27182,5.0,results/predictions/default_credit_ha_dp_fedavg_noniid_alpha0p5_EPS_dp_uniform_eps5p0_uniform_seed27182.csv,validation_only,raw_validation_f1,0.0059563788707914,0.675301331012014,0.450631274626975,0.4496447973255328,0.5046904315196998,0.4054257724189902,0.6462181290941517,0.2176358234584587,0.21691455137970161
57,default_credit_card_clients,dp_uniform,0.5,27182,5.0,results/predictions/default_credit_ha_dp_fedavg_noniid_alpha0p5_EPS_dp_uniform_eps5p0_uniform_seed27182.csv,validation_only,platt_fixed_0p5,0.5,0.675303508055302,0.450631274626975,0.00749063670411985,0.625,0.0037678975131876413,0.5015629558184385,0.1585284618166352,0.061156083671958836
57,default_credit_card_clients,dp_uniform,0.5,27182,5.0,results/predictions/default_credit_ha_dp_fedavg_noniid_alpha0p5_EPS_dp_uniform_eps5p0_uniform_seed27182.csv,validation_only,platt_validation_f1,0.29730356846316464,0.675303508055302,0.450631274626975,0.4496447973255328,0.5046904315196998,0.4054257724189902,0.6462181290941517,0.1585284618166352,0.061156083671958836
58,default_credit_card_clients,scheduler,0.5,27182,5.0,results/predictions/default_credit_ha_dp_fedavg_noniid_alpha0p5_EPS_scheduler_eps5p0_back_loaded_seed27182.csv,validation_only,raw_fixed_0p5,0.5,0.683213835158475,0.4611296098213674,0.0,0.0,0.0,0.5,0.2178099907387152,0.21717412848018644
58,default_credit_card_clients,scheduler,0.5,27182,5.0,results/predictions/default_credit_ha_dp_fedavg_noniid_alpha0p5_EPS_scheduler_eps5p0_back_loaded_seed27182.csv,validation_only,raw_validation_f1,0.0046237450466948,0.683213835158475,0.4611296098213674,0.4531766434080059,0.44197707736389685,0.46495855312735496,0.6491281102893355,0.2178099907387152,0.21717412848018644
58,default_credit_card_clients,scheduler,0.5,27182,5.0,results/predictions/default_credit_ha_dp_fedavg_noniid_alpha0p5_EPS_scheduler_eps5p0_back_loaded_seed27182.csv,validation_only,platt_fixed_0p5,0.5,0.6832150446269685,0.46112960982136747,0.028127313101406367,0.7916666666666666,0.014318010550113038,0.5066240170447975,0.15681806384062122,0.05947257856854485
58,default_credit_card_clients,scheduler,0.5,27182,5.0,results/predictions/default_credit_ha_dp_fedavg_noniid_alpha0p5_EPS_scheduler_eps5p0_back_loaded_seed27182.csv,validation_only,platt_validation_f1,0.28374963301228373,0.6832150446269685,0.46112960982136747,0.4531766434080059,0.44197707736389685,0.46495855312735496,0.6491281102893355,0.15681806384062122,0.05947257856854485
59,default_credit_card_clients,full_ha_dp,0.5,27182,5.0,results/predictions/default_credit_ha_dp_fedavg_noniid_alpha0p5_EPS_full_ha_dp_eps5p0_back_loaded_seed27182.csv,validation_only,raw_fixed_0p5,0.5,0.6868000705039501,0.4672024514702384,0.0,0.0,0.0,0.5,0.21451882668505876,0.21340641383098233
59,default_credit_card_clients,full_ha_dp,0.5,27182,5.0,results/predictions/default_credit_ha_dp_fedavg_noniid_alpha0p5_EPS_full_ha_dp_eps5p0_back_loaded_seed27182.csv,validation_only,raw_validation_f1,0.0094295687116807,0.6868000705039501,0.4672024514702384,0.46893787575150303,0.5008561643835616,0.440844009042954,0.6580423768732853,0.21451882668505876,0.21340641383098233
59,default_credit_card_clients,full_ha_dp,0.5,27182,5.0,results/predictions/default_credit_ha_dp_fedavg_noniid_alpha0p5_EPS_full_ha_dp_eps5p0_back_loaded_seed27182.csv,validation_only,platt_fixed_0p5,0.5,0.6868003123976487,0.4672025082852457,0.07994289793004997,0.7567567567567568,0.04220045214770158,0.5191742684449187,0.1553480329280343,0.06375720829513755
59,default_credit_card_clients,full_ha_dp,0.5,27182,5.0,results/predictions/default_credit_ha_dp_fedavg_noniid_alpha0p5_EPS_full_ha_dp_eps5p0_back_loaded_seed27182.csv,validation_only,platt_validation_f1,0.2932360703636882,0.6868003123976487,0.4672025082852457,0.46893787575150303,0.5008561643835616,0.440844009042954,0.6580423768732853,0.1553480329280343,0.06375720829513755
60,default_credit_card_clients,dp_uniform,0.5,42,8.0,results/predictions/default_credit_ha_dp_fedavg_noniid_alpha0p5_EPS_dp_uniform_eps8p0_uniform_seed42.csv,validation_only,raw_fixed_0p5,0.5,0.6676793411976737,0.448714384890575,0.0,0.0,0.0,0.5,0.21553454644300069,0.2146340562190407
60,default_credit_card_clients,dp_uniform,0.5,42,8.0,results/predictions/default_credit_ha_dp_fedavg_noniid_alpha0p5_EPS_dp_uniform_eps8p0_uniform_seed42.csv,validation_only,raw_validation_f1,0.008308589886164,0.6676793411976737,0.448714384890575,0.45745577085088457,0.5186246418338109,0.4091936699321778,0.6506700213559883,0.21553454644300069,0.2146340562190407
60,default_credit_card_clients,dp_uniform,0.5,42,8.0,results/predictions/default_credit_ha_dp_fedavg_noniid_alpha0p5_EPS_dp_uniform_eps8p0_uniform_seed42.csv,validation_only,platt_fixed_0p5,0.5,0.6676778898354816,0.44871379950840407,0.0,0.0,0.0,0.5,0.16010795163301308,0.0741034941317611
60,default_credit_card_clients,dp_uniform,0.5,42,8.0,results/predictions/default_credit_ha_dp_fedavg_noniid_alpha0p5_EPS_dp_uniform_eps8p0_uniform_seed42.csv,validation_only,platt_validation_f1,0.28844359917131007,0.6676778898354816,0.44871379950840407,0.45745577085088457,0.5186246418338109,0.4091936699321778,0.6506700213559883,0.16010795163301308,0.0741034941317611
61,default_credit_card_clients,scheduler,0.5,42,8.0,results/predictions/default_credit_ha_dp_fedavg_noniid_alpha0p5_EPS_scheduler_eps8p0_back_loaded_seed42.csv,validation_only,raw_fixed_0p5,0.5,0.6690895814610089,0.4502980860817267,0.0,0.0,0.0,0.5,0.21620357569879084,0.21539524188560233
61,default_credit_card_clients,scheduler,0.5,42,8.0,results/predictions/default_credit_ha_dp_fedavg_noniid_alpha0p5_EPS_scheduler_eps8p0_back_loaded_seed42.csv,validation_only,raw_validation_f1,0.0072329490144956,0.6690895814610089,0.4502980860817267,0.46017699115044247,0.5219885277246654,0.4114544084400904,0.6522283811941518,0.21620357569879084,0.21539524188560233
61,default_credit_card_clients,scheduler,0.5,42,8.0,results/predictions/default_credit_ha_dp_fedavg_noniid_alpha0p5_EPS_scheduler_eps8p0_back_loaded_seed42.csv,validation_only,platt_fixed_0p5,0.5,0.6690878882051181,0.4502975006995558,0.0,0.0,0.0,0.5,0.15983601032141015,0.07473737848268283
61,default_credit_card_clients,scheduler,0.5,42,8.0,results/predictions/default_credit_ha_dp_fedavg_noniid_alpha0p5_EPS_scheduler_eps8p0_back_loaded_seed42.csv,validation_only,platt_validation_f1,0.28730062251528093,0.6690878882051181,0.4502975006995558,0.46017699115044247,0.5219885277246654,0.4114544084400904,0.6522283811941518,0.15983601032141015,0.07473737848268283
62,default_credit_card_clients,full_ha_dp,0.5,42,8.0,results/predictions/default_credit_ha_dp_fedavg_noniid_alpha0p5_EPS_full_ha_dp_eps8p0_back_loaded_seed42.csv,validation_only,raw_fixed_0p5,0.5,0.6765681283120286,0.4532519319710295,0.0,0.0,0.0,0.5,0.1997384554303235,0.19302391884838552
62,default_credit_card_clients,full_ha_dp,0.5,42,8.0,results/predictions/default_credit_ha_dp_fedavg_noniid_alpha0p5_EPS_full_ha_dp_eps8p0_back_loaded_seed42.csv,validation_only,raw_validation_f1,0.039149223176629,0.6765681283120286,0.4532519319710295,0.47198641765704585,0.5403304178814383,0.4189902034664657,0.6588852151507376,0.1997384554303235,0.19302391884838552
62,default_credit_card_clients,full_ha_dp,0.5,42,8.0,results/predictions/default_credit_ha_dp_fedavg_noniid_alpha0p5_EPS_full_ha_dp_eps8p0_back_loaded_seed42.csv,validation_only,platt_fixed_0p5,0.5,0.6765681283120286,0.4532519319710294,0.0,0.0,0.0,0.5,0.15842370480295184,0.0749739573811091
62,default_credit_card_clients,full_ha_dp,0.5,42,8.0,results/predictions/default_credit_ha_dp_fedavg_noniid_alpha0p5_EPS_full_ha_dp_eps8p0_back_loaded_seed42.csv,validation_only,platt_validation_f1,0.2956422735248394,0.6765681283120286,0.4532519319710294,0.47198641765704585,0.5403304178814383,0.4189902034664657,0.6588852151507376,0.15842370480295184,0.0749739573811091
63,default_credit_card_clients,dp_uniform,0.5,123,8.0,results/predictions/default_credit_ha_dp_fedavg_noniid_alpha0p5_EPS_dp_uniform_eps8p0_uniform_seed123.csv,validation_only,raw_fixed_0p5,0.5,0.6812304680917216,0.46639691749464174,0.0,0.0,0.0,0.5,0.21363085188016706,0.21257111450776592
63,default_credit_card_clients,dp_uniform,0.5,123,8.0,results/predictions/default_credit_ha_dp_fedavg_noniid_alpha0p5_EPS_dp_uniform_eps8p0_uniform_seed123.csv,validation_only,raw_validation_f1,0.0134344029743597,0.6812304680917216,0.46639691749464174,0.4566420664206642,0.5885850178359097,0.3730218538055765,0.64948974136887,0.21363085188016706,0.21257111450776592
63,default_credit_card_clients,dp_uniform,0.5,123,8.0,results/predictions/default_credit_ha_dp_fedavg_noniid_alpha0p5_EPS_dp_uniform_eps8p0_uniform_seed123.csv,validation_only,platt_fixed_0p5,0.5,0.6812295811481598,0.46639661137787214,0.13470790378006872,0.765625,0.07385079125847777,0.5337154662476853,0.15525877900427104,0.0596788080449356
63,default_credit_card_clients,dp_uniform,0.5,123,8.0,results/predictions/default_credit_ha_dp_fedavg_noniid_alpha0p5_EPS_dp_uniform_eps8p0_uniform_seed123.csv,validation_only,platt_validation_f1,0.3236985847740884,0.6812295811481598,0.46639661137787214,0.4566420664206642,0.5885850178359097,0.3730218538055765,0.64948974136887,0.15525877900427104,0.0596788080449356
64,default_credit_card_clients,scheduler,0.5,123,8.0,results/predictions/default_credit_ha_dp_fedavg_noniid_alpha0p5_EPS_scheduler_eps8p0_back_loaded_seed123.csv,validation_only,raw_fixed_0p5,0.5,0.687704833568266,0.47298213369541947,0.0,0.0,0.0,0.5,0.21441267752724852,0.2134506139780433
64,default_credit_card_clients,scheduler,0.5,123,8.0,results/predictions/default_credit_ha_dp_fedavg_noniid_alpha0p5_EPS_scheduler_eps8p0_back_loaded_seed123.csv,validation_only,raw_validation_f1,0.0097351386278547,0.687704833568266,0.47298213369541947,0.4661337820782499,0.5276190476190477,0.41748304446119067,0.6556706897889091,0.21441267752724852,0.2134506139780433
64,default_credit_card_clients,scheduler,0.5,123,8.0,results/predictions/default_credit_ha_dp_fedavg_noniid_alpha0p5_EPS_scheduler_eps8p0_back_loaded_seed123.csv,validation_only,platt_fixed_0p5,0.5,0.6877041078871698,0.47298188331985613,0.15881561238223418,0.7421383647798742,0.08892238131122833,0.540074287167491,0.15396491175914778,0.060828941033084685
64,default_credit_card_clients,scheduler,0.5,123,8.0,results/predictions/default_credit_ha_dp_fedavg_noniid_alpha0p5_EPS_scheduler_eps8p0_back_loaded_seed123.csv,validation_only,platt_validation_f1,0.30081366990138275,0.6877041078871698,0.47298188331985613,0.4661337820782499,0.5276190476190477,0.41748304446119067,0.6556706897889091,0.15396491175914778,0.060828941033084685
65,default_credit_card_clients,full_ha_dp,0.5,123,8.0,results/predictions/default_credit_ha_dp_fedavg_noniid_alpha0p5_EPS_full_ha_dp_eps8p0_back_loaded_seed123.csv,validation_only,raw_fixed_0p5,0.5,0.6901503788619741,0.47502982131583876,0.0,0.0,0.0,0.5,0.2130623022803302,0.21185211461620823
65,default_credit_card_clients,full_ha_dp,0.5,123,8.0,results/predictions/default_credit_ha_dp_fedavg_noniid_alpha0p5_EPS_full_ha_dp_eps8p0_back_loaded_seed123.csv,validation_only,raw_validation_f1,0.0123650493523058,0.6901503788619741,0.47502982131583876,0.4695201037613489,0.550709939148073,0.4091936699321778,0.6571968777651473,0.2130623022803302,0.21185211461620823
65,default_credit_card_clients,full_ha_dp,0.5,123,8.0,results/predictions/default_credit_ha_dp_fedavg_noniid_alpha0p5_EPS_full_ha_dp_eps8p0_back_loaded_seed123.csv,validation_only,platt_fixed_0p5,0.5,0.690149653180878,0.4750295709402754,0.18290258449304175,0.7582417582417582,0.1039939713639789,0.5472890892557108,0.1534928196554909,0.06006914413677122
65,default_credit_card_clients,full_ha_dp,0.5,123,8.0,results/predictions/default_credit_ha_dp_fedavg_noniid_alpha0p5_EPS_full_ha_dp_eps8p0_back_loaded_seed123.csv,validation_only,platt_validation_f1,0.30733884319117505,0.690149653180878,0.4750295709402754,0.4695201037613489,0.550709939148073,0.4091936699321778,0.6571968777651473,0.1534928196554909,0.06006914413677122
66,default_credit_card_clients,dp_uniform,0.5,2026,8.0,results/predictions/default_credit_ha_dp_fedavg_noniid_alpha0p5_EPS_dp_uniform_eps8p0_uniform_seed2026.csv,validation_only,raw_fixed_0p5,0.5,0.6856311595206699,0.45290941209435065,0.0,0.0,0.0,0.5,0.21951918039411972,0.21925378576731402
66,default_credit_card_clients,dp_uniform,0.5,2026,8.0,results/predictions/default_credit_ha_dp_fedavg_noniid_alpha0p5_EPS_dp_uniform_eps8p0_uniform_seed2026.csv,validation_only,raw_validation_f1,0.0024473879675835,0.6856311595206699,0.45290941209435065,0.45861386138613863,0.48330550918196996,0.43632253202712884,0.6519297231075084,0.21951918039411972,0.21925378576731402
66,default_credit_card_clients,dp_uniform,0.5,2026,8.0,results/predictions/default_credit_ha_dp_fedavg_noniid_alpha0p5_EPS_dp_uniform_eps8p0_uniform_seed2026.csv,validation_only,platt_fixed_0p5,0.5,0.6856266441716278,0.4529086751234547,0.0,0.0,0.0,0.5,0.15883354983692372,0.07222164785115072
66,default_credit_card_clients,dp_uniform,0.5,2026,8.0,results/predictions/default_credit_ha_dp_fedavg_noniid_alpha0p5_EPS_dp_uniform_eps8p0_uniform_seed2026.csv,validation_only,platt_validation_f1,0.2925167466532091,0.6856266441716278,0.4529086751234547,0.45861386138613863,0.48330550918196996,0.43632253202712884,0.6519297231075084,0.15883354983692372,0.07222164785115072
67,default_credit_card_clients,scheduler,0.5,2026,8.0,results/predictions/default_credit_ha_dp_fedavg_noniid_alpha0p5_EPS_scheduler_eps8p0_back_loaded_seed2026.csv,validation_only,raw_fixed_0p5,0.5,0.7020521938871527,0.4690927064344123,0.0,0.0,0.0,0.5,0.21957255752584098,0.21937630017507134
67,default_credit_card_clients,scheduler,0.5,2026,8.0,results/predictions/default_credit_ha_dp_fedavg_noniid_alpha0p5_EPS_scheduler_eps8p0_back_loaded_seed2026.csv,validation_only,raw_validation_f1,0.0019903490105624,0.7020521938871527,0.4690927064344123,0.4729027468448404,0.46598390636430137,0.4800301431801055,0.6619067899722484,0.21957255752584098,0.21937630017507134
67,default_credit_card_clients,scheduler,0.5,2026,8.0,results/predictions/default_credit_ha_dp_fedavg_noniid_alpha0p5_EPS_scheduler_eps8p0_back_loaded_seed2026.csv,validation_only,platt_fixed_0p5,0.5,0.7020544515616738,0.46909259834433836,0.019345238095238096,0.7647058823529411,0.009796533534287867,0.5044702761829367,0.15516118600026538,0.07217423725523715
67,default_credit_card_clients,scheduler,0.5,2026,8.0,results/predictions/default_credit_ha_dp_fedavg_noniid_alpha0p5_EPS_scheduler_eps8p0_back_loaded_seed2026.csv,validation_only,platt_validation_f1,0.2911116805029867,0.7020544515616738,0.46909259834433836,0.4729027468448404,0.46598390636430137,0.4800301431801055,0.6619067899722484,0.15516118600026538,0.07217423725523715
68,default_credit_card_clients,full_ha_dp,0.5,2026,8.0,results/predictions/default_credit_ha_dp_fedavg_noniid_alpha0p5_EPS_full_ha_dp_eps8p0_back_loaded_seed2026.csv,validation_only,raw_fixed_0p5,0.5,0.7236045192838463,0.49772333618431824,0.2006514657980456,0.7403846153846154,0.11605124340617935,0.5522477488162932,0.17403037924221615,0.16188780406890635
68,default_credit_card_clients,full_ha_dp,0.5,2026,8.0,results/predictions/default_credit_ha_dp_fedavg_noniid_alpha0p5_EPS_full_ha_dp_eps8p0_back_loaded_seed2026.csv,validation_only,raw_validation_f1,0.0376700709632459,0.7236045192838463,0.49772333618431824,0.5172943889315911,0.527843137254902,0.5071590052750565,0.6891669197143526,0.17403037924221615,0.16188780406890635
68,default_credit_card_clients,full_ha_dp,0.5,2026,8.0,results/predictions/default_credit_ha_dp_fedavg_noniid_alpha0p5_EPS_full_ha_dp_eps8p0_back_loaded_seed2026.csv,validation_only,platt_fixed_0p5,0.5,0.7236045192838463,0.4977233361843182,0.3085914669783752,0.6875,0.19894498869630747,0.5866327768219393,0.1458847574378482,0.0543683577456627
68,default_credit_card_clients,full_ha_dp,0.5,2026,8.0,results/predictions/default_credit_ha_dp_fedavg_noniid_alpha0p5_EPS_full_ha_dp_eps8p0_back_loaded_seed2026.csv,validation_only,platt_validation_f1,0.2615933627486138,0.7236045192838463,0.4977233361843182,0.5172943889315911,0.527843137254902,0.5071590052750565,0.6891669197143526,0.1458847574378482,0.0543683577456627
69,default_credit_card_clients,dp_uniform,0.5,31415,8.0,results/predictions/default_credit_ha_dp_fedavg_noniid_alpha0p5_EPS_dp_uniform_eps8p0_uniform_seed31415.csv,validation_only,raw_fixed_0p5,0.5,0.6891298293472208,0.4634097238524407,0.0,0.0,0.0,0.5,0.21954690435681504,0.2193567765136673
69,default_credit_card_clients,dp_uniform,0.5,31415,8.0,results/predictions/default_credit_ha_dp_fedavg_noniid_alpha0p5_EPS_dp_uniform_eps8p0_uniform_seed31415.csv,validation_only,raw_validation_f1,0.0029204519091735,0.6891298293472208,0.4634097238524407,0.4507168458781362,0.5558011049723757,0.3790504898266767,0.6465121912005201,0.21954690435681504,0.2193567765136673
69,default_credit_card_clients,dp_uniform,0.5,31415,8.0,results/predictions/default_credit_ha_dp_fedavg_noniid_alpha0p5_EPS_dp_uniform_eps8p0_uniform_seed31415.csv,validation_only,platt_fixed_0p5,0.5,0.6891288617724262,0.4634049842850016,0.0,0.0,0.0,0.49989300235394823,0.15856649759223862,0.06749373825092204
69,default_credit_card_clients,dp_uniform,0.5,31415,8.0,results/predictions/default_credit_ha_dp_fedavg_noniid_alpha0p5_EPS_dp_uniform_eps8p0_uniform_seed31415.csv,validation_only,platt_validation_f1,0.3035283150307201,0.6891288617724262,0.4634049842850016,0.4507168458781362,0.5558011049723757,0.3790504898266767,0.6465121912005201,0.15856649759223862,0.06749373825092204
70,default_credit_card_clients,scheduler,0.5,31415,8.0,results/predictions/default_credit_ha_dp_fedavg_noniid_alpha0p5_EPS_scheduler_eps8p0_back_loaded_seed31415.csv,validation_only,raw_fixed_0p5,0.5,0.7018700479320428,0.4768909855721237,0.0,0.0,0.0,0.5,0.21970853412918678,0.21955581055852563
70,default_credit_card_clients,scheduler,0.5,31415,8.0,results/predictions/default_credit_ha_dp_fedavg_noniid_alpha0p5_EPS_scheduler_eps8p0_back_loaded_seed31415.csv,validation_only,raw_validation_f1,0.0024559551620973,0.7018700479320428,0.4768909855721237,0.45721694036300775,0.53596757852077,0.39864355689525244,0.6503168565559079,0.21970853412918678,0.21955581055852563
70,default_credit_card_clients,scheduler,0.5,31415,8.0,results/predictions/default_credit_ha_dp_fedavg_noniid_alpha0p5_EPS_scheduler_eps8p0_back_loaded_seed31415.csv,validation_only,platt_fixed_0p5,0.5,0.7018616622838216,0.47688582314361183,0.0074962518740629685,0.7142857142857143,0.0037678975131876413,0.5016699534644903,0.15598990048296443,0.0608098037902974
70,default_credit_card_clients,scheduler,0.5,31415,8.0,results/predictions/default_credit_ha_dp_fedavg_noniid_alpha0p5_EPS_scheduler_eps8p0_back_loaded_seed31415.csv,validation_only,platt_validation_f1,0.3072727173633053,0.7018616622838216,0.47688582314361183,0.45721694036300775,0.53596757852077,0.39864355689525244,0.6503168565559079,0.15598990048296443,0.0608098037902974
71,default_credit_card_clients,full_ha_dp,0.5,31415,8.0,results/predictions/default_credit_ha_dp_fedavg_noniid_alpha0p5_EPS_full_ha_dp_eps8p0_back_loaded_seed31415.csv,validation_only,raw_fixed_0p5,0.5,0.6539538089468737,0.44670519059406055,0.0,0.0,0.0,0.5,0.17202256130250357,0.1011937137749444
71,default_credit_card_clients,full_ha_dp,0.5,31415,8.0,results/predictions/default_credit_ha_dp_fedavg_noniid_alpha0p5_EPS_full_ha_dp_eps8p0_back_loaded_seed31415.csv,validation_only,raw_validation_f1,0.1566344159363419,0.6539538089468737,0.44670519059406055,0.4468864468864469,0.48584070796460177,0.413715146948003,0.6446919411179133,0.17202256130250357,0.1011937137749444
71,default_credit_card_clients,full_ha_dp,0.5,31415,8.0,results/predictions/default_credit_ha_dp_fedavg_noniid_alpha0p5_EPS_full_ha_dp_eps8p0_back_loaded_seed31415.csv,validation_only,platt_fixed_0p5,0.5,0.6539538089468737,0.44670519059406055,0.033973412112259974,0.8518518518518519,0.01733232856066315,0.5082381736961245,0.160516890901273,0.07678281528224119
71,default_credit_card_clients,full_ha_dp,0.5,31415,8.0,results/predictions/default_credit_ha_dp_fedavg_noniid_alpha0p5_EPS_full_ha_dp_eps8p0_back_loaded_seed31415.csv,validation_only,platt_validation_f1,0.2807134324868323,0.6539538089468737,0.44670519059406055,0.4468864468864469,0.48584070796460177,0.413715146948003,0.6446919411179133,0.160516890901273,0.07678281528224119
72,default_credit_card_clients,dp_uniform,0.5,27182,8.0,results/predictions/default_credit_ha_dp_fedavg_noniid_alpha0p5_EPS_dp_uniform_eps8p0_uniform_seed27182.csv,validation_only,raw_fixed_0p5,0.5,0.6817440084140304,0.45936337877342515,0.0,0.0,0.0,0.5,0.21740164618001995,0.21684302371650208
72,default_credit_card_clients,dp_uniform,0.5,27182,8.0,results/predictions/default_credit_ha_dp_fedavg_noniid_alpha0p5_EPS_dp_uniform_eps8p0_uniform_seed27182.csv,validation_only,raw_validation_f1,0.0064301466725324,0.6817440084140304,0.45936337877342515,0.45293072824156305,0.5513513513513514,0.38432554634513943,0.6477587500610782,0.21740164618001995,0.21684302371650208
72,default_credit_card_clients,dp_uniform,0.5,27182,8.0,results/predictions/default_credit_ha_dp_fedavg_noniid_alpha0p5_EPS_dp_uniform_eps8p0_uniform_seed27182.csv,validation_only,platt_fixed_0p5,0.5,0.6817461854573187,0.45936337877342515,0.03249630723781388,0.8148148148148148,0.016578749058025623,0.5077543862987539,0.15697651724979586,0.06262794087653416
72,default_credit_card_clients,dp_uniform,0.5,27182,8.0,results/predictions/default_credit_ha_dp_fedavg_noniid_alpha0p5_EPS_dp_uniform_eps8p0_uniform_seed27182.csv,validation_only,platt_validation_f1,0.309908868639122,0.6817461854573187,0.45936337877342515,0.45293072824156305,0.5513513513513514,0.38432554634513943,0.6477587500610782,0.15697651724979586,0.06262794087653416
73,default_credit_card_clients,scheduler,0.5,27182,8.0,results/predictions/default_credit_ha_dp_fedavg_noniid_alpha0p5_EPS_scheduler_eps8p0_back_loaded_seed27182.csv,validation_only,raw_fixed_0p5,0.5,0.6882424826292103,0.4685824315259114,0.0,0.0,0.0,0.5,0.217639306937298,0.21713173597266636
73,default_credit_card_clients,scheduler,0.5,27182,8.0,results/predictions/default_credit_ha_dp_fedavg_noniid_alpha0p5_EPS_scheduler_eps8p0_back_loaded_seed27182.csv,validation_only,raw_validation_f1,0.0043165506881271,0.6882424826292103,0.4685824315259114,0.4609290601368383,0.4413793103448276,0.4822908816880181,0.6544773475420617,0.217639306937298,0.21713173597266636
73,default_credit_card_clients,scheduler,0.5,27182,8.0,results/predictions/default_credit_ha_dp_fedavg_noniid_alpha0p5_EPS_scheduler_eps8p0_back_loaded_seed27182.csv,validation_only,platt_fixed_0p5,0.5,0.6882436920977038,0.4685824315259114,0.06772334293948126,0.7704918032786885,0.03541823662396383,0.5162111512672569,0.1555287006683913,0.06222464914399775
73,default_credit_card_clients,scheduler,0.5,27182,8.0,results/predictions/default_credit_ha_dp_fedavg_noniid_alpha0p5_EPS_scheduler_eps8p0_back_loaded_seed27182.csv,validation_only,platt_validation_f1,0.2812131593551036,0.6882436920977038,0.4685824315259114,0.4609290601368383,0.4413793103448276,0.4822908816880181,0.6544773475420617,0.1555287006683913,0.06222464914399775
74,default_credit_card_clients,full_ha_dp,0.5,27182,8.0,results/predictions/default_credit_ha_dp_fedavg_noniid_alpha0p5_EPS_full_ha_dp_eps8p0_back_loaded_seed27182.csv,validation_only,raw_fixed_0p5,0.5,0.6937318569647082,0.47527143607258937,0.0,0.0,0.0,0.5,0.21371364136943952,0.213031163773549
74,default_credit_card_clients,full_ha_dp,0.5,27182,8.0,results/predictions/default_credit_ha_dp_fedavg_noniid_alpha0p5_EPS_full_ha_dp_eps8p0_back_loaded_seed27182.csv,validation_only,raw_validation_f1,0.0081108447249504,0.6937318569647082,0.47527143607258937,0.4658545588778147,0.4565846599131693,0.47550866616428034,0.6573991008972482,0.21371364136943952,0.213031163773549
74,default_credit_card_clients,full_ha_dp,0.5,27182,8.0,results/predictions/default_credit_ha_dp_fedavg_noniid_alpha0p5_EPS_full_ha_dp_eps8p0_back_loaded_seed27182.csv,validation_only,platt_fixed_0p5,0.5,0.6937314538085437,0.4752714372675494,0.15081521739130435,0.7655172413793103,0.08364732479276564,0.5381857424306221,0.15348890205004825,0.06327435085166525
74,default_credit_card_clients,full_ha_dp,0.5,27182,8.0,results/predictions/default_credit_ha_dp_fedavg_noniid_alpha0p5_EPS_full_ha_dp_eps8p0_back_loaded_seed27182.csv,validation_only,platt_validation_f1,0.28152396081763287,0.6937314538085437,0.4752714372675494,0.4658545588778147,0.4565846599131693,0.47550866616428034,0.6573991008972482,0.15348890205004825,0.06327435085166525
75,default_credit_card_clients,dp_uniform,0.1,42,1.0,results/predictions/default_credit_ha_dp_fedavg_noniid_alpha0p1_EPS_dp_uniform_eps1p0_uniform_seed42.csv,validation_only,raw_fixed_0p5,0.5,0.6420561867458057,0.42022584041230165,0.0,0.0,0.0,0.5,0.21819168675003434,0.21756878957960152
75,default_credit_card_clients,dp_uniform,0.1,42,1.0,results/predictions/default_credit_ha_dp_fedavg_noniid_alpha0p1_EPS_dp_uniform_eps1p0_uniform_seed42.csv,validation_only,raw_validation_f1,0.0056672336615951,0.6420561867458057,0.42022584041230165,0.42752293577981654,0.5463071512309496,0.35116804822908815,0.6341759350925026,0.21819168675003434,0.21756878957960152
75,default_credit_card_clients,dp_uniform,0.1,42,1.0,results/predictions/default_credit_ha_dp_fedavg_noniid_alpha0p1_EPS_dp_uniform_eps1p0_uniform_seed42.csv,validation_only,platt_fixed_0p5,0.5,0.642057476845532,0.4202255629490578,0.0,0.0,0.0,0.5,0.16339637603398485,0.07256362898706031
75,default_credit_card_clients,dp_uniform,0.1,42,1.0,results/predictions/default_credit_ha_dp_fedavg_noniid_alpha0p1_EPS_dp_uniform_eps1p0_uniform_seed42.csv,validation_only,platt_validation_f1,0.29451525980535526,0.642057476845532,0.4202255629490578,0.42752293577981654,0.5463071512309496,0.35116804822908815,0.6341759350925026,0.16339637603398485,0.07256362898706031
76,default_credit_card_clients,scheduler,0.1,42,1.0,results/predictions/default_credit_ha_dp_fedavg_noniid_alpha0p1_EPS_scheduler_eps1p0_back_loaded_seed42.csv,validation_only,raw_fixed_0p5,0.5,0.6479768575460594,0.42891566392867175,0.0,0.0,0.0,0.5,0.218371937111679,0.2178127021167599
76,default_credit_card_clients,scheduler,0.1,42,1.0,results/predictions/default_credit_ha_dp_fedavg_noniid_alpha0p1_EPS_scheduler_eps1p0_back_loaded_seed42.csv,validation_only,raw_validation_f1,0.0047148037794804,0.6479768575460594,0.42891566392867175,0.4343257443082312,0.5182863113897597,0.373775433308214,0.6375618018242333,0.218371937111679,0.2178127021167599
76,default_credit_card_clients,scheduler,0.1,42,1.0,results/predictions/default_credit_ha_dp_fedavg_noniid_alpha0p1_EPS_scheduler_eps1p0_back_loaded_seed42.csv,validation_only,platt_fixed_0p5,0.5,0.6479749223964699,0.4289149829857773,0.0,0.0,0.0,0.5,0.16249251459293787,0.07258465433834338
76,default_credit_card_clients,scheduler,0.1,42,1.0,results/predictions/default_credit_ha_dp_fedavg_noniid_alpha0p1_EPS_scheduler_eps1p0_back_loaded_seed42.csv,validation_only,platt_validation_f1,0.289917049326261,0.6479749223964699,0.4289149829857773,0.4343257443082312,0.5182863113897597,0.373775433308214,0.6375618018242333,0.16249251459293787,0.07258465433834338
77,default_credit_card_clients,full_ha_dp,0.1,42,1.0,results/predictions/default_credit_ha_dp_fedavg_noniid_alpha0p1_EPS_full_ha_dp_eps1p0_back_loaded_seed42.csv,validation_only,raw_fixed_0p5,0.5,0.7056235930857749,0.4819361533168109,0.48556430446194226,0.5787278415015641,0.41823662396382816,0.6658912629769922,0.17078645266000272,0.13024763093943198
77,default_credit_card_clients,full_ha_dp,0.1,42,1.0,results/predictions/default_credit_ha_dp_fedavg_noniid_alpha0p1_EPS_full_ha_dp_eps1p0_back_loaded_seed42.csv,validation_only,raw_validation_f1,0.1936257933039367,0.7056235930857749,0.4819361533168109,0.49920886075949367,0.5253955037468776,0.47550866616428034,0.6767656748326216,0.17078645266000272,0.13024763093943198
77,default_credit_card_clients,full_ha_dp,0.1,42,1.0,results/predictions/default_credit_ha_dp_fedavg_noniid_alpha0p1_EPS_full_ha_dp_eps1p0_back_loaded_seed42.csv,validation_only,platt_fixed_0p5,0.5,0.7056235930857749,0.4819361533168109,0.3707684040838259,0.6460674157303371,0.25998492840994725,0.6097699091011859,0.1465623562248989,0.024821943673295044
77,default_credit_card_clients,full_ha_dp,0.1,42,1.0,results/predictions/default_credit_ha_dp_fedavg_noniid_alpha0p1_EPS_full_ha_dp_eps1p0_back_loaded_seed42.csv,validation_only,platt_validation_f1,0.2337079917079745,0.7056235930857749,0.4819361533168109,0.49920886075949367,0.5253955037468776,0.47550866616428034,0.6767656748326216,0.1465623562248989,0.024821943673295044
78,default_credit_card_clients,dp_uniform,0.1,123,1.0,results/predictions/default_credit_ha_dp_fedavg_noniid_alpha0p1_EPS_dp_uniform_eps1p0_uniform_seed123.csv,validation_only,raw_fixed_0p5,0.5,0.5817553935441152,0.31593238278305014,0.0,0.0,0.0,0.5,0.17278867334159995,0.05456366104729163
78,default_credit_card_clients,dp_uniform,0.1,123,1.0,results/predictions/default_credit_ha_dp_fedavg_noniid_alpha0p1_EPS_dp_uniform_eps1p0_uniform_seed123.csv,validation_only,raw_validation_f1,0.1239731458102776,0.5817553935441152,0.31593238278305014,0.36310867462109,0.23097435897435897,0.8485305199698568,0.5231310849367795,0.17278867334159995,0.05456366104729163
78,default_credit_card_clients,dp_uniform,0.1,123,1.0,results/predictions/default_credit_ha_dp_fedavg_noniid_alpha0p1_EPS_dp_uniform_eps1p0_uniform_seed123.csv,validation_only,platt_fixed_0p5,0.5,0.5817553935441152,0.31593238278305014,0.0,0.0,0.0,0.5,0.1698326487628049,0.038139463651798544
78,default_credit_card_clients,dp_uniform,0.1,123,1.0,results/predictions/default_credit_ha_dp_fedavg_noniid_alpha0p1_EPS_dp_uniform_eps1p0_uniform_seed123.csv,validation_only,platt_validation_f1,0.15744346645006954,0.5817553935441152,0.31593238278305014,0.36310867462109,0.23097435897435897,0.8485305199698568,0.5231310849367795,0.1698326487628049,0.038139463651798544
79,default_credit_card_clients,scheduler,0.1,123,1.0,results/predictions/default_credit_ha_dp_fedavg_noniid_alpha0p1_EPS_scheduler_eps1p0_back_loaded_seed123.csv,validation_only,raw_fixed_0p5,0.5,0.6125154832124966,0.3666522483068855,0.0,0.0,0.0,0.5,0.16824366127969456,0.015708025049185285
79,default_credit_card_clients,scheduler,0.1,123,1.0,results/predictions/default_credit_ha_dp_fedavg_noniid_alpha0p1_EPS_scheduler_eps1p0_back_loaded_seed123.csv,validation_only,raw_validation_f1,0.2392362734522622,0.6125154832124966,0.3666522483068855,0.37148846960167714,0.41871455576559546,0.333835719668425,0.6011143075123636,0.16824366127969456,0.015708025049185285
79,default_credit_card_clients,scheduler,0.1,123,1.0,results/predictions/default_credit_ha_dp_fedavg_noniid_alpha0p1_EPS_scheduler_eps1p0_back_loaded_seed123.csv,validation_only,platt_fixed_0p5,0.5,0.6125154832124966,0.3666522483068855,0.011931394481730051,0.5714285714285714,0.006028636021100226,0.5023723321342394,0.16587298546618057,0.058842128017450604
79,default_credit_card_clients,scheduler,0.1,123,1.0,results/predictions/default_credit_ha_dp_fedavg_noniid_alpha0p1_EPS_scheduler_eps1p0_back_loaded_seed123.csv,validation_only,platt_validation_f1,0.2949891504084678,0.6125154832124966,0.3666522483068855,0.37148846960167714,0.41871455576559546,0.333835719668425,0.6011143075123636,0.16587298546618057,0.058842128017450604
80,default_credit_card_clients,full_ha_dp,0.1,123,1.0,results/predictions/default_credit_ha_dp_fedavg_noniid_alpha0p1_EPS_full_ha_dp_eps1p0_back_loaded_seed123.csv,validation_only,raw_fixed_0p5,0.5,0.6170592144486009,0.37060018862267885,0.0,0.0,0.0,0.5,0.1677147524467418,0.009381211428496405
80,default_credit_card_clients,full_ha_dp,0.1,123,1.0,results/predictions/default_credit_ha_dp_fedavg_noniid_alpha0p1_EPS_full_ha_dp_eps1p0_back_loaded_seed123.csv,validation_only,raw_validation_f1,0.2465170262929363,0.6170592144486009,0.37060018862267885,0.38030560271646857,0.43537414965986393,0.33760361718161264,0.6066361762347181,0.1677147524467418,0.009381211428496405
80,default_credit_card_clients,full_ha_dp,0.1,123,1.0,results/predictions/default_credit_ha_dp_fedavg_noniid_alpha0p1_EPS_full_ha_dp_eps1p0_back_loaded_seed123.csv,validation_only,platt_fixed_0p5,0.5,0.6170592144486009,0.37060018862267885,0.0206794682422452,0.5185185185185185,0.010550113036925395,0.5038840871197895,0.16504194317049586,0.058426907752636405
80,default_credit_card_clients,full_ha_dp,0.1,123,1.0,results/predictions/default_credit_ha_dp_fedavg_noniid_alpha0p1_EPS_full_ha_dp_eps1p0_back_loaded_seed123.csv,validation_only,platt_validation_f1,0.2967842328283166,0.6170592144486009,0.37060018862267885,0.38030560271646857,0.43537414965986393,0.33760361718161264,0.6066361762347181,0.16504194317049586,0.058426907752636405
81,default_credit_card_clients,dp_uniform,0.1,2026,1.0,results/predictions/default_credit_ha_dp_fedavg_noniid_alpha0p1_EPS_dp_uniform_eps1p0_uniform_seed2026.csv,validation_only,raw_fixed_0p5,0.5,0.6673063411143011,0.4342009395628658,0.0,0.0,0.0,0.5,0.21902878719226426,0.21832385237472413
81,default_credit_card_clients,dp_uniform,0.1,2026,1.0,results/predictions/default_credit_ha_dp_fedavg_noniid_alpha0p1_EPS_dp_uniform_eps1p0_uniform_seed2026.csv,validation_only,raw_validation_f1,0.00446674511098,0.6673063411143011,0.4342009395628658,0.44123711340206184,0.4872495446265938,0.4031650339110776,0.6413428422283828,0.21902878719226426,0.21832385237472413
81,default_credit_card_clients,dp_uniform,0.1,2026,1.0,results/predictions/default_credit_ha_dp_fedavg_noniid_alpha0p1_EPS_dp_uniform_eps1p0_uniform_seed2026.csv,validation_only,platt_fixed_0p5,0.5,0.6673064217455339,0.43420092743543093,0.0,0.0,0.0,0.5,0.1614495261838317,0.06746176905794923
81,default_credit_card_clients,dp_uniform,0.1,2026,1.0,results/predictions/default_credit_ha_dp_fedavg_noniid_alpha0p1_EPS_dp_uniform_eps1p0_uniform_seed2026.csv,validation_only,platt_validation_f1,0.29745691473288327,0.6673064217455339,0.43420092743543093,0.44123711340206184,0.4872495446265938,0.4031650339110776,0.6413428422283828,0.1614495261838317,0.06746176905794923
82,default_credit_card_clients,scheduler,0.1,2026,1.0,results/predictions/default_credit_ha_dp_fedavg_noniid_alpha0p1_EPS_scheduler_eps1p0_back_loaded_seed2026.csv,validation_only,raw_fixed_0p5,0.5,0.6754392910514974,0.4429810030990604,0.0,0.0,0.0,0.5,0.21913736496648425,0.21851404770774313
82,default_credit_card_clients,scheduler,0.1,2026,1.0,results/predictions/default_credit_ha_dp_fedavg_noniid_alpha0p1_EPS_scheduler_eps1p0_back_loaded_seed2026.csv,validation_only,raw_validation_f1,0.0038397320991366,0.6754392910514974,0.4429810030990604,0.44216344255823137,0.46434494195688225,0.42200452147701584,0.6418817813890536,0.21913736496648425,0.21851404770774313
82,default_credit_card_clients,scheduler,0.1,2026,1.0,results/predictions/default_credit_ha_dp_fedavg_noniid_alpha0p1_EPS_scheduler_eps1p0_back_loaded_seed2026.csv,validation_only,platt_fixed_0p5,0.5,0.6754380009517711,0.442980797238813,0.0,0.0,0.0,0.5,0.1597085766526288,0.0653450466655315
82,default_credit_card_clients,scheduler,0.1,2026,1.0,results/predictions/default_credit_ha_dp_fedavg_noniid_alpha0p1_EPS_scheduler_eps1p0_back_loaded_seed2026.csv,validation_only,platt_validation_f1,0.29760950147586535,0.6754380009517711,0.442980797238813,0.44216344255823137,0.46434494195688225,0.42200452147701584,0.6418817813890536,0.1597085766526288,0.0653450466655315
83,default_credit_card_clients,full_ha_dp,0.1,2026,1.0,results/predictions/default_credit_ha_dp_fedavg_noniid_alpha0p1_EPS_full_ha_dp_eps1p0_back_loaded_seed2026.csv,validation_only,raw_fixed_0p5,0.5,0.6807711119579182,0.4518898468933668,0.0,0.0,0.0,0.5,0.21127998973755302,0.20714292238727863
83,default_credit_card_clients,full_ha_dp,0.1,2026,1.0,results/predictions/default_credit_ha_dp_fedavg_noniid_alpha0p1_EPS_full_ha_dp_eps1p0_back_loaded_seed2026.csv,validation_only,raw_validation_f1,0.0201188152692586,0.6807711119579182,0.4518898468933668,0.45921917278701196,0.4714285714285714,0.44762622456669177,0.6525526800128558,0.21127998973755302,0.20714292238727863
83,default_credit_card_clients,full_ha_dp,0.1,2026,1.0,results/predictions/default_credit_ha_dp_fedavg_noniid_alpha0p1_EPS_full_ha_dp_eps1p0_back_loaded_seed2026.csv,validation_only,platt_fixed_0p5,0.5,0.6807711119579182,0.4518898468933668,0.0030075187969924814,0.6666666666666666,0.0015071590052750565,0.5006465818565857,0.15851613230205427,0.0676935389889639
83,default_credit_card_clients,full_ha_dp,0.1,2026,1.0,results/predictions/default_credit_ha_dp_fedavg_noniid_alpha0p1_EPS_full_ha_dp_eps1p0_back_loaded_seed2026.csv,validation_only,platt_validation_f1,0.29713044130134697,0.6807711119579182,0.4518898468933668,0.45921917278701196,0.4714285714285714,0.44762622456669177,0.6525526800128558,0.15851613230205427,0.0676935389889639
84,default_credit_card_clients,dp_uniform,0.1,31415,1.0,results/predictions/default_credit_ha_dp_fedavg_noniid_alpha0p1_EPS_dp_uniform_eps1p0_uniform_seed31415.csv,validation_only,raw_fixed_0p5,0.5,0.6313888358962508,0.39700104627278865,0.0,0.0,0.0,0.5,0.22050314451610237,0.22022741523911565
84,default_credit_card_clients,dp_uniform,0.1,31415,1.0,results/predictions/default_credit_ha_dp_fedavg_noniid_alpha0p1_EPS_dp_uniform_eps1p0_uniform_seed31415.csv,validation_only,raw_validation_f1,0.0012454078507123,0.6313888358962508,0.39700104627278865,0.39645776566757496,0.3617153511497825,0.4385832705350414,0.6094050527723356,0.22050314451610237,0.22022741523911565
84,default_credit_card_clients,dp_uniform,0.1,31415,1.0,results/predictions/default_credit_ha_dp_fedavg_noniid_alpha0p1_EPS_dp_uniform_eps1p0_uniform_seed31415.csv,validation_only,platt_fixed_0p5,0.5,0.6313985116441982,0.39700084077983755,0.0,0.0,0.0,0.5,0.16669021930751315,0.04067140456071887
84,default_credit_card_clients,dp_uniform,0.1,31415,1.0,results/predictions/default_credit_ha_dp_fedavg_noniid_alpha0p1_EPS_dp_uniform_eps1p0_uniform_seed31415.csv,validation_only,platt_validation_f1,0.25901840073570537,0.6313985116441982,0.39700084077983755,0.39645776566757496,0.3617153511497825,0.4385832705350414,0.6094050527723356,0.16669021930751315,0.04067140456071887
85,default_credit_card_clients,scheduler,0.1,31415,1.0,results/predictions/default_credit_ha_dp_fedavg_noniid_alpha0p1_EPS_scheduler_eps1p0_back_loaded_seed31415.csv,validation_only,raw_fixed_0p5,0.5,0.6520279319491746,0.4281262619173791,0.0,0.0,0.0,0.5,0.22050711949924098,0.22027609104574572
85,default_credit_card_clients,scheduler,0.1,31415,1.0,results/predictions/default_credit_ha_dp_fedavg_noniid_alpha0p1_EPS_scheduler_eps1p0_back_loaded_seed31415.csv,validation_only,raw_validation_f1,0.0015681726037779,0.6520279319491746,0.4281262619173791,0.42005185825410546,0.49240121580547114,0.36623963828183875,0.6295139984689742,0.22050711949924098,0.22027609104574572
85,default_credit_card_clients,scheduler,0.1,31415,1.0,results/predictions/default_credit_ha_dp_fedavg_noniid_alpha0p1_EPS_scheduler_eps1p0_back_loaded_seed31415.csv,validation_only,platt_fixed_0p5,0.5,0.6520304315173944,0.42812606905567935,0.0,0.0,0.0,0.5,0.16382856283617145,0.06293950049819133
85,default_credit_card_clients,scheduler,0.1,31415,1.0,results/predictions/default_credit_ha_dp_fedavg_noniid_alpha0p1_EPS_scheduler_eps1p0_back_loaded_seed31415.csv,validation_only,platt_validation_f1,0.2861373958750859,0.6520304315173944,0.42812606905567935,0.42005185825410546,0.49240121580547114,0.36623963828183875,0.6295139984689742,0.16382856283617145,0.06293950049819133
86,default_credit_card_clients,full_ha_dp,0.1,31415,1.0,results/predictions/default_credit_ha_dp_fedavg_noniid_alpha0p1_EPS_full_ha_dp_eps1p0_back_loaded_seed31415.csv,validation_only,raw_fixed_0p5,0.5,0.6320308217725614,0.39512275952557213,0.0,0.0,0.0,0.5,0.2199325416760466,0.21927195415616066
86,default_credit_card_clients,full_ha_dp,0.1,31415,1.0,results/predictions/default_credit_ha_dp_fedavg_noniid_alpha0p1_EPS_full_ha_dp_eps1p0_back_loaded_seed31415.csv,validation_only,raw_validation_f1,0.0024711344418554,0.6320308217725614,0.39512275952557213,0.40105367138623643,0.356140350877193,0.4589299171062547,0.61166055025011,0.2199325416760466,0.21927195415616066
86,default_credit_card_clients,full_ha_dp,0.1,31415,1.0,results/predictions/default_credit_ha_dp_fedavg_noniid_alpha0p1_EPS_full_ha_dp_eps1p0_back_loaded_seed31415.csv,validation_only,platt_fixed_0p5,0.5,0.632030418616397,0.3951225792360696,0.0,0.0,0.0,0.5,0.16671614738221543,0.0392107932903003
86,default_credit_card_clients,full_ha_dp,0.1,31415,1.0,results/predictions/default_credit_ha_dp_fedavg_noniid_alpha0p1_EPS_full_ha_dp_eps1p0_back_loaded_seed31415.csv,validation_only,platt_validation_f1,0.25667459438434215,0.632030418616397,0.3951225792360696,0.40105367138623643,0.356140350877193,0.4589299171062547,0.61166055025011,0.16671614738221543,0.0392107932903003
87,default_credit_card_clients,dp_uniform,0.1,27182,1.0,results/predictions/default_credit_ha_dp_fedavg_noniid_alpha0p1_EPS_dp_uniform_eps1p0_uniform_seed27182.csv,validation_only,raw_fixed_0p5,0.5,0.5504392708936892,0.2453592866087159,0.0,0.0,0.0,0.5,0.22067074542659615,0.2201476689968078
87,default_credit_card_clients,dp_uniform,0.1,27182,1.0,results/predictions/default_credit_ha_dp_fedavg_noniid_alpha0p1_EPS_dp_uniform_eps1p0_uniform_seed27182.csv,validation_only,raw_validation_f1,0.0005324591466109,0.5504392708936892,0.2453592866087159,0.3527891449493862,0.24698431845597105,0.6171816126601356,0.541417684138756,0.22067074542659615,0.2201476689968078
87,default_credit_card_clients,dp_uniform,0.1,27182,1.0,results/predictions/default_credit_ha_dp_fedavg_noniid_alpha0p1_EPS_dp_uniform_eps1p0_uniform_seed27182.csv,validation_only,platt_fixed_0p5,0.5,0.5504483015917734,0.24536020668021546,0.0,0.0,0.0,0.5,0.17152074801462708,0.007577942539602469
87,default_credit_card_clients,dp_uniform,0.1,27182,1.0,results/predictions/default_credit_ha_dp_fedavg_noniid_alpha0p1_EPS_dp_uniform_eps1p0_uniform_seed27182.csv,validation_only,platt_validation_f1,0.22230005962559204,0.5504483015917734,0.24536020668021546,0.3527891449493862,0.24698431845597105,0.6171816126601356,0.541417684138756,0.17152074801462708,0.007577942539602469
88,default_credit_card_clients,scheduler,0.1,27182,1.0,results/predictions/default_credit_ha_dp_fedavg_noniid_alpha0p1_EPS_scheduler_eps1p0_back_loaded_seed27182.csv,validation_only,raw_fixed_0p5,0.5,0.5684876048024607,0.26158323496961783,0.0,0.0,0.0,0.5,0.22067042760082714,0.2201978977433318
88,default_credit_card_clients,scheduler,0.1,27182,1.0,results/predictions/default_credit_ha_dp_fedavg_noniid_alpha0p1_EPS_scheduler_eps1p0_back_loaded_seed27182.csv,validation_only,raw_validation_f1,0.000511637213517,0.5684876048024607,0.26158323496961783,0.3640193806614704,0.25263157894736843,0.6510926902788244,0.552060361831045,0.22067042760082714,0.2201978977433318
88,default_credit_card_clients,scheduler,0.1,27182,1.0,results/predictions/default_credit_ha_dp_fedavg_noniid_alpha0p1_EPS_scheduler_eps1p0_back_loaded_seed27182.csv,validation_only,platt_fixed_0p5,0.5,0.5684864759652002,0.26158421418622585,0.0,0.0,0.0,0.5,0.17088953385859684,0.009560171023030905
88,default_credit_card_clients,scheduler,0.1,27182,1.0,results/predictions/default_credit_ha_dp_fedavg_noniid_alpha0p1_EPS_scheduler_eps1p0_back_loaded_seed27182.csv,validation_only,platt_validation_f1,0.22049293194876454,0.5684864759652002,0.26158421418622585,0.3640193806614704,0.25263157894736843,0.6510926902788244,0.552060361831045,0.17088953385859684,0.009560171023030905
89,default_credit_card_clients,full_ha_dp,0.1,27182,1.0,results/predictions/default_credit_ha_dp_fedavg_noniid_alpha0p1_EPS_full_ha_dp_eps1p0_back_loaded_seed27182.csv,validation_only,raw_fixed_0p5,0.5,0.5391197746324788,0.23277569469348186,0.0,0.0,0.0,0.5,0.22063489131795358,0.22001595433386306
89,default_credit_card_clients,full_ha_dp,0.1,27182,1.0,results/predictions/default_credit_ha_dp_fedavg_noniid_alpha0p1_EPS_full_ha_dp_eps1p0_back_loaded_seed27182.csv,validation_only,raw_validation_f1,4.35835971891503e-06,0.5391197746324788,0.23277569469348186,0.36172566371681414,0.22150719729043183,0.9856819894498869,0.5009728158248793,0.22063489131795358,0.22001595433386306
89,default_credit_card_clients,full_ha_dp,0.1,27182,1.0,results/predictions/default_credit_ha_dp_fedavg_noniid_alpha0p1_EPS_full_ha_dp_eps1p0_back_loaded_seed27182.csv,validation_only,platt_fixed_0p5,0.5,0.5391238061941235,0.23277638840880496,0.0,0.0,0.0,0.5,0.17182834896491675,0.004460941145630207
89,default_credit_card_clients,full_ha_dp,0.1,27182,1.0,results/predictions/default_credit_ha_dp_fedavg_noniid_alpha0p1_EPS_full_ha_dp_eps1p0_back_loaded_seed27182.csv,validation_only,platt_validation_f1,0.1506581090008438,0.5391238061941235,0.23277638840880496,0.36172566371681414,0.22150719729043183,0.9856819894498869,0.5009728158248793,0.17182834896491675,0.004460941145630207
90,default_credit_card_clients,dp_uniform,0.1,42,2.0,results/predictions/default_credit_ha_dp_fedavg_noniid_alpha0p1_EPS_dp_uniform_eps2p0_uniform_seed42.csv,validation_only,raw_fixed_0p5,0.5,0.6667729655087,0.45605600081093794,0.0,0.0,0.0,0.5,0.21814530467226412,0.21788910713158993
90,default_credit_card_clients,dp_uniform,0.1,42,2.0,results/predictions/default_credit_ha_dp_fedavg_noniid_alpha0p1_EPS_dp_uniform_eps2p0_uniform_seed42.csv,validation_only,raw_validation_f1,0.0043848838528111,0.6667729655087,0.45605600081093794,0.4489977728285078,0.5490196078431373,0.37980406932931426,0.6456050091992174,0.21814530467226412,0.21788910713158993
90,default_credit_card_clients,dp_uniform,0.1,42,2.0,results/predictions/default_credit_ha_dp_fedavg_noniid_alpha0p1_EPS_dp_uniform_eps2p0_uniform_seed42.csv,validation_only,platt_fixed_0p5,0.5,0.6667708690966447,0.4560546484027991,0.0015060240963855422,1.0,0.0007535795026375283,0.5003767897513187,0.15962742655099343,0.07259072439519759
90,default_credit_card_clients,dp_uniform,0.1,42,2.0,results/predictions/default_credit_ha_dp_fedavg_noniid_alpha0p1_EPS_dp_uniform_eps2p0_uniform_seed42.csv,validation_only,platt_validation_f1,0.29756605970389693,0.6667708690966447,0.4560546484027991,0.4489977728285078,0.5490196078431373,0.37980406932931426,0.6456050091992174,0.15962742655099343,0.07259072439519759
91,default_credit_card_clients,scheduler,0.1,42,2.0,results/predictions/default_credit_ha_dp_fedavg_noniid_alpha0p1_EPS_scheduler_eps2p0_back_loaded_seed42.csv,validation_only,raw_fixed_0p5,0.5,0.6724978636754844,0.4610203245487623,0.0,0.0,0.0,0.5,0.21841404729232938,0.2182420883472697
91,default_credit_card_clients,scheduler,0.1,42,2.0,results/predictions/default_credit_ha_dp_fedavg_noniid_alpha0p1_EPS_scheduler_eps2p0_back_loaded_seed42.csv,validation_only,raw_validation_f1,0.003305515684929,0.6724978636754844,0.4610203245487623,0.4634246015529219,0.50625,0.4272795779954785,0.6544700907311011,0.21841404729232938,0.2182420883472697
91,default_credit_card_clients,scheduler,0.1,42,2.0,results/predictions/default_credit_ha_dp_fedavg_noniid_alpha0p1_EPS_scheduler_eps2p0_back_loaded_seed42.csv,validation_only,platt_fixed_0p5,0.5,0.6724943965324699,0.46101856932908475,0.0030075187969924814,0.6666666666666666,0.0015071590052750565,0.5006465818565857,0.15852016487259452,0.07737243108561366
91,default_credit_card_clients,scheduler,0.1,42,2.0,results/predictions/default_credit_ha_dp_fedavg_noniid_alpha0p1_EPS_scheduler_eps2p0_back_loaded_seed42.csv,validation_only,platt_validation_f1,0.28927178912484774,0.6724943965324699,0.46101856932908475,0.4634246015529219,0.50625,0.4272795779954785,0.6544700907311011,0.15852016487259452,0.07737243108561366
92,default_credit_card_clients,full_ha_dp,0.1,42,2.0,results/predictions/default_credit_ha_dp_fedavg_noniid_alpha0p1_EPS_full_ha_dp_eps2p0_back_loaded_seed42.csv,validation_only,raw_fixed_0p5,0.5,0.7169243829009537,0.4921241515441598,0.4932813177286519,0.5806122448979592,0.4287867370007536,0.6704173359730924,0.17275340101751954,0.13846509896097114
92,default_credit_card_clients,full_ha_dp,0.1,42,2.0,results/predictions/default_credit_ha_dp_fedavg_noniid_alpha0p1_EPS_full_ha_dp_eps2p0_back_loaded_seed42.csv,validation_only,raw_validation_f1,0.112500076481384,0.7169243829009537,0.4921241515441598,0.5034435261707989,0.4635383639822448,0.5508666164280331,0.6849132996542049,0.17275340101751954,0.13846509896097114
92,default_credit_card_clients,full_ha_dp,0.1,42,2.0,results/predictions/default_credit_ha_dp_fedavg_noniid_alpha0p1_EPS_full_ha_dp_eps2p0_back_loaded_seed42.csv,validation_only,platt_fixed_0p5,0.5,0.7169243829009537,0.4921241515441598,0.38232161874334397,0.6515426497277677,0.2705350414468726,0.6147239726814933,0.1446159862251367,0.02562684266963497
92,default_credit_card_clients,full_ha_dp,0.1,42,2.0,results/predictions/default_credit_ha_dp_fedavg_noniid_alpha0p1_EPS_full_ha_dp_eps2p0_back_loaded_seed42.csv,validation_only,platt_validation_f1,0.20172264577108465,0.7169243829009537,0.4921241515441598,0.5034435261707989,0.4635383639822448,0.5508666164280331,0.6849132996542049,0.1446159862251367,0.02562684266963497
93,default_credit_card_clients,dp_uniform,0.1,123,2.0,results/predictions/default_credit_ha_dp_fedavg_noniid_alpha0p1_EPS_dp_uniform_eps2p0_uniform_seed123.csv,validation_only,raw_fixed_0p5,0.5,0.5969727648659401,0.33359771206701094,0.0,0.0,0.0,0.5,0.22040692598270054,0.2199743360170714
93,default_credit_card_clients,dp_uniform,0.1,123,2.0,results/predictions/default_credit_ha_dp_fedavg_noniid_alpha0p1_EPS_dp_uniform_eps2p0_uniform_seed123.csv,validation_only,raw_validation_f1,0.0003093093950522,0.5969727648659401,0.33359771206701094,0.36728679314790935,0.24305216967333007,0.7513187641296156,0.5434316910740096,0.22040692598270054,0.2199743360170714
93,default_credit_card_clients,dp_uniform,0.1,123,2.0,results/predictions/default_credit_ha_dp_fedavg_noniid_alpha0p1_EPS_dp_uniform_eps2p0_uniform_seed123.csv,validation_only,platt_fixed_0p5,0.5,0.5969732486533375,0.3335977142267283,0.0,0.0,0.0,0.5,0.16917028803518946,0.03660583783297579
93,default_credit_card_clients,dp_uniform,0.1,123,2.0,results/predictions/default_credit_ha_dp_fedavg_noniid_alpha0p1_EPS_dp_uniform_eps2p0_uniform_seed123.csv,validation_only,platt_validation_f1,0.19870659320804562,0.5969732486533375,0.3335977142267283,0.36728679314790935,0.24305216967333007,0.7513187641296156,0.5434316910740096,0.16917028803518946,0.03660583783297579
94,default_credit_card_clients,scheduler,0.1,123,2.0,results/predictions/default_credit_ha_dp_fedavg_noniid_alpha0p1_EPS_scheduler_eps2p0_back_loaded_seed123.csv,validation_only,raw_fixed_0p5,0.5,0.6196432035691899,0.3706413504534499,0.0,0.0,0.0,0.5,0.22041811348935178,0.22005567729493625
94,default_credit_card_clients,scheduler,0.1,123,2.0,results/predictions/default_credit_ha_dp_fedavg_noniid_alpha0p1_EPS_scheduler_eps2p0_back_loaded_seed123.csv,validation_only,raw_validation_f1,0.0018211520254488,0.6196432035691899,0.3706413504534499,0.36318816762530814,0.3992773261065944,0.33308214016578747,0.5953876354584555,0.22041811348935178,0.22005567729493625
94,default_credit_card_clients,scheduler,0.1,123,2.0,results/predictions/default_credit_ha_dp_fedavg_noniid_alpha0p1_EPS_scheduler_eps2p0_back_loaded_seed123.csv,validation_only,platt_fixed_0p5,0.5,0.6196341728711057,0.3706407800338535,0.0,0.0,0.0,0.5,0.16705706724819322,0.0535529635149442
94,default_credit_card_clients,scheduler,0.1,123,2.0,results/predictions/default_credit_ha_dp_fedavg_noniid_alpha0p1_EPS_scheduler_eps2p0_back_loaded_seed123.csv,validation_only,platt_validation_f1,0.2808339227835151,0.6196341728711057,0.3706407800338535,0.36318816762530814,0.3992773261065944,0.33308214016578747,0.5953876354584555,0.16705706724819322,0.0535529635149442
95,default_credit_card_clients,full_ha_dp,0.1,123,2.0,results/predictions/default_credit_ha_dp_fedavg_noniid_alpha0p1_EPS_full_ha_dp_eps2p0_back_loaded_seed123.csv,validation_only,raw_fixed_0p5,0.5,0.6102657911834908,0.3660625970339736,0.0,0.0,0.0,0.5,0.16860215213951005,0.01992347929690632
95,default_credit_card_clients,full_ha_dp,0.1,123,2.0,results/predictions/default_credit_ha_dp_fedavg_noniid_alpha0p1_EPS_full_ha_dp_eps2p0_back_loaded_seed123.csv,validation_only,raw_validation_f1,0.23788392247199,0.6102657911834908,0.3660625970339736,0.3684913217623498,0.45,0.3119819140919367,0.6018501481437643,0.16860215213951005,0.01992347929690632
95,default_credit_card_clients,full_ha_dp,0.1,123,2.0,results/predictions/default_credit_ha_dp_fedavg_noniid_alpha0p1_EPS_full_ha_dp_eps2p0_back_loaded_seed123.csv,validation_only,platt_fixed_0p5,0.5,0.6102657911834908,0.3660625970339736,0.006001500375093774,0.6666666666666666,0.003014318010550113,0.5012931637131715,0.16639229745174428,0.05905615084798318
95,default_credit_card_clients,full_ha_dp,0.1,123,2.0,results/predictions/default_credit_ha_dp_fedavg_noniid_alpha0p1_EPS_full_ha_dp_eps2p0_back_loaded_seed123.csv,validation_only,platt_validation_f1,0.2997205005107018,0.6102657911834908,0.3660625970339736,0.3684913217623498,0.45,0.3119819140919367,0.6018501481437643,0.16639229745174428,0.05905615084798318
96,default_credit_card_clients,dp_uniform,0.1,2026,2.0,results/predictions/default_credit_ha_dp_fedavg_noniid_alpha0p1_EPS_dp_uniform_eps2p0_uniform_seed2026.csv,validation_only,raw_fixed_0p5,0.5,0.6882359514993459,0.45685670664146105,0.0,0.0,0.0,0.5,0.219222672288192,0.21890994660548055
96,default_credit_card_clients,dp_uniform,0.1,2026,2.0,results/predictions/default_credit_ha_dp_fedavg_noniid_alpha0p1_EPS_dp_uniform_eps2p0_uniform_seed2026.csv,validation_only,raw_validation_f1,0.0024895652215317,0.6882359514993459,0.45685670664146105,0.45639943741209565,0.4278180619644034,0.48907309721175585,0.6516625918329269,0.219222672288192,0.21890994660548055
96,default_credit_card_clients,dp_uniform,0.1,2026,2.0,results/predictions/default_credit_ha_dp_fedavg_noniid_alpha0p1_EPS_dp_uniform_eps2p0_uniform_seed2026.csv,validation_only,platt_fixed_0p5,0.5,0.6882372415990721,0.4568565426523569,0.004511278195488722,1.0,0.002260738507912585,0.5011303692539563,0.15773975225470085,0.06947749886876564
96,default_credit_card_clients,dp_uniform,0.1,2026,2.0,results/predictions/default_credit_ha_dp_fedavg_noniid_alpha0p1_EPS_dp_uniform_eps2p0_uniform_seed2026.csv,validation_only,platt_validation_f1,0.2845407897455135,0.6882372415990721,0.4568565426523569,0.45639943741209565,0.4278180619644034,0.48907309721175585,0.6516625918329269,0.15773975225470085,0.06947749886876564
97,default_credit_card_clients,scheduler,0.1,2026,2.0,results/predictions/default_credit_ha_dp_fedavg_noniid_alpha0p1_EPS_scheduler_eps2p0_back_loaded_seed2026.csv,validation_only,raw_fixed_0p5,0.5,0.6979581430369044,0.4656854388067462,0.0,0.0,0.0,0.5,0.21941246151509763,0.21919072700157372
97,default_credit_card_clients,scheduler,0.1,2026,2.0,results/predictions/default_credit_ha_dp_fedavg_noniid_alpha0p1_EPS_scheduler_eps2p0_back_loaded_seed2026.csv,validation_only,raw_validation_f1,0.0019208494569673,0.6979581430369044,0.4656854388067462,0.4573150318044861,0.4114457831325301,0.5146948003014318,0.6528106999581201,0.21941246151509763,0.21919072700157372
97,default_credit_card_clients,scheduler,0.1,2026,2.0,results/predictions/default_credit_ha_dp_fedavg_noniid_alpha0p1_EPS_scheduler_eps2p0_back_loaded_seed2026.csv,validation_only,platt_fixed_0p5,0.5,0.697957659249507,0.46568529192637625,0.030950626381724394,0.7,0.015825169555388093,0.5069496059632279,0.1553391532916472,0.06402136878749999
97,default_credit_card_clients,scheduler,0.1,2026,2.0,results/predictions/default_credit_ha_dp_fedavg_noniid_alpha0p1_EPS_scheduler_eps2p0_back_loaded_seed2026.csv,validation_only,platt_validation_f1,0.279068845456998,0.697957659249507,0.46568529192637625,0.4573150318044861,0.4114457831325301,0.5146948003014318,0.6528106999581201,0.1553391532916472,0.06402136878749999
98,default_credit_card_clients,full_ha_dp,0.1,2026,2.0,results/predictions/default_credit_ha_dp_fedavg_noniid_alpha0p1_EPS_full_ha_dp_eps2p0_back_loaded_seed2026.csv,validation_only,raw_fixed_0p5,0.5,0.6959463937761718,0.46425333089298504,0.0,0.0,0.0,0.5,0.2106813392711579,0.207690110775402
98,default_credit_card_clients,full_ha_dp,0.1,2026,2.0,results/predictions/default_credit_ha_dp_fedavg_noniid_alpha0p1_EPS_full_ha_dp_eps2p0_back_loaded_seed2026.csv,validation_only,raw_validation_f1,0.0177288363854286,0.6959463937761718,0.46425333089298504,0.47508690614136734,0.4873217115689382,0.46345139412207986,0.6624982200655338,0.2106813392711579,0.207690110775402
98,default_credit_card_clients,full_ha_dp,0.1,2026,2.0,results/predictions/default_credit_ha_dp_fedavg_noniid_alpha0p1_EPS_full_ha_dp_eps2p0_back_loaded_seed2026.csv,validation_only,platt_fixed_0p5,0.5,0.6959461518824732,0.46425319188825886,0.025185185185185185,0.7391304347826086,0.01281085154483798,0.5057634398961083,0.1556145908076113,0.06722311911921346
98,default_credit_card_clients,full_ha_dp,0.1,2026,2.0,results/predictions/default_credit_ha_dp_fedavg_noniid_alpha0p1_EPS_full_ha_dp_eps2p0_back_loaded_seed2026.csv,validation_only,platt_validation_f1,0.29694849054363603,0.6959461518824732,0.46425319188825886,0.47508690614136734,0.4873217115689382,0.46345139412207986,0.6624982200655338,0.1556145908076113,0.06722311911921346
99,default_credit_card_clients,dp_uniform,0.1,31415,2.0,results/predictions/default_credit_ha_dp_fedavg_noniid_alpha0p1_EPS_dp_uniform_eps2p0_uniform_seed31415.csv,validation_only,raw_fixed_0p5,0.5,0.658196382528115,0.43461782591238046,0.0,0.0,0.0,0.5,0.22053010848705337,0.22040937157451218
99,default_credit_card_clients,dp_uniform,0.1,31415,2.0,results/predictions/default_credit_ha_dp_fedavg_noniid_alpha0p1_EPS_dp_uniform_eps2p0_uniform_seed31415.csv,validation_only,raw_validation_f1,0.0012917416336877,0.658196382528115,0.43461782591238046,0.42799461641991926,0.5288248337028825,0.359457422758101,0.6342547118070411,0.22053010848705337,0.22040937157451218
99,default_credit_card_clients,dp_uniform,0.1,31415,2.0,results/predictions/default_credit_ha_dp_fedavg_noniid_alpha0p1_EPS_dp_uniform_eps2p0_uniform_seed31415.csv,validation_only,platt_fixed_0p5,0.5,0.6581950924283886,0.43461552420876953,0.0,0.0,0.0,0.5,0.16290348810263963,0.06902957222542767
99,default_credit_card_clients,dp_uniform,0.1,31415,2.0,results/predictions/default_credit_ha_dp_fedavg_noniid_alpha0p1_EPS_dp_uniform_eps2p0_uniform_seed31415.csv,validation_only,platt_validation_f1,0.29023683999024324,0.6581950924283886,0.43461552420876953,0.42799461641991926,0.5288248337028825,0.359457422758101,0.6342547118070411,0.16290348810263963,0.06902957222542767
100,default_credit_card_clients,scheduler,0.1,31415,2.0,results/predictions/default_credit_ha_dp_fedavg_noniid_alpha0p1_EPS_scheduler_eps2p0_back_loaded_seed31415.csv,validation_only,raw_fixed_0p5,0.5,0.6797423380574097,0.4594340063830208,0.0,0.0,0.0,0.5,0.22057236301509406,0.22048775406528098
100,default_credit_card_clients,scheduler,0.1,31415,2.0,results/predictions/default_credit_ha_dp_fedavg_noniid_alpha0p1_EPS_scheduler_eps2p0_back_loaded_seed31415.csv,validation_only,raw_validation_f1,0.001214400233419,0.6797423380574097,0.4594340063830208,0.4382284382284382,0.5745721271393643,0.3541823662396383,0.6398560022937974,0.22057236301509406,0.22048775406528098
100,default_credit_card_clients,scheduler,0.1,31415,2.0,results/predictions/default_credit_ha_dp_fedavg_noniid_alpha0p1_EPS_scheduler_eps2p0_back_loaded_seed31415.csv,validation_only,platt_fixed_0p5,0.5,0.6797387096519294,0.4594322887320531,0.006006006006006006,0.8,0.003014318010550113,0.5014001613592233,0.15876451362876315,0.0633458348634734
100,default_credit_card_clients,scheduler,0.1,31415,2.0,results/predictions/default_credit_ha_dp_fedavg_noniid_alpha0p1_EPS_scheduler_eps2p0_back_loaded_seed31415.csv,validation_only,platt_validation_f1,0.3115589301407961,0.6797387096519294,0.4594322887320531,0.4382284382284382,0.5745721271393643,0.3541823662396383,0.6398560022937974,0.15876451362876315,0.0633458348634734
101,default_credit_card_clients,full_ha_dp,0.1,31415,2.0,results/predictions/default_credit_ha_dp_fedavg_noniid_alpha0p1_EPS_full_ha_dp_eps2p0_back_loaded_seed31415.csv,validation_only,raw_fixed_0p5,0.5,0.6775511843034856,0.45601572001703883,0.0,0.0,0.0,0.5,0.21937174524736464,0.21904224113607818
101,default_credit_card_clients,full_ha_dp,0.1,31415,2.0,results/predictions/default_credit_ha_dp_fedavg_noniid_alpha0p1_EPS_full_ha_dp_eps2p0_back_loaded_seed31415.csv,validation_only,raw_validation_f1,0.0031028148595067,0.6775511843034856,0.45601572001703883,0.45147855060391506,0.5046554934823091,0.4084400904295403,0.6472972975152196,0.21937174524736464,0.21904224113607818
101,default_credit_card_clients,full_ha_dp,0.1,31415,2.0,results/predictions/default_credit_ha_dp_fedavg_noniid_alpha0p1_EPS_full_ha_dp_eps2p0_back_loaded_seed31415.csv,validation_only,platt_fixed_0p5,0.5,0.6775534419780067,0.45601572001703883,0.008988764044943821,0.75,0.00452147701582517,0.502046743215809,0.1586810220597552,0.06736616213112079
101,default_credit_card_clients,full_ha_dp,0.1,31415,2.0,results/predictions/default_credit_ha_dp_fedavg_noniid_alpha0p1_EPS_full_ha_dp_eps2p0_back_loaded_seed31415.csv,validation_only,platt_validation_f1,0.2955336193025098,0.6775534419780067,0.45601572001703883,0.45147855060391506,0.5046554934823091,0.4084400904295403,0.6472972975152196,0.1586810220597552,0.06736616213112079
102,default_credit_card_clients,dp_uniform,0.1,27182,2.0,results/predictions/default_credit_ha_dp_fedavg_noniid_alpha0p1_EPS_dp_uniform_eps2p0_uniform_seed27182.csv,validation_only,raw_fixed_0p5,0.5,0.5994250831832114,0.3160695594821989,0.0,0.0,0.0,0.5,0.22068680240512428,0.22038119277490964
102,default_credit_card_clients,dp_uniform,0.1,27182,2.0,results/predictions/default_credit_ha_dp_fedavg_noniid_alpha0p1_EPS_dp_uniform_eps2p0_uniform_seed27182.csv,validation_only,raw_validation_f1,0.0004202117069877,0.5994250831832114,0.3160695594821989,0.3678474114441417,0.2632434189145271,0.6103993971363979,0.5626360349687982,0.22068680240512428,0.22038119277490964
102,default_credit_card_clients,dp_uniform,0.1,27182,2.0,results/predictions/default_credit_ha_dp_fedavg_noniid_alpha0p1_EPS_dp_uniform_eps2p0_uniform_seed27182.csv,validation_only,platt_fixed_0p5,0.5,0.5994208097278679,0.31606923671766424,0.0,0.0,0.0,0.5,0.16911711204502405,0.017968544237896282
102,default_credit_card_clients,dp_uniform,0.1,27182,2.0,results/predictions/default_credit_ha_dp_fedavg_noniid_alpha0p1_EPS_dp_uniform_eps2p0_uniform_seed27182.csv,validation_only,platt_validation_f1,0.2271474954593671,0.5994208097278679,0.31606923671766424,0.3678474114441417,0.2632434189145271,0.6103993971363979,0.5626360349687982,0.16911711204502405,0.017968544237896282
103,default_credit_card_clients,scheduler,0.1,27182,2.0,results/predictions/default_credit_ha_dp_fedavg_noniid_alpha0p1_EPS_scheduler_eps2p0_back_loaded_seed27182.csv,validation_only,raw_fixed_0p5,0.5,0.6245393739242786,0.3564153819366235,0.0,0.0,0.0,0.5,0.2206884789273801,0.22043872242150703
103,default_credit_card_clients,scheduler,0.1,27182,2.0,results/predictions/default_credit_ha_dp_fedavg_noniid_alpha0p1_EPS_scheduler_eps2p0_back_loaded_seed27182.csv,validation_only,raw_validation_f1,0.0007227905193769,0.6245393739242786,0.3564153819366235,0.3762945914844649,0.3043275942298744,0.49284099472494347,0.5864590165150504,0.2206884789273801,0.22043872242150703
103,default_credit_card_clients,scheduler,0.1,27182,2.0,results/predictions/default_credit_ha_dp_fedavg_noniid_alpha0p1_EPS_scheduler_eps2p0_back_loaded_seed27182.csv,validation_only,platt_fixed_0p5,0.5,0.6245562258519537,0.35641522081777355,0.0,0.0,0.0,0.5,0.16707716327173044,0.03865246699035746
103,default_credit_card_clients,scheduler,0.1,27182,2.0,results/predictions/default_credit_ha_dp_fedavg_noniid_alpha0p1_EPS_scheduler_eps2p0_back_loaded_seed27182.csv,validation_only,platt_validation_f1,0.25213400813203823,0.6245562258519537,0.35641522081777355,0.3762945914844649,0.3043275942298744,0.49284099472494347,0.5864590165150504,0.16707716327173044,0.03865246699035746
104,default_credit_card_clients,full_ha_dp,0.1,27182,2.0,results/predictions/default_credit_ha_dp_fedavg_noniid_alpha0p1_EPS_full_ha_dp_eps2p0_back_loaded_seed27182.csv,validation_only,raw_fixed_0p5,0.5,0.6035649325737441,0.32063102502623597,0.0,0.0,0.0,0.5,0.22064321004846443,0.22029416680581404
104,default_credit_card_clients,full_ha_dp,0.1,27182,2.0,results/predictions/default_credit_ha_dp_fedavg_noniid_alpha0p1_EPS_full_ha_dp_eps2p0_back_loaded_seed27182.csv,validation_only,raw_validation_f1,0.0007367089398319,0.6035649325737441,0.32063102502623597,0.3611540443070582,0.27436399217221136,0.5282592313489073,0.5657559798944408,0.22064321004846443,0.22029416680581404
104,default_credit_card_clients,full_ha_dp,0.1,27182,2.0,results/predictions/default_credit_ha_dp_fedavg_noniid_alpha0p1_EPS_full_ha_dp_eps2p0_back_loaded_seed27182.csv,validation_only,platt_fixed_0p5,0.5,0.6035813813452547,0.32063177794390085,0.0,0.0,0.0,0.5,0.16887204040193615,0.020731902569445206
104,default_credit_card_clients,full_ha_dp,0.1,27182,2.0,results/predictions/default_credit_ha_dp_fedavg_noniid_alpha0p1_EPS_full_ha_dp_eps2p0_back_loaded_seed27182.csv,validation_only,platt_validation_f1,0.24001567687878414,0.6035813813452547,0.32063177794390085,0.3611540443070582,0.27436399217221136,0.5282592313489073,0.5657559798944408,0.16887204040193615,0.020731902569445206
105,default_credit_card_clients,dp_uniform,0.1,42,3.0,results/predictions/default_credit_ha_dp_fedavg_noniid_alpha0p1_EPS_dp_uniform_eps3p0_uniform_seed42.csv,validation_only,raw_fixed_0p5,0.5,0.679247181656201,0.46986382549032996,0.0,0.0,0.0,0.5,0.2183152095069249,0.21821882849643617
105,default_credit_card_clients,dp_uniform,0.1,42,3.0,results/predictions/default_credit_ha_dp_fedavg_noniid_alpha0p1_EPS_dp_uniform_eps3p0_uniform_seed42.csv,validation_only,raw_validation_f1,0.0034697553955876,0.679247181656201,0.46986382549032996,0.46849894291754757,0.5337186897880539,0.41748304446119067,0.6569546615415305,0.2183152095069249,0.21821882849643617
105,default_credit_card_clients,dp_uniform,0.1,42,3.0,results/predictions/default_credit_ha_dp_fedavg_noniid_alpha0p1_EPS_dp_uniform_eps3p0_uniform_seed42.csv,validation_only,platt_fixed_0p5,0.5,0.6792483911246945,0.4698629738122196,0.006010518407212622,1.0,0.003014318010550113,0.5015071590052751,0.15778323871920133,0.07340574448646223
105,default_credit_card_clients,dp_uniform,0.1,42,3.0,results/predictions/default_credit_ha_dp_fedavg_noniid_alpha0p1_EPS_dp_uniform_eps3p0_uniform_seed42.csv,validation_only,platt_validation_f1,0.2945204328568701,0.6792483911246945,0.4698629738122196,0.46849894291754757,0.5337186897880539,0.41748304446119067,0.6569546615415305,0.15778323871920133,0.07340574448646223
106,default_credit_card_clients,scheduler,0.1,42,3.0,results/predictions/default_credit_ha_dp_fedavg_noniid_alpha0p1_EPS_scheduler_eps3p0_back_loaded_seed42.csv,validation_only,raw_fixed_0p5,0.5,0.6821722408919363,0.47103165162792127,0.0,0.0,0.0,0.5,0.21859434381458892,0.21853148877180692
106,default_credit_card_clients,scheduler,0.1,42,3.0,results/predictions/default_credit_ha_dp_fedavg_noniid_alpha0p1_EPS_scheduler_eps3p0_back_loaded_seed42.csv,validation_only,raw_validation_f1,0.0028402574986243,0.6821722408919363,0.47103165162792127,0.46323240267400706,0.484375,0.44385832705350414,0.6548416394522817,0.21859434381458892,0.21853148877180692
106,default_credit_card_clients,scheduler,0.1,42,3.0,results/predictions/default_credit_ha_dp_fedavg_noniid_alpha0p1_EPS_scheduler_eps3p0_back_loaded_seed42.csv,validation_only,platt_fixed_0p5,0.5,0.6821715958420731,0.47102987788112544,0.020864381520119227,0.9333333333333333,0.010550113036925395,0.5051680588724109,0.1573947351343119,0.07493085367402225
106,default_credit_card_clients,scheduler,0.1,42,3.0,results/predictions/default_credit_ha_dp_fedavg_noniid_alpha0p1_EPS_scheduler_eps3p0_back_loaded_seed42.csv,validation_only,platt_validation_f1,0.29024287493392437,0.6821715958420731,0.47102987788112544,0.46323240267400706,0.484375,0.44385832705350414,0.6548416394522817,0.1573947351343119,0.07493085367402225
107,default_credit_card_clients,full_ha_dp,0.1,42,3.0,results/predictions/default_credit_ha_dp_fedavg_noniid_alpha0p1_EPS_full_ha_dp_eps3p0_back_loaded_seed42.csv,validation_only,raw_fixed_0p5,0.5,0.7224993069745532,0.49583836173829265,0.49742268041237114,0.5784215784215784,0.43632253202712884,0.6730082593797103,0.17359853576596493,0.13975204969570404
107,default_credit_card_clients,full_ha_dp,0.1,42,3.0,results/predictions/default_credit_ha_dp_fedavg_noniid_alpha0p1_EPS_full_ha_dp_eps3p0_back_loaded_seed42.csv,validation_only,raw_validation_f1,0.2919216221349417,0.7224993069745532,0.49583836173829265,0.5083665338645418,0.5393068469991547,0.48078372268274305,0.6820781442431476,0.17359853576596493,0.13975204969570404
107,default_credit_card_clients,full_ha_dp,0.1,42,3.0,results/predictions/default_credit_ha_dp_fedavg_noniid_alpha0p1_EPS_full_ha_dp_eps3p0_back_loaded_seed42.csv,validation_only,platt_fixed_0p5,0.5,0.7224993069745532,0.49583836173829265,0.38782051282051283,0.6660550458715596,0.27354935945742276,0.6173011081472861,0.1437277709596889,0.02338832838190778
107,default_credit_card_clients,full_ha_dp,0.1,42,3.0,results/predictions/default_credit_ha_dp_fedavg_noniid_alpha0p1_EPS_full_ha_dp_eps3p0_back_loaded_seed42.csv,validation_only,platt_validation_f1,0.24638747446646853,0.7224993069745532,0.49583836173829265,0.5083665338645418,0.5393068469991547,0.48078372268274305,0.6820781442431476,0.1437277709596889,0.02338832838190778
108,default_credit_card_clients,dp_uniform,0.1,123,3.0,results/predictions/default_credit_ha_dp_fedavg_noniid_alpha0p1_EPS_dp_uniform_eps3p0_uniform_seed123.csv,validation_only,raw_fixed_0p5,0.5,0.6194833118343589,0.3689813260584248,0.0,0.0,0.0,0.5,0.2203408817537389,0.2200077921116592
108,default_credit_card_clients,dp_uniform,0.1,123,3.0,results/predictions/default_credit_ha_dp_fedavg_noniid_alpha0p1_EPS_dp_uniform_eps3p0_uniform_seed123.csv,validation_only,raw_validation_f1,0.0003439533865841,0.6194833118343589,0.3689813260584248,0.37265625,0.25151595043501185,0.718914845516202,0.5556911056170781,0.2203408817537389,0.2200077921116592
108,default_credit_card_clients,dp_uniform,0.1,123,3.0,results/predictions/default_credit_ha_dp_fedavg_noniid_alpha0p1_EPS_dp_uniform_eps3p0_uniform_seed123.csv,validation_only,platt_fixed_0p5,0.5,0.6194930682135392,0.3689813282343419,0.0,0.0,0.0,0.5,0.16706802803454673,0.050026068630614734
108,default_credit_card_clients,dp_uniform,0.1,123,3.0,results/predictions/default_credit_ha_dp_fedavg_noniid_alpha0p1_EPS_dp_uniform_eps3p0_uniform_seed123.csv,validation_only,platt_validation_f1,0.2010672967622693,0.6194930682135392,0.3689813282343419,0.37265625,0.25151595043501185,0.718914845516202,0.5556911056170781,0.16706802803454673,0.050026068630614734
109,default_credit_card_clients,scheduler,0.1,123,3.0,results/predictions/default_credit_ha_dp_fedavg_noniid_alpha0p1_EPS_scheduler_eps3p0_back_loaded_seed123.csv,validation_only,raw_fixed_0p5,0.5,0.6417447889243648,0.4046319159874265,0.0,0.0,0.0,0.5,0.22037285999259892,0.22010430384293905
109,default_credit_card_clients,scheduler,0.1,123,3.0,results/predictions/default_credit_ha_dp_fedavg_noniid_alpha0p1_EPS_scheduler_eps3p0_back_loaded_seed123.csv,validation_only,raw_validation_f1,0.0019676322644223,0.6417447889243648,0.4046319159874265,0.39079379990605917,0.5187032418952618,0.31348907309721175,0.6154434451726161,0.22037285999259892,0.22010430384293905
109,default_credit_card_clients,scheduler,0.1,123,3.0,results/predictions/default_credit_ha_dp_fedavg_noniid_alpha0p1_EPS_scheduler_eps3p0_back_loaded_seed123.csv,validation_only,platt_fixed_0p5,0.5,0.6417367258010753,0.40463115260147386,0.0,0.0,0.0,0.5,0.16421802710012348,0.0617210993037848
109,default_credit_card_clients,scheduler,0.1,123,3.0,results/predictions/default_credit_ha_dp_fedavg_noniid_alpha0p1_EPS_scheduler_eps3p0_back_loaded_seed123.csv,validation_only,platt_validation_f1,0.30222507906170154,0.6417367258010753,0.40463115260147386,0.39079379990605917,0.5187032418952618,0.31348907309721175,0.6154434451726161,0.16421802710012348,0.0617210993037848
110,default_credit_card_clients,full_ha_dp,0.1,123,3.0,results/predictions/default_credit_ha_dp_fedavg_noniid_alpha0p1_EPS_full_ha_dp_eps3p0_back_loaded_seed123.csv,validation_only,raw_fixed_0p5,0.5,0.6293870042771643,0.3865849113057721,0.0,0.0,0.0,0.5,0.22039081192118942,0.22007085430865317
110,default_credit_card_clients,full_ha_dp,0.1,123,3.0,results/predictions/default_credit_ha_dp_fedavg_noniid_alpha0p1_EPS_full_ha_dp_eps3p0_back_loaded_seed123.csv,validation_only,raw_validation_f1,0.0020230437503483,0.6293870042771643,0.3865849113057721,0.3686131386861314,0.46705202312138727,0.3044461190655614,0.602897144702907,0.22039081192118942,0.22007085430865317
110,default_credit_card_clients,full_ha_dp,0.1,123,3.0,results/predictions/default_credit_ha_dp_fedavg_noniid_alpha0p1_EPS_full_ha_dp_eps3p0_back_loaded_seed123.csv,validation_only,platt_fixed_0p5,0.5,0.6293776510541486,0.3865843761968496,0.0,0.0,0.0,0.5,0.16592806972973492,0.055986205401926996
110,default_credit_card_clients,full_ha_dp,0.1,123,3.0,results/predictions/default_credit_ha_dp_fedavg_noniid_alpha0p1_EPS_full_ha_dp_eps3p0_back_loaded_seed123.csv,validation_only,platt_validation_f1,0.2940379201336199,0.6293776510541486,0.3865843761968496,0.3686131386861314,0.46705202312138727,0.3044461190655614,0.602897144702907,0.16592806972973492,0.055986205401926996
111,default_credit_card_clients,dp_uniform,0.1,2026,3.0,results/predictions/default_credit_ha_dp_fedavg_noniid_alpha0p1_EPS_dp_uniform_eps3p0_uniform_seed2026.csv,validation_only,raw_fixed_0p5,0.5,0.6953543186330232,0.46200429949979893,0.0,0.0,0.0,0.5,0.21950745175242492,0.21929944152513534
111,default_credit_card_clients,dp_uniform,0.1,2026,3.0,results/predictions/default_credit_ha_dp_fedavg_noniid_alpha0p1_EPS_dp_uniform_eps3p0_uniform_seed2026.csv,validation_only,raw_validation_f1,0.002175270489426,0.6953543186330232,0.46200429949979893,0.46871529063309886,0.4606986899563319,0.4770158251695554,0.6592226568604036,0.21950745175242492,0.21929944152513534
111,default_credit_card_clients,dp_uniform,0.1,2026,3.0,results/predictions/default_credit_ha_dp_fedavg_noniid_alpha0p1_EPS_dp_uniform_eps3p0_uniform_seed2026.csv,validation_only,platt_fixed_0p5,0.5,0.6953564150450785,0.4620036227090609,0.006010518407212622,1.0,0.003014318010550113,0.5015071590052751,0.15700863427005043,0.07164342380910055
111,default_credit_card_clients,dp_uniform,0.1,2026,3.0,results/predictions/default_credit_ha_dp_fedavg_noniid_alpha0p1_EPS_dp_uniform_eps3p0_uniform_seed2026.csv,validation_only,platt_validation_f1,0.2923903171669503,0.6953564150450785,0.4620036227090609,0.46871529063309886,0.4606986899563319,0.4770158251695554,0.6592226568604036,0.15700863427005043,0.07164342380910055
112,default_credit_card_clients,scheduler,0.1,2026,3.0,results/predictions/default_credit_ha_dp_fedavg_noniid_alpha0p1_EPS_scheduler_eps3p0_back_loaded_seed2026.csv,validation_only,raw_fixed_0p5,0.5,0.7056915652151057,0.4726714840636925,0.0,0.0,0.0,0.5,0.21966736233726375,0.21954422375867785
112,default_credit_card_clients,scheduler,0.1,2026,3.0,results/predictions/default_credit_ha_dp_fedavg_noniid_alpha0p1_EPS_scheduler_eps3p0_back_loaded_seed2026.csv,validation_only,raw_validation_f1,0.001628483862356,0.7056915652151057,0.4726714840636925,0.46744104188665964,0.4385733157199472,0.5003767897513187,0.6592403957316405,0.21966736233726375,0.21954422375867785
112,default_credit_card_clients,scheduler,0.1,2026,3.0,results/predictions/default_credit_ha_dp_fedavg_noniid_alpha0p1_EPS_scheduler_eps3p0_back_loaded_seed2026.csv,validation_only,platt_fixed_0p5,0.5,0.7056973706638741,0.47267125057205683,0.030973451327433628,0.7241379310344828,0.015825169555388093,0.5070566036092797,0.15441121805508884,0.06696551606005466
112,default_credit_card_clients,scheduler,0.1,2026,3.0,results/predictions/default_credit_ha_dp_fedavg_noniid_alpha0p1_EPS_scheduler_eps3p0_back_loaded_seed2026.csv,validation_only,platt_validation_f1,0.2870877698651411,0.7056973706638741,0.47267125057205683,0.46744104188665964,0.4385733157199472,0.5003767897513187,0.6592403957316405,0.15441121805508884,0.06696551606005466
113,default_credit_card_clients,full_ha_dp,0.1,2026,3.0,results/predictions/default_credit_ha_dp_fedavg_noniid_alpha0p1_EPS_full_ha_dp_eps3p0_back_loaded_seed2026.csv,validation_only,raw_fixed_0p5,0.5,0.7037423857910996,0.4711993492675065,0.0,0.0,0.0,0.5,0.21048242387275093,0.20795204633139117
113,default_credit_card_clients,full_ha_dp,0.1,2026,3.0,results/predictions/default_credit_ha_dp_fedavg_noniid_alpha0p1_EPS_full_ha_dp_eps3p0_back_loaded_seed2026.csv,validation_only,raw_validation_f1,0.01712046236982,0.7037423857910996,0.4711993492675065,0.48801571709233793,0.5098522167487685,0.46797287113790503,0.6701088408760357,0.21048242387275093,0.20795204633139117
113,default_credit_card_clients,full_ha_dp,0.1,2026,3.0,results/predictions/default_credit_ha_dp_fedavg_noniid_alpha0p1_EPS_full_ha_dp_eps3p0_back_loaded_seed2026.csv,validation_only,platt_fixed_0p5,0.5,0.7037427083160311,0.47119934926750645,0.028106508875739646,0.76,0.014318010550113038,0.5065170193987458,0.15452670320961884,0.06987252615955222
113,default_credit_card_clients,full_ha_dp,0.1,2026,3.0,results/predictions/default_credit_ha_dp_fedavg_noniid_alpha0p1_EPS_full_ha_dp_eps3p0_back_loaded_seed2026.csv,validation_only,platt_validation_f1,0.2988624868544803,0.7037427083160311,0.47119934926750645,0.48801571709233793,0.5098522167487685,0.46797287113790503,0.6701088408760357,0.15452670320961884,0.06987252615955222
114,default_credit_card_clients,dp_uniform,0.1,31415,3.0,results/predictions/default_credit_ha_dp_fedavg_noniid_alpha0p1_EPS_dp_uniform_eps3p0_uniform_seed31415.csv,validation_only,raw_fixed_0p5,0.5,0.6672977135723812,0.44110859244314493,0.0,0.0,0.0,0.5,0.2206088302637,0.22052697061539686
114,default_credit_card_clients,dp_uniform,0.1,31415,3.0,results/predictions/default_credit_ha_dp_fedavg_noniid_alpha0p1_EPS_dp_uniform_eps3p0_uniform_seed31415.csv,validation_only,raw_validation_f1,0.001097335712507,0.6672977135723812,0.44110859244314493,0.4341573033707865,0.5378619153674833,0.36397889977392617,0.6375854267754715,0.2206088302637,0.22052697061539686
114,default_credit_card_clients,dp_uniform,0.1,31415,3.0,results/predictions/default_credit_ha_dp_fedavg_noniid_alpha0p1_EPS_dp_uniform_eps3p0_uniform_seed31415.csv,validation_only,platt_fixed_0p5,0.5,0.6673011000841629,0.4411047722192211,0.0,0.0,0.0,0.5,0.16182512119097608,0.0665245794973342
114,default_credit_card_clients,dp_uniform,0.1,31415,3.0,results/predictions/default_credit_ha_dp_fedavg_noniid_alpha0p1_EPS_dp_uniform_eps3p0_uniform_seed31415.csv,validation_only,platt_validation_f1,0.2956457732971979,0.6673011000841629,0.4411047722192211,0.4341573033707865,0.5378619153674833,0.36397889977392617,0.6375854267754715,0.16182512119097608,0.0665245794973342
115,default_credit_card_clients,scheduler,0.1,31415,3.0,results/predictions/default_credit_ha_dp_fedavg_noniid_alpha0p1_EPS_scheduler_eps3p0_back_loaded_seed31415.csv,validation_only,raw_fixed_0p5,0.5,0.6891746603127105,0.4655988973471047,0.0,0.0,0.0,0.5,0.22064338541560286,0.2205934586594204
115,default_credit_card_clients,scheduler,0.1,31415,3.0,results/predictions/default_credit_ha_dp_fedavg_noniid_alpha0p1_EPS_scheduler_eps3p0_back_loaded_seed31415.csv,validation_only,raw_validation_f1,0.0009455262813735,0.6891746603127105,0.4655988973471047,0.4444444444444444,0.5513392857142857,0.37226827430293896,0.6431210834386512,0.22064338541560286,0.2205934586594204
115,default_credit_card_clients,scheduler,0.1,31415,3.0,results/predictions/default_credit_ha_dp_fedavg_noniid_alpha0p1_EPS_scheduler_eps3p0_back_loaded_seed31415.csv,validation_only,platt_fixed_0p5,0.5,0.6891603079532552,0.4655920587057609,0.010479041916167664,0.7777777777777778,0.0052750565184626974,0.5024235329671277,0.15733961310367803,0.05883654030715022
115,default_credit_card_clients,scheduler,0.1,31415,3.0,results/predictions/default_credit_ha_dp_fedavg_noniid_alpha0p1_EPS_scheduler_eps3p0_back_loaded_seed31415.csv,validation_only,platt_validation_f1,0.3118362851860415,0.6891603079532552,0.4655920587057609,0.4444444444444444,0.5513392857142857,0.37226827430293896,0.6431210834386512,0.15733961310367803,0.05883654030715022
116,default_credit_card_clients,full_ha_dp,0.1,31415,3.0,results/predictions/default_credit_ha_dp_fedavg_noniid_alpha0p1_EPS_full_ha_dp_eps3p0_back_loaded_seed31415.csv,validation_only,raw_fixed_0p5,0.5,0.6853116179447066,0.46257217692426733,0.0,0.0,0.0,0.5,0.21973148139465498,0.21954074565239173
116,default_credit_card_clients,full_ha_dp,0.1,31415,3.0,results/predictions/default_credit_ha_dp_fedavg_noniid_alpha0p1_EPS_full_ha_dp_eps3p0_back_loaded_seed31415.csv,validation_only,raw_validation_f1,0.0023274213479184,0.6853116179447066,0.46257217692426733,0.4584913611462284,0.5200764818355641,0.40994724943481536,0.6512608063994106,0.21973148139465498,0.21954074565239173
116,default_credit_card_clients,full_ha_dp,0.1,31415,3.0,results/predictions/default_credit_ha_dp_fedavg_noniid_alpha0p1_EPS_full_ha_dp_eps3p0_back_loaded_seed31415.csv,validation_only,platt_fixed_0p5,0.5,0.6853127467819672,0.46257121796092626,0.01344286781179985,0.75,0.006782215523737754,0.5030701148237136,0.15760990260203464,0.06478406000077978
116,default_credit_card_clients,full_ha_dp,0.1,31415,3.0,results/predictions/default_credit_ha_dp_fedavg_noniid_alpha0p1_EPS_full_ha_dp_eps3p0_back_loaded_seed31415.csv,validation_only,platt_validation_f1,0.29824342827387335,0.6853127467819672,0.46257121796092626,0.4584913611462284,0.5200764818355641,0.40994724943481536,0.6512608063994106,0.15760990260203464,0.06478406000077978
117,default_credit_card_clients,dp_uniform,0.1,27182,3.0,results/predictions/default_credit_ha_dp_fedavg_noniid_alpha0p1_EPS_dp_uniform_eps3p0_uniform_seed27182.csv,validation_only,raw_fixed_0p5,0.5,0.618185148984748,0.3509286313119254,0.0,0.0,0.0,0.5,0.22069708846391456,0.22047727215224985
117,default_credit_card_clients,dp_uniform,0.1,27182,3.0,results/predictions/default_credit_ha_dp_fedavg_noniid_alpha0p1_EPS_dp_uniform_eps3p0_uniform_seed27182.csv,validation_only,raw_validation_f1,0.0006307623139407,0.618185148984748,0.3509286313119254,0.3647260273972603,0.29352319706017455,0.48153730218538054,0.5762062714650421,0.22069708846391456,0.22047727215224985
117,default_credit_card_clients,dp_uniform,0.1,27182,3.0,results/predictions/default_credit_ha_dp_fedavg_noniid_alpha0p1_EPS_dp_uniform_eps3p0_uniform_seed27182.csv,validation_only,platt_fixed_0p5,0.5,0.6181769245989926,0.3509278892416987,0.0,0.0,0.0,0.5,0.1675347651802259,0.0378522435224221
117,default_credit_card_clients,dp_uniform,0.1,27182,3.0,results/predictions/default_credit_ha_dp_fedavg_noniid_alpha0p1_EPS_dp_uniform_eps3p0_uniform_seed27182.csv,validation_only,platt_validation_f1,0.25179888917762633,0.6181769245989926,0.3509278892416987,0.3647260273972603,0.29352319706017455,0.48153730218538054,0.5762062714650421,0.1675347651802259,0.0378522435224221
118,default_credit_card_clients,scheduler,0.1,27182,3.0,results/predictions/default_credit_ha_dp_fedavg_noniid_alpha0p1_EPS_scheduler_eps3p0_back_loaded_seed27182.csv,validation_only,raw_fixed_0p5,0.5,0.6442062185709534,0.3932113334856382,0.0,0.0,0.0,0.5,0.2206945763189939,0.22052513000347435
118,default_credit_card_clients,scheduler,0.1,27182,3.0,results/predictions/default_credit_ha_dp_fedavg_noniid_alpha0p1_EPS_scheduler_eps3p0_back_loaded_seed27182.csv,validation_only,raw_validation_f1,0.0006140977935169,0.6442062185709534,0.3932113334856382,0.38759231905465286,0.31875607385811466,0.49434815373021856,0.597163377100504,0.2206945763189939,0.22052513000347435
118,default_credit_card_clients,scheduler,0.1,27182,3.0,results/predictions/default_credit_ha_dp_fedavg_noniid_alpha0p1_EPS_scheduler_eps3p0_back_loaded_seed27182.csv,validation_only,platt_fixed_0p5,0.5,0.6442181519934218,0.39321054804311584,0.0,0.0,0.0,0.5,0.16464120760292522,0.05267139604872175
118,default_credit_card_clients,scheduler,0.1,27182,3.0,results/predictions/default_credit_ha_dp_fedavg_noniid_alpha0p1_EPS_scheduler_eps3p0_back_loaded_seed27182.csv,validation_only,platt_validation_f1,0.25819031943008847,0.6442181519934218,0.39321054804311584,0.38759231905465286,0.31875607385811466,0.49434815373021856,0.597163377100504,0.16464120760292522,0.05267139604872175
119,default_credit_card_clients,full_ha_dp,0.1,27182,3.0,results/predictions/default_credit_ha_dp_fedavg_noniid_alpha0p1_EPS_full_ha_dp_eps3p0_back_loaded_seed27182.csv,validation_only,raw_fixed_0p5,0.5,0.6244089125894543,0.3600864897632537,0.0,0.0,0.0,0.5,0.22071775243324357,0.2204977676634189
119,default_credit_card_clients,full_ha_dp,0.1,27182,3.0,results/predictions/default_credit_ha_dp_fedavg_noniid_alpha0p1_EPS_full_ha_dp_eps3p0_back_loaded_seed27182.csv,validation_only,raw_validation_f1,0.0006424904814453,0.6244089125894543,0.3600864897632537,0.37492844876931886,0.30226119058606365,0.493594574227581,0.5850168462834888,0.22071775243324357,0.2204977676634189
119,default_credit_card_clients,full_ha_dp,0.1,27182,3.0,results/predictions/default_credit_ha_dp_fedavg_noniid_alpha0p1_EPS_full_ha_dp_eps3p0_back_loaded_seed27182.csv,validation_only,platt_fixed_0p5,0.5,0.6244110090015096,0.36008567937504055,0.0,0.0,0.0,0.5,0.16698197110979512,0.039949574338439146
119,default_credit_card_clients,full_ha_dp,0.1,27182,3.0,results/predictions/default_credit_ha_dp_fedavg_noniid_alpha0p1_EPS_full_ha_dp_eps3p0_back_loaded_seed27182.csv,validation_only,platt_validation_f1,0.2519808167811064,0.6244110090015096,0.36008567937504055,0.37492844876931886,0.30226119058606365,0.493594574227581,0.5850168462834888,0.16698197110979512,0.039949574338439146
120,default_credit_card_clients,dp_uniform,0.1,42,5.0,results/predictions/default_credit_ha_dp_fedavg_noniid_alpha0p1_EPS_dp_uniform_eps5p0_uniform_seed42.csv,validation_only,raw_fixed_0p5,0.5,0.6872287061380203,0.4771168881315505,0.0,0.0,0.0,0.5,0.2188904571643749,0.2188256971573406
120,default_credit_card_clients,dp_uniform,0.1,42,5.0,results/predictions/default_credit_ha_dp_fedavg_noniid_alpha0p1_EPS_dp_uniform_eps5p0_uniform_seed42.csv,validation_only,raw_validation_f1,0.002699063877984,0.6872287061380203,0.4771168881315505,0.47015535568274736,0.5138516532618409,0.43330821401657876,0.6584473875561173,0.2188904571643749,0.2188256971573406
120,default_credit_card_clients,dp_uniform,0.1,42,5.0,results/predictions/default_credit_ha_dp_fedavg_noniid_alpha0p1_EPS_dp_uniform_eps5p0_uniform_seed42.csv,validation_only,platt_fixed_0p5,0.5,0.6872214493270598,0.4771135600810832,0.0,0.0,0.0,0.5,0.1576371683555763,0.07346275243624432
120,default_credit_card_clients,dp_uniform,0.1,42,5.0,results/predictions/default_credit_ha_dp_fedavg_noniid_alpha0p1_EPS_dp_uniform_eps5p0_uniform_seed42.csv,validation_only,platt_validation_f1,0.2913795568038264,0.6872214493270598,0.4771135600810832,0.47015535568274736,0.5138516532618409,0.43330821401657876,0.6584473875561173,0.1576371683555763,0.07346275243624432
121,default_credit_card_clients,scheduler,0.1,42,5.0,results/predictions/default_credit_ha_dp_fedavg_noniid_alpha0p1_EPS_scheduler_eps5p0_back_loaded_seed42.csv,validation_only,raw_fixed_0p5,0.5,0.6897968915369619,0.47552420269085877,0.0,0.0,0.0,0.5,0.21889140238821195,0.21891431617727153
121,default_credit_card_clients,scheduler,0.1,42,5.0,results/predictions/default_credit_ha_dp_fedavg_noniid_alpha0p1_EPS_scheduler_eps5p0_back_loaded_seed42.csv,validation_only,raw_validation_f1,0.002343112243466,0.6897968915369619,0.47552420269085877,0.46748278500382556,0.47474747474747475,0.4604370761115298,0.6578881293247569,0.21889140238821195,0.21891431617727153
121,default_credit_card_clients,scheduler,0.1,42,5.0,results/predictions/default_credit_ha_dp_fedavg_noniid_alpha0p1_EPS_scheduler_eps5p0_back_loaded_seed42.csv,validation_only,platt_fixed_0p5,0.5,0.6897809265528487,0.47551791341739746,0.025241276911655532,0.85,0.01281085154483798,0.5060844328342636,0.15683874988832894,0.0668128443643776
121,default_credit_card_clients,scheduler,0.1,42,5.0,results/predictions/default_credit_ha_dp_fedavg_noniid_alpha0p1_EPS_scheduler_eps5p0_back_loaded_seed42.csv,validation_only,platt_validation_f1,0.2918988461111546,0.6897809265528487,0.47551791341739746,0.46748278500382556,0.47474747474747475,0.4604370761115298,0.6578881293247569,0.15683874988832894,0.0668128443643776
122,default_credit_card_clients,full_ha_dp,0.1,42,5.0,results/predictions/default_credit_ha_dp_fedavg_noniid_alpha0p1_EPS_full_ha_dp_eps5p0_back_loaded_seed42.csv,validation_only,raw_fixed_0p5,0.5,0.7276332588354496,0.5002488896085368,0.4989447024060785,0.5671785028790787,0.4453654860587792,0.6744268046600337,0.17426226935785713,0.1429866540380616
122,default_credit_card_clients,full_ha_dp,0.1,42,5.0,results/predictions/default_credit_ha_dp_fedavg_noniid_alpha0p1_EPS_full_ha_dp_eps5p0_back_loaded_seed42.csv,validation_only,raw_validation_f1,0.3709332168704603,0.7276332588354496,0.5002488896085368,0.5136959110758237,0.5427852348993288,0.4875659382064808,0.6854692520050165,0.17426226935785713,0.1429866540380616
122,default_credit_card_clients,full_ha_dp,0.1,42,5.0,results/predictions/default_credit_ha_dp_fedavg_noniid_alpha0p1_EPS_full_ha_dp_eps5p0_back_loaded_seed42.csv,validation_only,platt_fixed_0p5,0.5,0.7276332588354496,0.5002488896085368,0.3953241232731137,0.6702702702702703,0.2803315749811605,0.6205852182631033,0.1429639121252423,0.022030548673169597
122,default_credit_card_clients,full_ha_dp,0.1,42,5.0,results/predictions/default_credit_ha_dp_fedavg_noniid_alpha0p1_EPS_full_ha_dp_eps5p0_back_loaded_seed42.csv,validation_only,platt_validation_f1,0.2558462416622131,0.7276332588354496,0.5002488896085368,0.5136959110758237,0.5427852348993288,0.4875659382064808,0.6854692520050165,0.1429639121252423,0.022030548673169597
123,default_credit_card_clients,dp_uniform,0.1,123,5.0,results/predictions/default_credit_ha_dp_fedavg_noniid_alpha0p1_EPS_dp_uniform_eps5p0_uniform_seed123.csv,validation_only,raw_fixed_0p5,0.5,0.6386461306442065,0.39797944889309766,0.0,0.0,0.0,0.5,0.2202831730237142,0.22003940370657082
123,default_credit_card_clients,dp_uniform,0.1,123,5.0,results/predictions/default_credit_ha_dp_fedavg_noniid_alpha0p1_EPS_dp_uniform_eps5p0_uniform_seed123.csv,validation_only,raw_validation_f1,0.0019332120241509,0.6386461306442065,0.39797944889309766,0.3821826280623608,0.4673202614379085,0.32328560663149963,0.609320954396426,0.2202831730237142,0.22003940370657082
123,default_credit_card_clients,dp_uniform,0.1,123,5.0,results/predictions/default_credit_ha_dp_fedavg_noniid_alpha0p1_EPS_dp_uniform_eps5p0_uniform_seed123.csv,validation_only,platt_fixed_0p5,0.5,0.6386570964918801,0.3979788889090141,0.0,0.0,0.0,0.5,0.16468459852232287,0.05715903261308516
123,default_credit_card_clients,dp_uniform,0.1,123,5.0,results/predictions/default_credit_ha_dp_fedavg_noniid_alpha0p1_EPS_dp_uniform_eps5p0_uniform_seed123.csv,validation_only,platt_validation_f1,0.2968199450607031,0.6386570964918801,0.3979788889090141,0.3821826280623608,0.4673202614379085,0.32328560663149963,0.609320954396426,0.16468459852232287,0.05715903261308516
124,default_credit_card_clients,scheduler,0.1,123,5.0,results/predictions/default_credit_ha_dp_fedavg_noniid_alpha0p1_EPS_scheduler_eps5p0_back_loaded_seed123.csv,validation_only,raw_fixed_0p5,0.5,0.6586818631813762,0.42733819941055146,0.0,0.0,0.0,0.5,0.22034775288944186,0.22015083002936817
124,default_credit_card_clients,scheduler,0.1,123,5.0,results/predictions/default_credit_ha_dp_fedavg_noniid_alpha0p1_EPS_scheduler_eps5p0_back_loaded_seed123.csv,validation_only,raw_validation_f1,0.0016204424525958,0.6586818631813762,0.42733819941055146,0.4293286219081272,0.5186766275346851,0.36623963828183875,0.6348638807715635,0.22034775288944186,0.22015083002936817
124,default_credit_card_clients,scheduler,0.1,123,5.0,results/predictions/default_credit_ha_dp_fedavg_noniid_alpha0p1_EPS_scheduler_eps5p0_back_loaded_seed123.csv,validation_only,platt_fixed_0p5,0.5,0.65868057308165,0.4273371868314054,0.003003003003003003,0.4,0.0015071590052750565,0.5004325865644822,0.16160997861531026,0.06670154805706437
124,default_credit_card_clients,scheduler,0.1,123,5.0,results/predictions/default_credit_ha_dp_fedavg_noniid_alpha0p1_EPS_scheduler_eps5p0_back_loaded_seed123.csv,validation_only,platt_validation_f1,0.3017606424631508,0.65868057308165,0.4273371868314054,0.4293286219081272,0.5186766275346851,0.36623963828183875,0.6348638807715635,0.16160997861531026,0.06670154805706437
125,default_credit_card_clients,full_ha_dp,0.1,123,5.0,results/predictions/default_credit_ha_dp_fedavg_noniid_alpha0p1_EPS_full_ha_dp_eps5p0_back_loaded_seed123.csv,validation_only,raw_fixed_0p5,0.5,0.6487512399067838,0.4141978869958589,0.0,0.0,0.0,0.5,0.22034830076261377,0.22011227958879773
125,default_credit_card_clients,full_ha_dp,0.1,123,5.0,results/predictions/default_credit_ha_dp_fedavg_noniid_alpha0p1_EPS_full_ha_dp_eps5p0_back_loaded_seed123.csv,validation_only,raw_validation_f1,0.0019043929541674,0.6487512399067838,0.4141978869958589,0.4024219841639497,0.526829268292683,0.3255463451394122,0.6212580859016128,0.22034830076261377,0.22011227958879773
125,default_credit_card_clients,full_ha_dp,0.1,123,5.0,results/predictions/default_credit_ha_dp_fedavg_noniid_alpha0p1_EPS_full_ha_dp_eps5p0_back_loaded_seed123.csv,validation_only,platt_fixed_0p5,0.5,0.6487469664514404,0.4141972116624488,0.0,0.0,0.0,0.5,0.16320934033123247,0.06275527157109485
125,default_credit_card_clients,full_ha_dp,0.1,123,5.0,results/predictions/default_credit_ha_dp_fedavg_noniid_alpha0p1_EPS_full_ha_dp_eps5p0_back_loaded_seed123.csv,validation_only,platt_validation_f1,0.3050727727012147,0.6487469664514404,0.4141972116624488,0.4024219841639497,0.526829268292683,0.3255463451394122,0.6212580859016128,0.16320934033123247,0.06275527157109485
126,default_credit_card_clients,dp_uniform,0.1,2026,5.0,results/predictions/default_credit_ha_dp_fedavg_noniid_alpha0p1_EPS_dp_uniform_eps5p0_uniform_seed2026.csv,validation_only,raw_fixed_0p5,0.5,0.699637046568246,0.459001609440577,0.0,0.0,0.0,0.5,0.2198802065540677,0.21972283138445692
126,default_credit_card_clients,dp_uniform,0.1,2026,5.0,results/predictions/default_credit_ha_dp_fedavg_noniid_alpha0p1_EPS_dp_uniform_eps5p0_uniform_seed2026.csv,validation_only,raw_validation_f1,0.0015006383755147,0.699637046568246,0.459001609440577,0.4578729281767956,0.4225621414913958,0.4996232102486812,0.6528717378014217,0.2198802065540677,0.21972283138445692
126,default_credit_card_clients,dp_uniform,0.1,2026,5.0,results/predictions/default_credit_ha_dp_fedavg_noniid_alpha0p1_EPS_dp_uniform_eps5p0_uniform_seed2026.csv,validation_only,platt_fixed_0p5,0.5,0.6996391429803013,0.45899908164447395,0.0015060240963855422,1.0,0.0007535795026375283,0.5003767897513187,0.1572330395003784,0.06917643621191139
126,default_credit_card_clients,dp_uniform,0.1,2026,5.0,results/predictions/default_credit_ha_dp_fedavg_noniid_alpha0p1_EPS_dp_uniform_eps5p0_uniform_seed2026.csv,validation_only,platt_validation_f1,0.2854420302359684,0.6996391429803013,0.45899908164447395,0.4578729281767956,0.4225621414913958,0.4996232102486812,0.6528717378014217,0.1572330395003784,0.06917643621191139
127,default_credit_card_clients,scheduler,0.1,2026,5.0,results/predictions/default_credit_ha_dp_fedavg_noniid_alpha0p1_EPS_scheduler_eps5p0_back_loaded_seed2026.csv,validation_only,raw_fixed_0p5,0.5,0.7105188764973018,0.47701347828677154,0.0,0.0,0.0,0.5,0.2199221014649792,0.21985089649627468
127,default_credit_card_clients,scheduler,0.1,2026,5.0,results/predictions/default_credit_ha_dp_fedavg_noniid_alpha0p1_EPS_scheduler_eps5p0_back_loaded_seed2026.csv,validation_only,raw_validation_f1,0.0012773101615381,0.7105188764973018,0.47701347828677154,0.4724245577523413,0.43766066838046275,0.5131876412961568,0.662970880352765,0.2199221014649792,0.21985089649627468
127,default_credit_card_clients,scheduler,0.1,2026,5.0,results/predictions/default_credit_ha_dp_fedavg_noniid_alpha0p1_EPS_scheduler_eps5p0_back_loaded_seed2026.csv,validation_only,platt_fixed_0p5,0.5,0.7105296810825097,0.4770121876428638,0.020802377414561663,0.7368421052631579,0.010550113036925395,0.5047400682882037,0.15440683520064127,0.0638030192189152
127,default_credit_card_clients,scheduler,0.1,2026,5.0,results/predictions/default_credit_ha_dp_fedavg_noniid_alpha0p1_EPS_scheduler_eps5p0_back_loaded_seed2026.csv,validation_only,platt_validation_f1,0.2874879723973252,0.7105296810825097,0.4770121876428638,0.4724245577523413,0.43766066838046275,0.5131876412961568,0.662970880352765,0.15440683520064127,0.0638030192189152
128,default_credit_card_clients,full_ha_dp,0.1,2026,5.0,results/predictions/default_credit_ha_dp_fedavg_noniid_alpha0p1_EPS_full_ha_dp_eps5p0_back_loaded_seed2026.csv,validation_only,raw_fixed_0p5,0.5,0.7097611041705537,0.47795182052859425,0.0,0.0,0.0,0.5,0.21239995086382077,0.21071116415663554
128,default_credit_card_clients,full_ha_dp,0.1,2026,5.0,results/predictions/default_credit_ha_dp_fedavg_noniid_alpha0p1_EPS_full_ha_dp_eps5p0_back_loaded_seed2026.csv,validation_only,raw_validation_f1,0.0134156739991328,0.7097611041705537,0.47795182052859425,0.49099451840250585,0.511002444987775,0.4724943481537302,0.672048586445793,0.21239995086382077,0.21071116415663554
128,default_credit_card_clients,full_ha_dp,0.1,2026,5.0,results/predictions/default_credit_ha_dp_fedavg_noniid_alpha0p1_EPS_full_ha_dp_eps5p0_back_loaded_seed2026.csv,validation_only,platt_fixed_0p5,0.5,0.7097582014461694,0.47795107436844614,0.020833333333333332,0.8235294117647058,0.010550113036925395,0.5049540635803074,0.15401864880101562,0.0704152742543751
128,default_credit_card_clients,full_ha_dp,0.1,2026,5.0,results/predictions/default_credit_ha_dp_fedavg_noniid_alpha0p1_EPS_full_ha_dp_eps5p0_back_loaded_seed2026.csv,validation_only,platt_validation_f1,0.30075880257970056,0.7097582014461694,0.47795107436844614,0.49099451840250585,0.511002444987775,0.4724943481537302,0.672048586445793,0.15401864880101562,0.0704152742543751
129,default_credit_card_clients,dp_uniform,0.1,31415,5.0,results/predictions/default_credit_ha_dp_fedavg_noniid_alpha0p1_EPS_dp_uniform_eps5p0_uniform_seed31415.csv,validation_only,raw_fixed_0p5,0.5,0.6780030417326297,0.44482750222864786,0.0,0.0,0.0,0.5,0.22071912032591984,0.22065901555783926
129,default_credit_card_clients,dp_uniform,0.1,31415,5.0,results/predictions/default_credit_ha_dp_fedavg_noniid_alpha0p1_EPS_dp_uniform_eps5p0_uniform_seed31415.csv,validation_only,raw_validation_f1,0.0008794864016095,0.6780030417326297,0.44482750222864786,0.42799461641991926,0.5288248337028825,0.359457422758101,0.6342547118070411,0.22071912032591984,0.22065901555783926
129,default_credit_card_clients,dp_uniform,0.1,31415,5.0,results/predictions/default_credit_ha_dp_fedavg_noniid_alpha0p1_EPS_dp_uniform_eps5p0_uniform_seed31415.csv,validation_only,platt_fixed_0p5,0.5,0.6779911083101613,0.44481636659113655,0.0,0.0,0.0,0.5,0.16076941848404258,0.06251134769618441
129,default_credit_card_clients,dp_uniform,0.1,31415,5.0,results/predictions/default_credit_ha_dp_fedavg_noniid_alpha0p1_EPS_dp_uniform_eps5p0_uniform_seed31415.csv,validation_only,platt_validation_f1,0.30094904010512424,0.6779911083101613,0.44481636659113655,0.42799461641991926,0.5288248337028825,0.359457422758101,0.6342547118070411,0.16076941848404258,0.06251134769618441
130,default_credit_card_clients,scheduler,0.1,31415,5.0,results/predictions/default_credit_ha_dp_fedavg_noniid_alpha0p1_EPS_scheduler_eps5p0_back_loaded_seed31415.csv,validation_only,raw_fixed_0p5,0.5,0.6947515195358995,0.4671146076255599,0.0,0.0,0.0,0.5,0.22073432168391544,0.2206980477300962
130,default_credit_card_clients,scheduler,0.1,31415,5.0,results/predictions/default_credit_ha_dp_fedavg_noniid_alpha0p1_EPS_scheduler_eps5p0_back_loaded_seed31415.csv,validation_only,raw_validation_f1,0.0007476880274822,0.6947515195358995,0.4671146076255599,0.44347063978965817,0.5298429319371728,0.3813112283345893,0.6426136710900423,0.22073432168391544,0.2206980477300962
130,default_credit_card_clients,scheduler,0.1,31415,5.0,results/predictions/default_credit_ha_dp_fedavg_noniid_alpha0p1_EPS_scheduler_eps5p0_back_loaded_seed31415.csv,validation_only,platt_fixed_0p5,0.5,0.6947516001671323,0.46710751814094886,0.0074962518740629685,0.7142857142857143,0.0037678975131876413,0.5016699534644903,0.15705984886466332,0.05594201902257926
130,default_credit_card_clients,scheduler,0.1,31415,5.0,results/predictions/default_credit_ha_dp_fedavg_noniid_alpha0p1_EPS_scheduler_eps5p0_back_loaded_seed31415.csv,validation_only,platt_validation_f1,0.3104095897618998,0.6947516001671323,0.46710751814094886,0.44347063978965817,0.5298429319371728,0.3813112283345893,0.6426136710900423,0.15705984886466332,0.05594201902257926
131,default_credit_card_clients,full_ha_dp,0.1,31415,5.0,results/predictions/default_credit_ha_dp_fedavg_noniid_alpha0p1_EPS_full_ha_dp_eps5p0_back_loaded_seed31415.csv,validation_only,raw_fixed_0p5,0.5,0.6929638444713825,0.4681849994317348,0.0,0.0,0.0,0.5,0.21971991740782468,0.2195699469791338
131,default_credit_card_clients,full_ha_dp,0.1,31415,5.0,results/predictions/default_credit_ha_dp_fedavg_noniid_alpha0p1_EPS_full_ha_dp_eps5p0_back_loaded_seed31415.csv,validation_only,raw_validation_f1,0.0026051852440409,0.6929638444713825,0.4681849994317348,0.4551223934723481,0.571103526734926,0.37829691032403917,0.648810342600496,0.21971991740782468,0.2195699469791338
131,default_credit_card_clients,full_ha_dp,0.1,31415,5.0,results/predictions/default_credit_ha_dp_fedavg_noniid_alpha0p1_EPS_full_ha_dp_eps5p0_back_loaded_seed31415.csv,validation_only,platt_fixed_0p5,0.5,0.6929621512154918,0.46818330963647337,0.014925373134328358,0.7692307692307693,0.007535795026375283,0.5034469045750323,0.1567841816963399,0.06337842651963926
131,default_credit_card_clients,full_ha_dp,0.1,31415,5.0,results/predictions/default_credit_ha_dp_fedavg_noniid_alpha0p1_EPS_full_ha_dp_eps5p0_back_loaded_seed31415.csv,validation_only,platt_validation_f1,0.3118381272442071,0.6929621512154918,0.46818330963647337,0.4551223934723481,0.571103526734926,0.37829691032403917,0.648810342600496,0.1567841816963399,0.06337842651963926
132,default_credit_card_clients,dp_uniform,0.1,27182,5.0,results/predictions/default_credit_ha_dp_fedavg_noniid_alpha0p1_EPS_dp_uniform_eps5p0_uniform_seed27182.csv,validation_only,raw_fixed_0p5,0.5,0.6319500292772007,0.37475602387566587,0.0,0.0,0.0,0.5,0.22072833240383252,0.2205762188702275
132,default_credit_card_clients,dp_uniform,0.1,27182,5.0,results/predictions/default_credit_ha_dp_fedavg_noniid_alpha0p1_EPS_dp_uniform_eps5p0_uniform_seed27182.csv,validation_only,raw_validation_f1,0.0005307611446806,0.6319500292772007,0.37475602387566587,0.3775450843513671,0.3074372335386073,0.48907309721175585,0.5881059900781656,0.22072833240383252,0.2205762188702275
132,default_credit_card_clients,dp_uniform,0.1,27182,5.0,results/predictions/default_credit_ha_dp_fedavg_noniid_alpha0p1_EPS_dp_uniform_eps5p0_uniform_seed27182.csv,validation_only,platt_fixed_0p5,0.5,0.6319843781824139,0.374754844588461,0.0,0.0,0.0,0.5,0.16606550616597118,0.045159027052926626
132,default_credit_card_clients,dp_uniform,0.1,27182,5.0,results/predictions/default_credit_ha_dp_fedavg_noniid_alpha0p1_EPS_dp_uniform_eps5p0_uniform_seed27182.csv,validation_only,platt_validation_f1,0.2572997620690574,0.6319843781824139,0.374754844588461,0.3775450843513671,0.3074372335386073,0.48907309721175585,0.5881059900781656,0.16606550616597118,0.045159027052926626
133,default_credit_card_clients,scheduler,0.1,27182,5.0,results/predictions/default_credit_ha_dp_fedavg_noniid_alpha0p1_EPS_scheduler_eps5p0_back_loaded_seed27182.csv,validation_only,raw_fixed_0p5,0.5,0.658781200860303,0.4153156578613953,0.0,0.0,0.0,0.5,0.2207178190575953,0.22060595134283043
133,default_credit_card_clients,scheduler,0.1,27182,5.0,results/predictions/default_credit_ha_dp_fedavg_noniid_alpha0p1_EPS_scheduler_eps5p0_back_loaded_seed27182.csv,validation_only,raw_validation_f1,0.0006325921947292,0.658781200860303,0.4153156578613953,0.4120054570259209,0.3763239875389408,0.45516201959306707,0.6204763660986948,0.2207178190575953,0.22060595134283043
133,default_credit_card_clients,scheduler,0.1,27182,5.0,results/predictions/default_credit_ha_dp_fedavg_noniid_alpha0p1_EPS_scheduler_eps5p0_back_loaded_seed27182.csv,validation_only,platt_fixed_0p5,0.5,0.6587792657107135,0.415312504200722,0.0,0.0,0.0,0.5,0.1624765406585667,0.05451540511587402
133,default_credit_card_clients,scheduler,0.1,27182,5.0,results/predictions/default_credit_ha_dp_fedavg_noniid_alpha0p1_EPS_scheduler_eps5p0_back_loaded_seed27182.csv,validation_only,platt_validation_f1,0.27576463465312656,0.6587792657107135,0.415312504200722,0.4120054570259209,0.3763239875389408,0.45516201959306707,0.6204763660986948,0.1624765406585667,0.05451540511587402
134,default_credit_card_clients,full_ha_dp,0.1,27182,5.0,results/predictions/default_credit_ha_dp_fedavg_noniid_alpha0p1_EPS_full_ha_dp_eps5p0_back_loaded_seed27182.csv,validation_only,raw_fixed_0p5,0.5,0.638093161649012,0.3860212050783906,0.0,0.0,0.0,0.5,0.22072871725933313,0.22056895746419816
134,default_credit_card_clients,full_ha_dp,0.1,27182,5.0,results/predictions/default_credit_ha_dp_fedavg_noniid_alpha0p1_EPS_full_ha_dp_eps5p0_back_loaded_seed27182.csv,validation_only,raw_validation_f1,0.0005811235343028,0.638093161649012,0.3860212050783906,0.3848899464604402,0.3179361179361179,0.4875659382064808,0.5952702363833603,0.22072871725933313,0.22056895746419816
134,default_credit_card_clients,full_ha_dp,0.1,27182,5.0,results/predictions/default_credit_ha_dp_fedavg_noniid_alpha0p1_EPS_full_ha_dp_eps5p0_back_loaded_seed27182.csv,validation_only,platt_fixed_0p5,0.5,0.6381031599218909,0.38602044854116563,0.0,0.0,0.0,0.5,0.16528657909517225,0.0493553139539068
134,default_credit_card_clients,full_ha_dp,0.1,27182,5.0,results/predictions/default_credit_ha_dp_fedavg_noniid_alpha0p1_EPS_full_ha_dp_eps5p0_back_loaded_seed27182.csv,validation_only,platt_validation_f1,0.25893580285606527,0.6381031599218909,0.38602044854116563,0.3848899464604402,0.3179361179361179,0.4875659382064808,0.5952702363833603,0.16528657909517225,0.0493553139539068
135,default_credit_card_clients,dp_uniform,0.1,42,8.0,results/predictions/default_credit_ha_dp_fedavg_noniid_alpha0p1_EPS_dp_uniform_eps8p0_uniform_seed42.csv,validation_only,raw_fixed_0p5,0.5,0.6887057896934257,0.47341918878156314,0.0,0.0,0.0,0.5,0.219449985899487,0.21932336445857759
135,default_credit_card_clients,dp_uniform,0.1,42,8.0,results/predictions/default_credit_ha_dp_fedavg_noniid_alpha0p1_EPS_dp_uniform_eps8p0_uniform_seed42.csv,validation_only,raw_validation_f1,0.0024582936568756,0.6887057896934257,0.47341918878156314,0.4595918367346939,0.5013357079252003,0.4242652599849284,0.6522139482034636,0.219449985899487,0.21932336445857759
135,default_credit_card_clients,dp_uniform,0.1,42,8.0,results/predictions/default_credit_ha_dp_fedavg_noniid_alpha0p1_EPS_dp_uniform_eps8p0_uniform_seed42.csv,validation_only,platt_fixed_0p5,0.5,0.6886648290271149,0.4734029711742679,0.0,0.0,0.0,0.5,0.15899520098051043,0.07244601350215765
135,default_credit_card_clients,dp_uniform,0.1,42,8.0,results/predictions/default_credit_ha_dp_fedavg_noniid_alpha0p1_EPS_dp_uniform_eps8p0_uniform_seed42.csv,validation_only,platt_validation_f1,0.29519263170401494,0.6886648290271149,0.4734029711742679,0.4595918367346939,0.5013357079252003,0.4242652599849284,0.6522139482034636,0.15899520098051043,0.07244601350215765
136,default_credit_card_clients,scheduler,0.1,42,8.0,results/predictions/default_credit_ha_dp_fedavg_noniid_alpha0p1_EPS_scheduler_eps8p0_back_loaded_seed42.csv,validation_only,raw_fixed_0p5,0.5,0.6930863233141502,0.47448527001900054,0.0,0.0,0.0,0.5,0.21916886114696485,0.2192170445349123
136,default_credit_card_clients,scheduler,0.1,42,8.0,results/predictions/default_credit_ha_dp_fedavg_noniid_alpha0p1_EPS_scheduler_eps8p0_back_loaded_seed42.csv,validation_only,raw_validation_f1,0.0021296184315632,0.6930863233141502,0.47448527001900054,0.4643841007477371,0.48599670510708404,0.4446119065561417,0.6555394221417559,0.21916886114696485,0.2192170445349123
136,default_credit_card_clients,scheduler,0.1,42,8.0,results/predictions/default_credit_ha_dp_fedavg_noniid_alpha0p1_EPS_scheduler_eps8p0_back_loaded_seed42.csv,validation_only,platt_fixed_0p5,0.5,0.6930705195925027,0.4744753643179994,0.022338049143708117,0.9375,0.011303692539562924,0.5055448486237297,0.15705398448536118,0.06397055610578771
136,default_credit_card_clients,scheduler,0.1,42,8.0,results/predictions/default_credit_ha_dp_fedavg_noniid_alpha0p1_EPS_scheduler_eps8p0_back_loaded_seed42.csv,validation_only,platt_validation_f1,0.29673943601814695,0.6930705195925027,0.4744753643179994,0.4643841007477371,0.48599670510708404,0.4446119065561417,0.6555394221417559,0.15705398448536118,0.06397055610578771
137,default_credit_card_clients,full_ha_dp,0.1,42,8.0,results/predictions/default_credit_ha_dp_fedavg_noniid_alpha0p1_EPS_full_ha_dp_eps8p0_back_loaded_seed42.csv,validation_only,raw_fixed_0p5,0.5,0.730770378213699,0.5027098429104054,0.5111925111925112,0.5557522123893806,0.47324792765636775,0.6829111455101868,0.17545707755884526,0.1474796004455216
137,default_credit_card_clients,full_ha_dp,0.1,42,8.0,results/predictions/default_credit_ha_dp_fedavg_noniid_alpha0p1_EPS_full_ha_dp_eps8p0_back_loaded_seed42.csv,validation_only,raw_validation_f1,0.507929034870485,0.730770378213699,0.5027098429104054,0.5102375102375102,0.5587443946188341,0.4694800301431801,0.6820971732141109,0.17545707755884526,0.1474796004455216
137,default_credit_card_clients,full_ha_dp,0.1,42,8.0,results/predictions/default_credit_ha_dp_fedavg_noniid_alpha0p1_EPS_full_ha_dp_eps8p0_back_loaded_seed42.csv,validation_only,platt_fixed_0p5,0.5,0.730770378213699,0.5027098429104054,0.3972530375066033,0.6643109540636042,0.28334589299171065,0.6213433937460158,0.14248924126223028,0.02046050157267033
137,default_credit_card_clients,full_ha_dp,0.1,42,8.0,results/predictions/default_credit_ha_dp_fedavg_noniid_alpha0p1_EPS_full_ha_dp_eps8p0_back_loaded_seed42.csv,validation_only,platt_validation_f1,0.27618132369179754,0.730770378213699,0.5027098429104054,0.5102375102375102,0.5587443946188341,0.4694800301431801,0.6820971732141109,0.14248924126223028,0.02046050157267033
138,default_credit_card_clients,dp_uniform,0.1,123,8.0,results/predictions/default_credit_ha_dp_fedavg_noniid_alpha0p1_EPS_dp_uniform_eps8p0_uniform_seed123.csv,validation_only,raw_fixed_0p5,0.5,0.6498345205207294,0.41253807108422225,0.0,0.0,0.0,0.5,0.22026057361862897,0.22006724582370737
138,default_credit_card_clients,dp_uniform,0.1,123,8.0,results/predictions/default_credit_ha_dp_fedavg_noniid_alpha0p1_EPS_dp_uniform_eps8p0_uniform_seed123.csv,validation_only,raw_validation_f1,0.0017125997571807,0.6498345205207294,0.41253807108422225,0.40482342807924204,0.4723618090452261,0.3541823662396383,0.620917418942631,0.22026057361862897,0.22006724582370737
138,default_credit_card_clients,dp_uniform,0.1,123,8.0,results/predictions/default_credit_ha_dp_fedavg_noniid_alpha0p1_EPS_dp_uniform_eps8p0_uniform_seed123.csv,validation_only,platt_fixed_0p5,0.5,0.6498215388922333,0.4125346420816307,0.0015048908954100827,0.5,0.0007535795026375283,0.500269792105267,0.16311700081672897,0.05773407656533071
138,default_credit_card_clients,dp_uniform,0.1,123,8.0,results/predictions/default_credit_ha_dp_fedavg_noniid_alpha0p1_EPS_dp_uniform_eps8p0_uniform_seed123.csv,validation_only,platt_validation_f1,0.2975561279003365,0.6498215388922333,0.4125346420816307,0.40482342807924204,0.4723618090452261,0.3541823662396383,0.620917418942631,0.16311700081672897,0.05773407656533071
139,default_credit_card_clients,scheduler,0.1,123,8.0,results/predictions/default_credit_ha_dp_fedavg_noniid_alpha0p1_EPS_scheduler_eps8p0_back_loaded_seed123.csv,validation_only,raw_fixed_0p5,0.5,0.66824795265205,0.43833872620129427,0.0,0.0,0.0,0.5,0.22035339050332906,0.22019283637934112
139,default_credit_card_clients,scheduler,0.1,123,8.0,results/predictions/default_credit_ha_dp_fedavg_noniid_alpha0p1_EPS_scheduler_eps8p0_back_loaded_seed123.csv,validation_only,raw_validation_f1,0.001462524875552,0.66824795265205,0.43833872620129427,0.43584167029143106,0.5154320987654321,0.3775433308214017,0.6383757741203092,0.22035339050332906,0.22019283637934112
139,default_credit_card_clients,scheduler,0.1,123,8.0,results/predictions/default_credit_ha_dp_fedavg_noniid_alpha0p1_EPS_scheduler_eps8p0_back_loaded_seed123.csv,validation_only,platt_fixed_0p5,0.5,0.6682490814893105,0.4383370660322049,0.019330855018587362,0.7222222222222222,0.009796533534287867,0.504363278536885,0.16014797969501526,0.06555147263971003
139,default_credit_card_clients,scheduler,0.1,123,8.0,results/predictions/default_credit_ha_dp_fedavg_noniid_alpha0p1_EPS_scheduler_eps8p0_back_loaded_seed123.csv,validation_only,platt_validation_f1,0.3020747687532057,0.6682490814893105,0.4383370660322049,0.43584167029143106,0.5154320987654321,0.3775433308214017,0.6383757741203092,0.16014797969501526,0.06555147263971003
140,default_credit_card_clients,full_ha_dp,0.1,123,8.0,results/predictions/default_credit_ha_dp_fedavg_noniid_alpha0p1_EPS_full_ha_dp_eps8p0_back_loaded_seed123.csv,validation_only,raw_fixed_0p5,0.5,0.6599959103838675,0.42887126104048506,0.0,0.0,0.0,0.5,0.22029548046701378,0.22010024722579663
140,default_credit_card_clients,full_ha_dp,0.1,123,8.0,results/predictions/default_credit_ha_dp_fedavg_noniid_alpha0p1_EPS_full_ha_dp_eps8p0_back_loaded_seed123.csv,validation_only,raw_validation_f1,0.0018048218709475,0.6599959103838675,0.42887126104048506,0.42432556012802924,0.5395348837209303,0.3496608892238131,0.632459376775399,0.22029548046701378,0.22010024722579663
140,default_credit_card_clients,full_ha_dp,0.1,123,8.0,results/predictions/default_credit_ha_dp_fedavg_noniid_alpha0p1_EPS_full_ha_dp_eps8p0_back_loaded_seed123.csv,validation_only,platt_fixed_0p5,0.5,0.6600012320452386,0.4288702003028221,0.00450112528132033,0.5,0.002260738507912585,0.5008093763158009,0.16144618720677306,0.06532206645269936
140,default_credit_card_clients,full_ha_dp,0.1,123,8.0,results/predictions/default_credit_ha_dp_fedavg_noniid_alpha0p1_EPS_full_ha_dp_eps8p0_back_loaded_seed123.csv,validation_only,platt_validation_f1,0.3075276463975506,0.6600012320452386,0.4288702003028221,0.42432556012802924,0.5395348837209303,0.3496608892238131,0.632459376775399,0.16144618720677306,0.06532206645269936
141,default_credit_card_clients,dp_uniform,0.1,2026,8.0,results/predictions/default_credit_ha_dp_fedavg_noniid_alpha0p1_EPS_dp_uniform_eps8p0_uniform_seed2026.csv,validation_only,raw_fixed_0p5,0.5,0.6984230627257776,0.44929519037545773,0.0,0.0,0.0,0.5,0.22015233340254087,0.22000775141810114
141,default_credit_card_clients,dp_uniform,0.1,2026,8.0,results/predictions/default_credit_ha_dp_fedavg_noniid_alpha0p1_EPS_dp_uniform_eps8p0_uniform_seed2026.csv,validation_only,raw_validation_f1,0.0012879169140844,0.6984230627257776,0.44929519037545773,0.4606741573033708,0.43129520052596976,0.49434815373021856,0.6546211130303137,0.22015233340254087,0.22000775141810114
141,default_credit_card_clients,dp_uniform,0.1,2026,8.0,results/predictions/default_credit_ha_dp_fedavg_noniid_alpha0p1_EPS_dp_uniform_eps8p0_uniform_seed2026.csv,validation_only,platt_fixed_0p5,0.5,0.6984085491038564,0.4492879620932412,0.0,0.0,0.0,0.5,0.15830050248891936,0.06603813587572831
141,default_credit_card_clients,dp_uniform,0.1,2026,8.0,results/predictions/default_credit_ha_dp_fedavg_noniid_alpha0p1_EPS_dp_uniform_eps8p0_uniform_seed2026.csv,validation_only,platt_validation_f1,0.28863777534913865,0.6984085491038564,0.4492879620932412,0.4606741573033708,0.43129520052596976,0.49434815373021856,0.6546211130303137,0.15830050248891936,0.06603813587572831
142,default_credit_card_clients,scheduler,0.1,2026,8.0,results/predictions/default_credit_ha_dp_fedavg_noniid_alpha0p1_EPS_scheduler_eps8p0_back_loaded_seed2026.csv,validation_only,raw_fixed_0p5,0.5,0.7111700543341626,0.47304699769341063,0.0,0.0,0.0,0.5,0.2201424650999853,0.22006863196127074
142,default_credit_card_clients,scheduler,0.1,2026,8.0,results/predictions/default_credit_ha_dp_fedavg_noniid_alpha0p1_EPS_scheduler_eps8p0_back_loaded_seed2026.csv,validation_only,raw_validation_f1,0.0011480946959841,0.7111700543341626,0.47304699769341063,0.47217298830202054,0.4457831325301205,0.5018839487565938,0.6623479234474174,0.2201424650999853,0.22006863196127074
142,default_credit_card_clients,scheduler,0.1,2026,8.0,results/predictions/default_credit_ha_dp_fedavg_noniid_alpha0p1_EPS_scheduler_eps8p0_back_loaded_seed2026.csv,validation_only,platt_fixed_0p5,0.5,0.7111476388514177,0.47303796954316846,0.007501875468867217,0.8333333333333334,0.0037678975131876413,0.5017769511105421,0.15506036784639096,0.06455230026613876
142,default_credit_card_clients,scheduler,0.1,2026,8.0,results/predictions/default_credit_ha_dp_fedavg_noniid_alpha0p1_EPS_scheduler_eps8p0_back_loaded_seed2026.csv,validation_only,platt_validation_f1,0.2923160905646574,0.7111476388514177,0.47303796954316846,0.47217298830202054,0.4457831325301205,0.5018839487565938,0.6623479234474174,0.15506036784639096,0.06455230026613876
143,default_credit_card_clients,full_ha_dp,0.1,2026,8.0,results/predictions/default_credit_ha_dp_fedavg_noniid_alpha0p1_EPS_full_ha_dp_eps8p0_back_loaded_seed2026.csv,validation_only,raw_fixed_0p5,0.5,0.7150534157728561,0.48275620243883266,0.0,0.0,0.0,0.5,0.21290415270232824,0.21158689208403778
143,default_credit_card_clients,full_ha_dp,0.1,2026,8.0,results/predictions/default_credit_ha_dp_fedavg_noniid_alpha0p1_EPS_full_ha_dp_eps8p0_back_loaded_seed2026.csv,validation_only,raw_validation_f1,0.01179032489821,0.7150534157728561,0.48275620243883266,0.4913227921326649,0.5031595576619273,0.4800301431801055,0.6727135522234788,0.21290415270232824,0.21158689208403778
143,default_credit_card_clients,full_ha_dp,0.1,2026,8.0,results/predictions/default_credit_ha_dp_fedavg_noniid_alpha0p1_EPS_full_ha_dp_eps8p0_back_loaded_seed2026.csv,validation_only,platt_fixed_0p5,0.5,0.7150518031481982,0.4827561356992254,0.016417910447761194,0.8461538461538461,0.008289374529012811,0.5039306919724028,0.15348859027734332,0.0712058705130945
143,default_credit_card_clients,full_ha_dp,0.1,2026,8.0,results/predictions/default_credit_ha_dp_fedavg_noniid_alpha0p1_EPS_full_ha_dp_eps8p0_back_loaded_seed2026.csv,validation_only,platt_validation_f1,0.29981389529404107,0.7150518031481982,0.4827561356992254,0.4913227921326649,0.5031595576619273,0.4800301431801055,0.6727135522234788,0.15348859027734332,0.0712058705130945
144,default_credit_card_clients,dp_uniform,0.1,31415,8.0,results/predictions/default_credit_ha_dp_fedavg_noniid_alpha0p1_EPS_dp_uniform_eps8p0_uniform_seed31415.csv,validation_only,raw_fixed_0p5,0.5,0.6808914943886306,0.443938065244494,0.0,0.0,0.0,0.5,0.22079006373020657,0.2207390378617834
144,default_credit_card_clients,dp_uniform,0.1,31415,8.0,results/predictions/default_credit_ha_dp_fedavg_noniid_alpha0p1_EPS_dp_uniform_eps8p0_uniform_seed31415.csv,validation_only,raw_validation_f1,0.0008304568364484,0.6808914943886306,0.443938065244494,0.41389019239793523,0.5485074626865671,0.33232856066315,0.6273241348147763,0.22079006373020657,0.2207390378617834
144,default_credit_card_clients,dp_uniform,0.1,31415,8.0,results/predictions/default_credit_ha_dp_fedavg_noniid_alpha0p1_EPS_dp_uniform_eps8p0_uniform_seed31415.csv,validation_only,platt_fixed_0p5,0.5,0.6809040728609623,0.4439222429405526,0.0,0.0,0.0,0.5,0.1607424888844919,0.06271640662403198
144,default_credit_card_clients,dp_uniform,0.1,31415,8.0,results/predictions/default_credit_ha_dp_fedavg_noniid_alpha0p1_EPS_dp_uniform_eps8p0_uniform_seed31415.csv,validation_only,platt_validation_f1,0.3074749110991185,0.6809040728609623,0.4439222429405526,0.41389019239793523,0.5485074626865671,0.33232856066315,0.6273241348147763,0.1607424888844919,0.06271640662403198
145,default_credit_card_clients,scheduler,0.1,31415,8.0,results/predictions/default_credit_ha_dp_fedavg_noniid_alpha0p1_EPS_scheduler_eps8p0_back_loaded_seed31415.csv,validation_only,raw_fixed_0p5,0.5,0.6966932808864792,0.4650364185214582,0.0,0.0,0.0,0.5,0.22080573538668,0.22077286339115226
145,default_credit_card_clients,scheduler,0.1,31415,8.0,results/predictions/default_credit_ha_dp_fedavg_noniid_alpha0p1_EPS_scheduler_eps8p0_back_loaded_seed31415.csv,validation_only,raw_validation_f1,0.0007314103496373,0.6966932808864792,0.4650364185214582,0.4326568265682657,0.5576694411414982,0.35342878673700073,0.6369112690372356,0.22080573538668,0.22077286339115226
145,default_credit_card_clients,scheduler,0.1,31415,8.0,results/predictions/default_credit_ha_dp_fedavg_noniid_alpha0p1_EPS_scheduler_eps8p0_back_loaded_seed31415.csv,validation_only,platt_fixed_0p5,0.5,0.6967281942103227,0.4650281289829403,0.0015060240963855422,1.0,0.0007535795026375283,0.5003767897513187,0.15739495892103386,0.054147651350753674
145,default_credit_card_clients,scheduler,0.1,31415,8.0,results/predictions/default_credit_ha_dp_fedavg_noniid_alpha0p1_EPS_scheduler_eps8p0_back_loaded_seed31415.csv,validation_only,platt_validation_f1,0.32015391901292967,0.6967281942103227,0.4650281289829403,0.4326568265682657,0.5576694411414982,0.35342878673700073,0.6369112690372356,0.15739495892103386,0.054147651350753674
146,default_credit_card_clients,full_ha_dp,0.1,31415,8.0,results/predictions/default_credit_ha_dp_fedavg_noniid_alpha0p1_EPS_full_ha_dp_eps8p0_back_loaded_seed31415.csv,validation_only,raw_fixed_0p5,0.5,0.6975375705261238,0.4699941315172811,0.0,0.0,0.0,0.5,0.2199639756394472,0.2198471233428345
146,default_credit_card_clients,full_ha_dp,0.1,31415,8.0,results/predictions/default_credit_ha_dp_fedavg_noniid_alpha0p1_EPS_full_ha_dp_eps8p0_back_loaded_seed31415.csv,validation_only,raw_validation_f1,0.0019016014633501,0.6975375705261238,0.4699941315172811,0.4557390936044049,0.5203094777562862,0.4054257724189902,0.6496420537678088,0.2199639756394472,0.2198471233428345
146,default_credit_card_clients,full_ha_dp,0.1,31415,8.0,results/predictions/default_credit_ha_dp_fedavg_noniid_alpha0p1_EPS_full_ha_dp_eps8p0_back_loaded_seed31415.csv,validation_only,platt_fixed_0p5,0.5,0.6975377317885894,0.4699897353510577,0.008982035928143712,0.6666666666666666,0.00452147701582517,0.5019397455697572,0.1566598169584722,0.06250884380844639
146,default_credit_card_clients,full_ha_dp,0.1,31415,8.0,results/predictions/default_credit_ha_dp_fedavg_noniid_alpha0p1_EPS_full_ha_dp_eps8p0_back_loaded_seed31415.csv,validation_only,platt_validation_f1,0.3021829388712593,0.6975377317885894,0.4699897353510577,0.4557390936044049,0.5203094777562862,0.4054257724189902,0.6496420537678088,0.1566598169584722,0.06250884380844639
147,default_credit_card_clients,dp_uniform,0.1,27182,8.0,results/predictions/default_credit_ha_dp_fedavg_noniid_alpha0p1_EPS_dp_uniform_eps8p0_uniform_seed27182.csv,validation_only,raw_fixed_0p5,0.5,0.6371413099446853,0.38097119513087707,0.0,0.0,0.0,0.5,0.22077186616053707,0.22065163679927974
147,default_credit_card_clients,dp_uniform,0.1,27182,8.0,results/predictions/default_credit_ha_dp_fedavg_noniid_alpha0p1_EPS_dp_uniform_eps8p0_uniform_seed27182.csv,validation_only,raw_validation_f1,0.0005306230268396,0.6371413099446853,0.38097119513087707,0.3819510645058786,0.3302197802197802,0.4529012810851545,0.596020510005449,0.22077186616053707,0.22065163679927974
147,default_credit_card_clients,dp_uniform,0.1,27182,8.0,results/predictions/default_credit_ha_dp_fedavg_noniid_alpha0p1_EPS_dp_uniform_eps8p0_uniform_seed27182.csv,validation_only,platt_fixed_0p5,0.5,0.6371629997463342,0.38096464322892093,0.0,0.0,0.0,0.5,0.16550076787907764,0.04874036542622999
147,default_credit_card_clients,dp_uniform,0.1,27182,8.0,results/predictions/default_credit_ha_dp_fedavg_noniid_alpha0p1_EPS_dp_uniform_eps8p0_uniform_seed27182.csv,validation_only,platt_validation_f1,0.26688207832926786,0.6371629997463342,0.38096464322892093,0.3819510645058786,0.3302197802197802,0.4529012810851545,0.596020510005449,0.16550076787907764,0.04874036542622999
148,default_credit_card_clients,scheduler,0.1,27182,8.0,results/predictions/default_credit_ha_dp_fedavg_noniid_alpha0p1_EPS_scheduler_eps8p0_back_loaded_seed27182.csv,validation_only,raw_fixed_0p5,0.5,0.6657321775544901,0.42419824280156515,0.0,0.0,0.0,0.5,0.22075715162057796,0.22067382692699067
148,default_credit_card_clients,scheduler,0.1,27182,8.0,results/predictions/default_credit_ha_dp_fedavg_noniid_alpha0p1_EPS_scheduler_eps8p0_back_loaded_seed27182.csv,validation_only,raw_validation_f1,0.0005565364241015,0.6657321775544901,0.42419824280156515,0.415186346220829,0.3860103626943005,0.44913338357196686,0.6231329233288895,0.22075715162057796,0.22067382692699067
148,default_credit_card_clients,scheduler,0.1,27182,8.0,results/predictions/default_credit_ha_dp_fedavg_noniid_alpha0p1_EPS_scheduler_eps8p0_back_loaded_seed27182.csv,validation_only,platt_fixed_0p5,0.5,0.6657613660607982,0.4241954406211644,0.0,0.0,0.0,0.5,0.16147951232169808,0.05548478496126482
148,default_credit_card_clients,scheduler,0.1,27182,8.0,results/predictions/default_credit_ha_dp_fedavg_noniid_alpha0p1_EPS_scheduler_eps8p0_back_loaded_seed27182.csv,validation_only,platt_validation_f1,0.2803313120111359,0.6657613660607982,0.4241954406211644,0.415186346220829,0.3860103626943005,0.44913338357196686,0.6231329233288895,0.16147951232169808,0.05548478496126482
149,default_credit_card_clients,full_ha_dp,0.1,27182,8.0,results/predictions/default_credit_ha_dp_fedavg_noniid_alpha0p1_EPS_full_ha_dp_eps8p0_back_loaded_seed27182.csv,validation_only,raw_fixed_0p5,0.5,0.6481917397817248,0.401710222316641,0.0,0.0,0.0,0.5,0.22075285120936353,0.2206348659592021
149,default_credit_card_clients,full_ha_dp,0.1,27182,8.0,results/predictions/default_credit_ha_dp_fedavg_noniid_alpha0p1_EPS_full_ha_dp_eps8p0_back_loaded_seed27182.csv,validation_only,raw_validation_f1,0.0005415966659651,0.6481917397817248,0.401710222316641,0.39146800501882056,0.3353036002149382,0.4702336096458176,0.6027607166568485,0.22075285120936353,0.2206348659592021
149,default_credit_card_clients,full_ha_dp,0.1,27182,8.0,results/predictions/default_credit_ha_dp_fedavg_noniid_alpha0p1_EPS_full_ha_dp_eps8p0_back_loaded_seed27182.csv,validation_only,platt_fixed_0p5,0.5,0.6482009317422749,0.40170723921312124,0.0,0.0,0.0,0.5,0.1638931099659656,0.05203471207617164
149,default_credit_card_clients,full_ha_dp,0.1,27182,8.0,results/predictions/default_credit_ha_dp_fedavg_noniid_alpha0p1_EPS_full_ha_dp_eps8p0_back_loaded_seed27182.csv,validation_only,platt_validation_f1,0.26692287338470166,0.6482009317422749,0.40170723921312124,0.39146800501882056,0.3353036002149382,0.4702336096458176,0.6027607166568485,0.1638931099659656,0.05203471207617164
