alpha,composed_epsilon,dataset,mean_noise_multiplier,round,seed,target_epsilon,v5_variant,validation_auc,validation_auprc,validation_f1_fixed_0_5
0.5,0.47421322506519614,default_credit_card_clients,4.0448188354492185,1,42,3.0,dp_uniform,0.488446141274174,0.21105382018985988,0.0
0.5,0.5939044175932893,default_credit_card_clients,4.0448188354492185,2,42,3.0,dp_uniform,0.4772630861947183,0.2105920586362944,0.0
0.5,0.7090261372072242,default_credit_card_clients,4.0448188354492185,3,42,3.0,dp_uniform,0.47370468109374986,0.2113452515674709,0.0
0.5,0.8131874833109524,default_credit_card_clients,4.0448188354492185,4,42,3.0,dp_uniform,0.4758226953999187,0.21255695283643,0.0
0.5,0.9069378256622728,default_credit_card_clients,4.0448188354492185,5,42,3.0,dp_uniform,0.47543677747448454,0.21231030691338415,0.0
0.5,0.9927676942037622,default_credit_card_clients,4.0448188354492185,6,42,3.0,dp_uniform,0.4761547057300247,0.21155608409683077,0.0
0.5,1.0719286527274248,default_credit_card_clients,4.0448188354492185,7,42,3.0,dp_uniform,0.47855535705469054,0.21285816654819772,0.0
0.5,1.1458571373246145,default_credit_card_clients,4.0448188354492185,8,42,3.0,dp_uniform,0.4806965465887576,0.214896630115475,0.0
0.5,1.2162680122330511,default_credit_card_clients,4.0448188354492185,9,42,3.0,dp_uniform,0.48447813921057103,0.21820617250754146,0.0
0.5,1.2837980948114536,default_credit_card_clients,4.0448188354492185,10,42,3.0,dp_uniform,0.4881675347300943,0.22160823516272854,0.0
0.5,1.3472603319778735,default_credit_card_clients,4.0448188354492185,11,42,3.0,dp_uniform,0.49222269580296624,0.2253929209687508,0.0
0.5,1.4092274559802087,default_credit_card_clients,4.0448188354492185,12,42,3.0,dp_uniform,0.49568688856443566,0.22890313384377117,0.0
0.5,1.4687804724920195,default_credit_card_clients,4.0448188354492185,13,42,3.0,dp_uniform,0.502907483482612,0.23481211410488123,0.0
0.5,1.5253237698984243,default_credit_card_clients,4.0448188354492185,14,42,3.0,dp_uniform,0.5090086141314479,0.24058985018513723,0.0
0.5,1.5818670673048292,default_credit_card_clients,4.0448188354492185,15,42,3.0,dp_uniform,0.5160659748357329,0.24605441391690056,0.0
0.5,1.6370548568564534,default_credit_card_clients,4.0448188354492185,16,42,3.0,dp_uniform,0.5222910425728937,0.25322450837497823,0.0
0.5,1.6877830003216037,default_credit_card_clients,4.0448188354492185,17,42,3.0,dp_uniform,0.5297171916863405,0.2591859679865184,0.0
0.5,1.7385111437867544,default_credit_card_clients,4.0448188354492185,18,42,3.0,dp_uniform,0.5363473221024164,0.263702749000057,0.0
0.5,1.7884498864330975,default_credit_card_clients,4.0448188354492185,19,42,3.0,dp_uniform,0.54249278796984,0.27019600713756675,0.0
0.5,1.8372482924633853,default_credit_card_clients,4.0448188354492185,20,42,3.0,dp_uniform,0.5479833017444902,0.27557323282731716,0.0
0.5,1.8850070598007793,default_credit_card_clients,4.0448188354492185,21,42,3.0,dp_uniform,0.5536985144678918,0.2816197622005192,0.0
0.5,1.9318031448199542,default_credit_card_clients,4.0448188354492185,22,42,3.0,dp_uniform,0.5598641327074007,0.2895130547079948,0.0
0.5,1.9776513421248012,default_credit_card_clients,4.0448188354492185,23,42,3.0,dp_uniform,0.5682575956809436,0.2979012540030558,0.0
0.5,2.022651823150138,default_credit_card_clients,4.0448188354492185,24,42,3.0,dp_uniform,0.5753210020968543,0.3071518427717929,0.0
0.5,2.066891503734586,default_credit_card_clients,4.0448188354492185,25,42,3.0,dp_uniform,0.5824317665871656,0.3160564020076012,0.0
0.5,2.110311929861899,default_credit_card_clients,4.0448188354492185,26,42,3.0,dp_uniform,0.588342457319795,0.32349223838760394,0.0
0.5,2.153062369559071,default_credit_card_clients,4.0448188354492185,27,42,3.0,dp_uniform,0.5945302431685977,0.3318837070663011,0.0
0.5,2.1951449380049732,default_credit_card_clients,4.0448188354492185,28,42,3.0,dp_uniform,0.6001960825803905,0.33942476621946416,0.0
0.5,2.236539928925322,default_credit_card_clients,4.0448188354492185,29,42,3.0,dp_uniform,0.6050900861413144,0.34587276304663184,0.0
0.5,2.2773494421204887,default_credit_card_clients,4.0448188354492185,30,42,3.0,dp_uniform,0.6095971641582001,0.35290209079880086,0.0
0.5,2.3175917330011613,default_credit_card_clients,4.0448188354492185,31,42,3.0,dp_uniform,0.6150171446305517,0.36089889301648004,0.0
0.5,2.3572858359498037,default_credit_card_clients,4.0448188354492185,32,42,3.0,dp_uniform,0.6186758077826445,0.3666201669268795,0.0
0.5,2.3964516179763877,default_credit_card_clients,4.0448188354492185,33,42,3.0,dp_uniform,0.6219687053813887,0.3720265761824625,0.0
0.5,2.4351098366846236,default_credit_card_clients,4.0448188354492185,34,42,3.0,dp_uniform,0.6260797892867975,0.3772909486896943,0.0
0.5,2.473282202981535,default_credit_card_clients,4.0448188354492185,35,42,3.0,dp_uniform,0.6288164814159863,0.3815086969470676,0.0
0.5,2.511029348051642,default_credit_card_clients,4.0448188354492185,36,42,3.0,dp_uniform,0.6306050044385599,0.3834511084612201,0.0
0.5,2.548342327805927,default_credit_card_clients,4.0448188354492185,37,42,3.0,dp_uniform,0.6335784869397515,0.3884058420816839,0.0
0.5,2.5852418346721677,default_credit_card_clients,4.0448188354492185,38,42,3.0,dp_uniform,0.6356320136552474,0.39154974849761337,0.0
0.5,2.6217540365724914,default_credit_card_clients,4.0448188354492185,39,42,3.0,dp_uniform,0.6385651914122681,0.3960008401841559,0.0
0.5,2.6578474947449777,default_credit_card_clients,4.0448188354492185,40,42,3.0,dp_uniform,0.6406217409835768,0.39910599942936315,0.0
0.5,2.6935127892084068,default_credit_card_clients,4.0448188354492185,41,42,3.0,dp_uniform,0.6425029649177431,0.40275566245899613,0.0
0.5,2.7288483057407147,default_credit_card_clients,4.0448188354492185,42,42,3.0,dp_uniform,0.6449534933633201,0.4068848753632694,0.0
0.5,2.763884597610787,default_credit_card_clients,4.0448188354492185,43,42,3.0,dp_uniform,0.6474201437065654,0.4106144440968957,0.0
0.5,2.7985197154323136,default_credit_card_clients,4.0448188354492185,44,42,3.0,dp_uniform,0.6491280572407976,0.41218749918847186,0.0
0.5,2.832804936667943,default_credit_card_clients,4.0448188354492185,45,42,3.0,dp_uniform,0.650133660607856,0.4145100479701289,0.0
0.5,2.8668582595087453,default_credit_card_clients,4.0448188354492185,46,42,3.0,dp_uniform,0.6516954694444697,0.41774670725936114,0.0
0.5,2.9005261917028697,default_credit_card_clients,4.0448188354492185,47,42,3.0,dp_uniform,0.6530174650532677,0.4207379691552252,0.0
0.5,2.933901568395219,default_credit_card_clients,4.0448188354492185,48,42,3.0,dp_uniform,0.6556634715080726,0.42389089269231534,0.0
0.5,2.967087406402947,default_credit_card_clients,4.0448188354492185,49,42,3.0,dp_uniform,0.6575517487724687,0.4265759775845184,0.0
0.5,2.999973177356683,default_credit_card_clients,4.0448188354492185,50,42,3.0,dp_uniform,0.6589503233951911,0.42842633248626116,0.0
0.5,0.11394700822522269,default_credit_card_clients,20.658271240806723,1,42,3.0,scheduler,0.5013839641529605,0.216451521248834,0.0
0.5,0.1361065222531086,default_credit_card_clients,14.607603681965468,2,42,3.0,scheduler,0.4892240228366681,0.21128215420850693,0.0
0.5,0.16934579329493749,default_credit_card_clients,11.927058461872068,3,42,3.0,scheduler,0.4781120048688131,0.20787228135208125,0.0
0.5,0.2136648213507093,default_credit_card_clients,10.329135620403362,4,42,3.0,scheduler,0.4783236047757091,0.2113867861225649,0.0
0.5,0.2657230445763909,default_credit_card_clients,9.238659758414553,5,42,3.0,scheduler,0.4762736047253282,0.2114245376604546,0.0
0.5,0.3186587821263203,default_credit_card_clients,8.43370391799813,6,42,3.0,scheduler,0.4777522850270899,0.21314370473917785,0.0
0.5,0.37218901684257044,default_credit_card_clients,7.808092602813188,7,42,3.0,scheduler,0.4810310759653742,0.2156506978806354,0.0
0.5,0.42631002522053363,default_credit_card_clients,7.303801840982734,8,42,3.0,scheduler,0.4827752637693601,0.21783461393761216,0.0
0.5,0.48090710186067964,default_credit_card_clients,6.886090413602242,9,42,3.0,scheduler,0.4866047182748764,0.2203542854553672,0.0
0.5,0.5359973220876351,default_credit_card_clients,6.532718964250202,10,42,3.0,scheduler,0.49003011772008154,0.22219773482095184,0.0
0.5,0.5916282265638603,default_credit_card_clients,6.228703138467781,11,42,3.0,scheduler,0.49306909543055044,0.22499354366584262,0.0
0.5,0.647635098278261,default_credit_card_clients,5.963529230936034,12,42,3.0,scheduler,0.4955186162575232,0.22743825477861004,0.0
0.5,0.7039243519756737,default_credit_card_clients,5.729573555474749,13,42,3.0,scheduler,0.501680204022615,0.2317716004755419,0.0
0.5,0.7607797897150115,default_credit_card_clients,5.521155227581724,14,42,3.0,scheduler,0.5057368765233934,0.23612720100108886,0.0
0.5,0.8178202677506267,default_credit_card_clients,5.333942698472005,15,42,3.0,scheduler,0.5112344436282733,0.24091562832090208,0.0
0.5,0.8753441438244753,default_credit_card_clients,5.164567810201681,16,42,3.0,scheduler,0.5159712586869319,0.246841451436012,0.0
0.5,0.933211450790763,default_credit_card_clients,5.010366727559162,17,42,3.0,scheduler,0.5221116864613342,0.25180718645661393,0.0
0.5,0.9913758990052851,default_credit_card_clients,4.869201227321823,18,42,3.0,scheduler,0.5276112688034227,0.25497535530705623,0.0
0.5,1.049914769153957,default_credit_card_clients,4.739332457206794,19,42,3.0,scheduler,0.533291214875675,0.2608072257102523,0.0
0.5,1.1090709691214165,default_credit_card_clients,4.619329879207276,20,42,3.0,scheduler,0.5377086148367809,0.2652586017319939,0.0
0.5,1.1681630065291122,default_credit_card_clients,4.508004366091719,21,42,3.0,scheduler,0.5430258182114971,0.27068245354998133,0.0
0.5,1.2273502484387568,default_credit_card_clients,4.404358227208499,22,42,3.0,scheduler,0.5489556536976076,0.2762415825924516,0.0
0.5,1.2880251082770158,default_credit_card_clients,4.307547323208933,23,42,3.0,scheduler,0.5577582098244829,0.28453129596144366,0.0
0.5,1.3471477366236269,default_credit_card_clients,4.216851958999065,24,42,3.0,scheduler,0.5648538600357301,0.2928772401441171,0.0
0.5,1.4086691645221723,default_credit_card_clients,4.131654248161345,25,42,3.0,scheduler,0.5724402205072554,0.30172971225865564,0.0
0.5,1.468112940247771,default_credit_card_clients,4.0514203143833125,26,42,3.0,scheduler,0.5786254873095475,0.308558759405806,0.0
0.5,1.5298430150397389,default_credit_card_clients,3.975686153957355,27,42,3.0,scheduler,0.5858878983998008,0.31759910111280565,0.0
0.5,1.5905521486203438,default_credit_card_clients,3.904046301406594,28,42,3.0,scheduler,0.5924102136252203,0.32552185809438017,0.0
0.5,1.6517546159354572,default_credit_card_clients,3.8361446642148698,29,42,3.0,scheduler,0.5982020053625462,0.3335739454659047,0.0
0.5,1.7150675131579884,default_credit_card_clients,3.771667052550027,30,42,3.0,scheduler,0.6039524847370972,0.3422062931615434,0.0
0.5,1.7762235823693024,default_credit_card_clients,3.7103350455561293,31,42,3.0,scheduler,0.6106299732275737,0.351857808336115,0.0
0.5,1.8375667450115771,default_credit_card_clients,3.651900920491367,32,42,3.0,scheduler,0.6151965007421111,0.35940165168940297,0.0
0.5,1.9000734154612187,default_credit_card_clients,3.5961434336966405,33,42,3.0,scheduler,0.6195423597823141,0.3673838666722993,0.0
0.5,1.9628332662547132,default_credit_card_clients,3.542864289288533,34,42,3.0,scheduler,0.624409157640923,0.3739969185299413,0.0
0.5,2.02582632073471,default_credit_card_clients,3.491885166900711,35,42,3.0,scheduler,0.6279479141791082,0.37918945970868634,0.0
0.5,2.0890911881641285,default_credit_card_clients,3.443045206801121,36,42,3.0,scheduler,0.6300911189503839,0.38203022293033984,0.0
0.5,2.1526214389611615,default_credit_card_clients,3.3961988714680125,37,42,3.0,scheduler,0.633829383972214,0.3882383608600054,0.0
0.5,2.216356267726092,default_credit_card_clients,3.351214118788428,38,42,3.0,scheduler,0.6364814361386443,0.3930562215352553,0.0
0.5,2.280348484230908,default_credit_card_clients,3.3079708345951078,39,42,3.0,scheduler,0.6401793964163036,0.39802862020130464,0.0
0.5,2.3445939683597574,default_credit_card_clients,3.266359482125101,40,42,3.0,scheduler,0.6428173419222744,0.4022345946619964,0.0
0.5,2.4090962467163126,default_credit_card_clients,3.226279933791988,41,42,3.0,scheduler,0.6451540094655691,0.40681066522524273,0.0
0.5,2.4737770858650197,default_credit_card_clients,3.1876404568820185,42,42,3.0,scheduler,0.6478221835296678,0.41108811903226894,0.0
0.5,2.53871533770467,default_credit_card_clients,3.1503568297661886,43,42,3.0,scheduler,0.6507926431750465,0.4161102897101484,0.0
0.5,2.6039507741228727,default_credit_card_clients,3.1143515692338903,44,42,3.0,scheduler,0.6526003109511014,0.41809473244070694,0.0
0.5,2.6693249947035333,default_credit_card_clients,3.079553252804851,45,42,3.0,scheduler,0.6538064304204088,0.42118757653370287,0.0
0.5,2.735025654457894,default_credit_card_clients,3.0458959225229973,46,42,3.0,scheduler,0.6554488487453637,0.4246250909750121,0.0
0.5,2.8008584963782286,default_credit_card_clients,3.013318558901472,47,42,3.0,scheduler,0.6570388709028967,0.42853786217898293,0.0
0.5,2.8670117543158278,default_credit_card_clients,2.981764615468017,48,42,3.0,scheduler,0.659950888669228,0.4316973999430885,0.0
0.5,2.9333507288022624,default_credit_card_clients,2.9511816058295324,49,42,3.0,scheduler,0.6619298516080081,0.4354976235447103,0.0
0.5,2.999922905203454,default_credit_card_clients,2.9215207363930937,50,42,3.0,scheduler,0.6632216186586782,0.4369480195506701,0.0
0.5,0.5526407888135076,default_credit_card_clients,4.1628134643554695,1,42,3.0,ha_uniform,0.5382537365016893,0.24197903672315318,0.0
0.5,0.6698394082369116,default_credit_card_clients,4.1628134643554695,2,42,3.0,ha_uniform,0.55875172176829,0.2628112710304279,0.0
0.5,0.7831621219029421,default_credit_card_clients,4.1628134643554695,3,42,3.0,ha_uniform,0.5723500386421734,0.2852589455994302,0.0
0.5,0.8843843513229028,default_credit_card_clients,4.1628134643554695,4,42,3.0,ha_uniform,0.5853765319581355,0.30772168755766816,0.0
0.5,0.9749497039171535,default_credit_card_clients,4.1628134643554695,5,42,3.0,ha_uniform,0.591185957021036,0.31802400680997367,0.0
0.5,1.0576171321252459,default_credit_card_clients,4.1628134643554695,6,42,3.0,ha_uniform,0.594345848964017,0.3219789473774879,0.0
0.5,1.1344469769572485,default_credit_card_clients,4.1628134643554695,7,42,3.0,ha_uniform,0.6007079528313579,0.3318934256888857,0.0
0.5,1.2068072166334696,default_credit_card_clients,4.1628134643554695,8,42,3.0,ha_uniform,0.6032008012583141,0.33428115843232786,0.0
0.5,1.2751672699354148,default_credit_card_clients,4.1628134643554695,9,42,3.0,ha_uniform,0.6067445958895207,0.3398731806086971,0.0
0.5,1.3394476833557245,default_credit_card_clients,4.1628134643554695,10,42,3.0,ha_uniform,0.609328129990861,0.34389000426417154,0.0
0.5,1.4025427247885538,default_credit_card_clients,4.1628134643554695,11,42,3.0,ha_uniform,0.6110259673390506,0.34752696962204627,0.0
0.5,1.4610702849460822,default_credit_card_clients,4.1628134643554695,12,42,3.0,ha_uniform,0.612545456194285,0.3494638679340605,0.0
0.5,1.5190243113622401,default_credit_card_clients,4.1628134643554695,13,42,3.0,ha_uniform,0.6146836228725393,0.3532495562702055,0.0
0.5,1.5747408628418027,default_credit_card_clients,4.1628134643554695,14,42,3.0,ha_uniform,0.6167134705508349,0.3573159168205659,0.0
0.5,1.627671095458449,default_credit_card_clients,4.1628134643554695,15,42,3.0,ha_uniform,0.6181649451502813,0.360100221332339,0.0
0.5,1.6806013280750953,default_credit_card_clients,4.1628134643554695,16,42,3.0,ha_uniform,0.6195574740613781,0.364782489470775,0.0
0.5,1.733451381617861,default_credit_card_clients,4.1628134643554695,17,42,3.0,ha_uniform,0.6212915856793214,0.368272202081651,0.0
0.5,1.7809835475122031,default_credit_card_clients,4.1628134643554695,18,42,3.0,ha_uniform,0.6223047461859117,0.3704634237670159,0.0
0.5,1.8285157134065448,default_credit_card_clients,4.1628134643554695,19,42,3.0,ha_uniform,0.6237965255295288,0.3741678982711052,0.0
0.5,1.8757177842472696,default_credit_card_clients,4.1628134643554695,20,42,3.0,ha_uniform,0.6246217651664234,0.37552989886168653,0.0
0.5,1.9219134502314292,default_credit_card_clients,4.1628134643554695,21,42,3.0,ha_uniform,0.6263095263285704,0.378714161739958,0.0
0.5,1.9671702534615865,default_credit_card_clients,4.1628134643554695,22,42,3.0,ha_uniform,0.6279197008581887,0.38186779628869033,0.0
0.5,2.0115508241355338,default_credit_card_clients,4.1628134643554695,23,42,3.0,ha_uniform,0.6302321855549813,0.3855041885815981,0.0
0.5,2.055060186987026,default_credit_card_clients,4.1628134643554695,24,42,3.0,ha_uniform,0.6323673293774227,0.38877148950321017,0.0
0.5,2.09782418368483,default_credit_card_clients,4.1628134643554695,25,42,3.0,ha_uniform,0.6346929131160706,0.39112598160133316,0.0
0.5,2.1398477111774388,default_credit_card_clients,4.1628134643554695,26,42,3.0,ha_uniform,0.6364733751898102,0.39364868889360904,0.0
0.5,2.1811879651599217,default_credit_card_clients,4.1628134643554695,27,42,3.0,ha_uniform,0.638334446751891,0.3961854696722332,0.0
0.5,2.2218472237386675,default_credit_card_clients,4.1628134643554695,28,42,3.0,ha_uniform,0.640154205951197,0.39910389417269826,0.0
0.5,2.2619224713392745,default_credit_card_clients,4.1628134643554695,29,42,3.0,ha_uniform,0.6417230681180405,0.4008884667533714,0.0
0.5,2.3014121125848965,default_credit_card_clients,4.1628134643554695,30,42,3.0,ha_uniform,0.6437836481637662,0.40433643423074844,0.0
0.5,2.340294936879218,default_credit_card_clients,4.1628134643554695,31,42,3.0,ha_uniform,0.6456346435398044,0.4066345763235846,0.0
0.5,2.3786571637962584,default_credit_card_clients,4.1628134643554695,32,42,3.0,ha_uniform,0.6478554349436085,0.4107555057129048,0.0
0.5,2.4165166141354852,default_credit_card_clients,4.1628134643554695,33,42,3.0,ha_uniform,0.649522036115066,0.4131599272216343,0.0
0.5,2.4538918921015127,default_credit_card_clients,4.1628134643554695,34,42,3.0,ha_uniform,0.6515453342724339,0.4153571498676482,0.0
0.5,2.490802438880423,default_credit_card_clients,4.1628134643554695,35,42,3.0,ha_uniform,0.6535273200670269,0.41883106566485767,0.0
0.5,2.52726859055356,default_credit_card_clients,4.1628134643554695,36,42,3.0,ha_uniform,0.6552886373872853,0.42018347818134677,0.0
0.5,2.5633116407408676,default_credit_card_clients,4.1628134643554695,37,42,3.0,ha_uniform,0.6566509377402541,0.4217948930416735,0.0
0.5,2.5989539084317435,default_credit_card_clients,4.1628134643554695,38,42,3.0,ha_uniform,0.65831955414892,0.42445090239783667,0.0
0.5,2.6342188115230756,default_credit_card_clients,4.1628134643554695,39,42,3.0,ha_uniform,0.6606400997945465,0.42759199506084444,0.0
0.5,2.6690263850830935,default_credit_card_clients,4.1628134643554695,40,42,3.0,ha_uniform,0.6620749486870225,0.4301208758029382,0.0
0.5,2.703480700825177,default_credit_card_clients,4.1628134643554695,41,42,3.0,ha_uniform,0.6632397557935551,0.43207237998535464,0.0
0.5,2.7376090296784885,default_credit_card_clients,4.1628134643554695,42,42,3.0,ha_uniform,0.6647461456069341,0.43454367718574965,0.0
0.5,2.771438589313505,default_credit_card_clients,4.1628134643554695,43,42,3.0,ha_uniform,0.6664822724620858,0.43805634257002124,0.0
0.5,2.804875457736381,default_credit_card_clients,4.1628134643554695,44,42,3.0,ha_uniform,0.6676057672058433,0.43926253854749964,0.0
0.5,2.838123653299034,default_credit_card_clients,4.1628134643554695,45,42,3.0,ha_uniform,0.668748406703082,0.4413805294059633,0.0
0.5,2.871108642637107,default_credit_card_clients,4.1628134643554695,46,42,3.0,ha_uniform,0.6700341280421265,0.4433438573854165,0.0
0.5,2.903679862797049,default_credit_card_clients,4.1628134643554695,47,42,3.0,ha_uniform,0.6708382076883315,0.44461616708321156,0.0
0.5,2.93604631832479,default_credit_card_clients,4.1628134643554695,48,42,3.0,ha_uniform,0.6723798641528598,0.4464178091941629,0.0
0.5,2.9681304320614723,default_credit_card_clients,4.1628134643554695,49,42,3.0,ha_uniform,0.6737028673802621,0.44800233067952966,0.0
0.5,2.999876365274091,default_credit_card_clients,4.1628134643554695,50,42,3.0,ha_uniform,0.6749230935100293,0.4490593094951765,0.0
0.5,0.21329672877269965,default_credit_card_clients,21.250689128305815,1,42,3.0,full_ha_dp,0.5231409688655928,0.2302963984647254,0.0
0.5,0.23415568389553948,default_credit_card_clients,15.026506387512285,2,42,3.0,full_ha_dp,0.5360188384374254,0.24002033407197046,0.0
0.5,0.2654441165797992,default_credit_card_clients,12.269091088692416,3,42,3.0,full_ha_dp,0.5461076197126473,0.24982626919574394,0.0
0.5,0.3071620268254789,default_credit_card_clients,10.625344564152908,4,42,3.0,full_ha_dp,0.559393574819208,0.26481468981587386,0.0
0.5,0.3571789003023462,default_credit_card_clients,9.50359709192151,5,42,3.0,full_ha_dp,0.5648059981520275,0.2760392030426627,0.0
0.5,0.40840811378621256,default_credit_card_clients,8.675557507809847,6,42,3.0,full_ha_dp,0.5678908225089905,0.282059936795082,0.0
0.5,0.4602264160720022,default_credit_card_clients,8.032005517463022,7,42,3.0,full_ha_dp,0.5776052734727273,0.29584016467124175,0.0
0.5,0.5126101897544545,default_credit_card_clients,7.513253193756142,8,42,3.0,full_ha_dp,0.5825990312754739,0.3041240981001738,0.0
0.5,0.5654514684608999,default_credit_card_clients,7.0835630427686045,9,42,3.0,full_ha_dp,0.5891818036171493,0.31347462679599003,0.0
0.5,0.618766202403035,default_credit_card_clients,6.720057949362453,10,42,3.0,full_ha_dp,0.5949977782009775,0.3225841933054111,0.0
0.5,0.6725533626231843,default_credit_card_clients,6.407323852279549,11,42,3.0,full_ha_dp,0.5991159154366162,0.32898119247467583,0.0
0.5,0.726702293044662,default_credit_card_clients,6.134545544346208,12,42,3.0,full_ha_dp,0.6037600295836822,0.33556944799564536,0.0
0.5,0.781381330954875,default_credit_card_clients,5.893880714696289,13,42,3.0,full_ha_dp,0.6080444238890249,0.3420715171839327,0.0
0.5,0.8361372067854634,default_credit_card_clients,5.679485567925866,14,42,3.0,full_ha_dp,0.6117091327527435,0.3475357708026945,0.0
0.5,0.8915668065394614,default_credit_card_clients,5.486904339290628,15,42,3.0,full_ha_dp,0.6148599561282859,0.35321454855387846,0.0
0.5,0.9472685865091947,default_credit_card_clients,5.312672282076454,16,42,3.0,full_ha_dp,0.6177729815132215,0.35918965935777847,0.0
0.5,1.0032056989100568,default_credit_card_clients,5.154049170186457,17,42,3.0,full_ha_dp,0.620614465977254,0.36397669766427104,0.0
0.5,1.059605102896302,default_credit_card_clients,5.008835462504095,18,42,3.0,full_ha_dp,0.6226377641346218,0.36789652085377955,0.0
0.5,1.1162222668011532,default_credit_card_clients,4.8752424416254465,19,42,3.0,full_ha_dp,0.6248535174454046,0.3722564755027993,0.0
0.5,1.172861114221153,default_credit_card_clients,4.751798545960755,20,42,3.0,full_ha_dp,0.6260676978635463,0.374917389365311,0.0
0.5,1.2300132786477604,default_credit_card_clients,4.6372805476398336,21,42,3.0,full_ha_dp,0.6280627826999947,0.3796260309929149,0.0
0.5,1.2881786528462973,default_credit_card_clients,4.5306621452051825,22,42,3.0,full_ha_dp,0.6297475210063288,0.3823341647036246,0.0
0.5,1.3452924585397874,default_credit_card_clients,4.431074991897735,23,42,3.0,full_ha_dp,0.6322071180193443,0.3862166745941825,0.0
0.5,1.4037957731220907,default_credit_card_clients,4.3377787539049235,24,42,3.0,full_ha_dp,0.6342616523534443,0.38999686914932785,0.0
0.5,1.461737315129979,default_credit_card_clients,4.250137825661163,25,42,3.0,full_ha_dp,0.6364129180735543,0.3926413330014611,0.0
0.5,1.5210141284721734,default_credit_card_clients,4.167603020866361,26,42,3.0,full_ha_dp,0.6381016868543055,0.3944122654935112,0.0
0.5,1.5791212177429417,default_credit_card_clients,4.089697029564137,27,42,3.0,full_ha_dp,0.6400725888442513,0.3969860987796846,0.0
0.5,1.6393804214311456,default_credit_card_clients,4.016002758731511,28,42,3.0,full_ha_dp,0.6416787328994527,0.39911061264727493,0.0
0.5,1.6978743184406908,default_credit_card_clients,3.9461539041761475,29,42,3.0,full_ha_dp,0.642982591373374,0.4014681515701711,0.0
0.5,1.7574713330773757,default_credit_card_clients,3.8798272660342965,30,42,3.0,full_ha_dp,0.6449504705075073,0.4047209042640397,0.0
0.5,1.8190549148686173,default_credit_card_clients,3.816736439166467,31,42,3.0,full_ha_dp,0.6467067497347444,0.40830225437011125,0.0
0.5,1.8781621687391867,default_credit_card_clients,3.756626596878071,32,42,3.0,full_ha_dp,0.6488318173711431,0.41202880289413685,0.0
0.5,1.937709519197008,default_credit_card_clients,3.699270150898708,33,42,3.0,full_ha_dp,0.6502686815008278,0.41469890257841374,0.0
0.5,1.9983564618225236,default_credit_card_clients,3.644463118807741,34,42,3.0,full_ha_dp,0.6521962558907902,0.4171560373849572,0.0
0.5,2.059220577050654,default_credit_card_clients,3.5920220665401374,35,42,3.0,full_ha_dp,0.6540381826993901,0.41940217165988747,0.0
0.5,2.120341080812935,default_credit_card_clients,3.5417815213843022,36,42,3.0,full_ha_dp,0.6559304904382033,0.42217188786572685,0.0
0.5,2.181674760997187,default_credit_card_clients,3.493591772234441,37,42,3.0,full_ha_dp,0.6573099203074445,0.4244818978217738,0.0
0.5,2.243262072753887,default_credit_card_clients,3.447316990401814,38,42,3.0,full_ha_dp,0.6589996967068001,0.4264792627109718,0.0
0.5,2.305083543576888,default_credit_card_clients,3.402833617201446,39,42,3.0,full_ha_dp,0.6615600555802422,0.42941876283182645,0.0
0.5,2.3671275612205402,default_credit_card_clients,3.3600289746812266,40,42,3.0,full_ha_dp,0.6629656835331945,0.43218502116153046,0.0
0.5,2.429391359574725,default_credit_card_clients,3.3188000638928217,41,42,3.0,full_ha_dp,0.6642695420071159,0.4334179284388808,0.0
0.5,2.4918821561721853,default_credit_card_clients,3.2790525215005935,42,42,3.0,full_ha_dp,0.6657698861088691,0.43591711508223685,0.0
0.5,2.554618469178685,default_credit_card_clients,3.240699710649262,43,42,3.0,full_ha_dp,0.6673538625547767,0.43843472278805873,0.0
0.5,2.6175874483102666,default_credit_card_clients,3.2036619261397745,44,42,3.0,full_ha_dp,0.6685982715310462,0.4403147164003862,0.0
0.5,2.6807180571774745,default_credit_card_clients,3.16786569730717,45,42,3.0,full_ha_dp,0.6696361186934412,0.44248151193217644,0.0
0.5,2.744167490300431,default_credit_card_clients,3.133243174717015,46,42,3.0,full_ha_dp,0.6710508152138317,0.4439797471082345,0.0
0.5,2.807713010649615,default_credit_card_clients,3.0997315890247275,47,42,3.0,full_ha_dp,0.6719032605530415,0.4450146750467506,0.0
0.5,2.8715778170175743,default_credit_card_clients,3.067272772173104,48,42,3.0,full_ha_dp,0.6734973131849917,0.4468420911848733,0.0
0.5,2.935603229901087,default_credit_card_clients,3.035812732615116,49,42,3.0,full_ha_dp,0.6749654134914085,0.4488498789156165,0.0
0.5,2.9999242607837657,default_credit_card_clients,3.005301277502457,50,42,3.0,full_ha_dp,0.6761806015281544,0.45006908571877197,0.0
0.5,0.4514644733801762,default_credit_card_clients,3.825998986816406,1,123,3.0,dp_uniform,0.6445433925913835,0.4039098037881411,0.0
0.5,0.5856523842571908,default_credit_card_clients,3.825998986816406,2,123,3.0,dp_uniform,0.6308045129222049,0.3836887162938036,0.0
0.5,0.7064596402695303,default_credit_card_clients,3.825998986816406,3,123,3.0,dp_uniform,0.6179906271317431,0.35816481607404616,0.0
0.5,0.811306152012328,default_credit_card_clients,3.825998986816406,4,123,3.0,dp_uniform,0.6051963899040647,0.32720956394700895,0.0
0.5,0.9050888522717812,default_credit_card_clients,3.825998986816406,5,123,3.0,dp_uniform,0.5952466599962315,0.3020654745012987,0.0
0.5,0.9910291390741304,default_credit_card_clients,3.825998986816406,6,123,3.0,dp_uniform,0.587912204175773,0.282137336111726,0.0
0.5,1.0703562251020469,default_credit_card_clients,3.825998986816406,7,123,3.0,dp_uniform,0.5797343715835431,0.2659141428108152,0.0
0.5,1.144487354742319,default_credit_card_clients,3.825998986816406,8,123,3.0,dp_uniform,0.57543335157123,0.2591816176874147,0.0
0.5,1.215121788145679,default_credit_card_clients,3.825998986816406,9,123,3.0,dp_uniform,0.570758505056734,0.25279133007933313,0.0
0.5,1.2825245124921514,default_credit_card_clients,3.825998986816406,10,123,3.0,dp_uniform,0.5683694413460172,0.25007573612175826,0.0
0.5,1.3462545456283446,default_credit_card_clients,3.825998986816406,11,123,3.0,dp_uniform,0.5650110485379958,0.24618641662840504,0.0
0.5,1.4081302345079951,default_credit_card_clients,3.825998986816406,12,123,3.0,dp_uniform,0.5655984901842834,0.24695571025068264,0.0
0.5,1.4679716799722171,default_credit_card_clients,3.825998986816406,13,123,3.0,dp_uniform,0.5667995715605695,0.24826966365611214,0.0
0.5,1.5244527625694064,default_credit_card_clients,3.825998986816406,14,123,3.0,dp_uniform,0.5675583083695824,0.24974480888174577,0.0
0.5,1.5809338451665957,default_credit_card_clients,3.825998986816406,15,123,3.0,dp_uniform,0.5709832040054855,0.25372170600919264,0.0
0.5,1.6364685439785949,default_credit_card_clients,3.825998986816406,16,123,3.0,dp_uniform,0.5747063547482516,0.2577916700314753,0.0
0.5,1.687160042888879,default_credit_card_clients,3.825998986816406,17,123,3.0,dp_uniform,0.5785866939932832,0.26225642858943854,0.0
0.5,1.7378515417991633,default_credit_card_clients,3.825998986816406,18,123,3.0,dp_uniform,0.5806553349878432,0.264624573797636,0.0
0.5,1.7878613287955818,default_credit_card_clients,3.825998986816406,19,123,3.0,dp_uniform,0.5850545978140722,0.2710470264850189,0.0
0.5,1.8367079561757396,default_credit_card_clients,3.825998986816406,20,123,3.0,dp_uniform,0.5898196261936502,0.27753439529322843,0.0
0.5,1.8845138692291967,default_credit_card_clients,3.825998986816406,21,123,3.0,dp_uniform,0.5947327745080555,0.2865053686412167,0.0
0.5,1.9313376341362063,default_credit_card_clients,3.825998986816406,22,123,3.0,dp_uniform,0.5988861783948434,0.2940407428799755,0.0
0.5,1.9772255115276929,default_credit_card_clients,3.825998986816406,23,123,3.0,dp_uniform,0.604910730029755,0.3061768211901732,0.0
0.5,2.0222819585177527,default_credit_card_clients,3.825998986816406,24,123,3.0,dp_uniform,0.610472784725308,0.31774261496117623,0.0
0.5,2.0665434842317896,default_credit_card_clients,3.825998986816406,25,123,3.0,dp_uniform,0.615312880690904,0.32668832612486226,0.0
0.5,2.1100243612053786,default_credit_card_clients,3.825998986816406,26,123,3.0,dp_uniform,0.6218004330744761,0.34022200702192934,0.0
0.5,2.1528007655458072,default_credit_card_clients,3.825998986816406,27,123,3.0,dp_uniform,0.6261231168867809,0.3487728959835392,0.0
0.5,2.1949439125009373,default_credit_card_clients,3.825998986816406,28,123,3.0,dp_uniform,0.6308589243268352,0.3587763575101056,0.0
0.5,2.2363715986539785,default_credit_card_clients,3.825998986816406,29,123,3.0,dp_uniform,0.6365449161107132,0.37163975479483147,0.0
0.5,2.2772119109195206,default_credit_card_clients,3.825998986816406,30,123,3.0,dp_uniform,0.6395546728816582,0.3784570394112248,0.0
0.5,2.317486308744383,default_credit_card_clients,3.825998986816406,31,123,3.0,dp_uniform,0.6437282291405315,0.3876238410024716,0.0
0.5,2.3572137325921654,default_credit_card_clients,3.825998986816406,32,123,3.0,dp_uniform,0.6465878507394409,0.39268647139610735,0.0
0.5,2.396413957244192,default_credit_card_clients,3.825998986816406,33,123,3.0,dp_uniform,0.6495079294546062,0.39825934587846984,0.0
0.5,2.435107649728661,default_credit_card_clients,3.825998986816406,34,123,3.0,dp_uniform,0.6517055456305123,0.40256385309885084,0.0
0.5,2.4733164319996837,default_credit_card_clients,3.825998986816406,35,123,3.0,dp_uniform,0.6538376665971409,0.405926552788592,0.0
0.5,2.511062948796618,default_credit_card_clients,3.825998986816406,36,123,3.0,dp_uniform,0.6557158676754944,0.4102444841784314,0.0
0.5,2.548370941215242,default_credit_card_clients,3.825998986816406,37,123,3.0,dp_uniform,0.6578610876839786,0.4144924305160492,0.0
0.5,2.5852653265374683,default_credit_card_clients,3.825998986816406,38,123,3.0,dp_uniform,0.6608814244502684,0.41966684736111004,0.0
0.5,2.62177228498532,default_credit_card_clients,3.825998986816406,39,123,3.0,dp_uniform,0.662812525505346,0.4242139708671096,0.0
0.5,2.657866211065827,default_credit_card_clients,3.825998986816406,40,123,3.0,dp_uniform,0.6651421397184109,0.4285674239626837,0.0
0.5,2.6935260067283733,default_credit_card_clients,3.825998986816406,41,123,3.0,dp_uniform,0.6667079790294416,0.43172608986046046,0.0
0.5,2.7288559312419793,default_credit_card_clients,3.825998986816406,42,123,3.0,dp_uniform,0.668216384080029,0.4341146438745428,0.0
0.5,2.763886549506077,default_credit_card_clients,3.825998986816406,43,123,3.0,dp_uniform,0.6693998321307404,0.43601964798008,0.0
0.5,2.7985217127205178,default_credit_card_clients,3.825998986816406,44,123,3.0,dp_uniform,0.6710115180882654,0.4389105523023829,0.0
0.5,2.8328010586285335,default_credit_card_clients,3.825998986816406,45,123,3.0,dp_uniform,0.6723587041621701,0.4408891018059383,0.0
0.5,2.8668484517768644,default_credit_card_clients,3.825998986816406,46,123,3.0,dp_uniform,0.6741371509987012,0.4428175424881719,0.0
0.5,2.9005161707594267,default_credit_card_clients,3.825998986816406,47,123,3.0,dp_uniform,0.675382567593575,0.44460021031244423,0.0
0.5,2.933885451848487,default_credit_card_clients,3.825998986816406,48,123,3.0,dp_uniform,0.6765725651652141,0.4464070722625425,0.0
0.5,2.967070954094825,default_credit_card_clients,3.825998986816406,49,123,3.0,dp_uniform,0.6773272714998101,0.44783473474381974,0.0
0.5,2.9998822110524976,default_credit_card_clients,3.825998986816406,50,123,3.0,dp_uniform,0.6789324079364071,0.4498546174383158,0.0
0.5,0.11394700822522269,default_credit_card_clients,19.556493476346404,1,123,3.0,scheduler,0.6449887600144694,0.393770839398932,0.0
0.5,0.1361065222531086,default_credit_card_clients,13.82852915335502,2,123,3.0,scheduler,0.6379878259520233,0.3917019298455937,0.0
0.5,0.16934579329493749,default_credit_card_clients,11.290946772973758,3,123,3.0,scheduler,0.6295313868157136,0.3800509880901205,0.0
0.5,0.2136648213507093,default_credit_card_clients,9.778246738173202,4,123,3.0,scheduler,0.6183231412711512,0.36031136924185114,0.0
0.5,0.2657230445763909,default_credit_card_clients,8.745929762928347,5,123,3.0,scheduler,0.6094571051722071,0.3382599169310514,0.0
0.5,0.3186587821263203,default_credit_card_clients,7.98390502918611,6,123,3.0,scheduler,0.6014344458450344,0.3149769329300618,0.0
0.5,0.37218901684257044,default_credit_card_clients,7.391659750695657,7,123,3.0,scheduler,0.5917602996254682,0.2903543634242568,0.0
0.5,0.42631002522053363,default_credit_card_clients,6.91426457667751,8,123,3.0,scheduler,0.5859322336183886,0.2758209440024818,0.0
0.5,0.48090710186067964,default_credit_card_clients,6.518831158782135,9,123,3.0,scheduler,0.5800084438439037,0.26435098711026606,0.0
0.5,0.5359973220876351,default_credit_card_clients,6.184306243147889,10,123,3.0,scheduler,0.5760454798733222,0.25824626283070434,0.0
0.5,0.5916282265638603,default_credit_card_clients,5.896504643279466,11,123,3.0,scheduler,0.5711948039123815,0.25192861017161094,0.0
0.5,0.647635098278261,default_credit_card_clients,5.645473386486879,12,123,3.0,scheduler,0.5697851454850122,0.2501126522655437,0.0
0.5,0.7039243519756737,default_credit_card_clients,5.423995384403382,13,123,3.0,scheduler,0.5688944106388403,0.2502253584909343,0.0
0.5,0.7607797897150115,default_credit_card_clients,5.226692733940564,14,123,3.0,scheduler,0.5672671065929493,0.24862949626371858,0.0
0.5,0.8178202677506267,default_credit_card_clients,5.049464902940242,15,123,3.0,scheduler,0.5681397043042444,0.24957728145575467,0.0
0.5,0.8753441438244753,default_credit_card_clients,4.889123369086601,16,123,3.0,scheduler,0.5693276866386751,0.2506963433865894,0.0
0.5,0.933211450790763,default_credit_card_clients,4.743146368804643,17,123,3.0,scheduler,0.5712602991216589,0.25221889322080737,0.0
0.5,0.9913758990052851,default_credit_card_clients,4.609509717785007,18,123,3.0,scheduler,0.5711353544147298,0.2517982412378254,0.0
0.5,1.049914769153957,default_credit_card_clients,4.4865673028108635,19,123,3.0,scheduler,0.5738080627625477,0.2548197884011776,0.0
0.5,1.1090709691214165,default_credit_card_clients,4.372964881464173,20,123,3.0,scheduler,0.5772395079193784,0.258318288981347,0.0
0.5,1.1681630065291122,default_credit_card_clients,4.26757674682226,21,123,3.0,scheduler,0.5811672052388106,0.26339795277045536,0.0
0.5,1.2273502484387568,default_credit_card_clients,4.169458418560875,22,123,3.0,scheduler,0.5848389674327591,0.2680098556183089,0.0
0.5,1.2880251082770158,default_credit_card_clients,4.077810778231374,23,123,3.0,scheduler,0.5909924942490168,0.2765742344720915,0.0
0.5,1.3471477366236269,default_credit_card_clients,3.991952514593055,24,123,3.0,scheduler,0.5973062324233529,0.2867944547739797,0.0
0.5,1.4086691645221723,default_credit_card_clients,3.9112986952692808,25,123,3.0,scheduler,0.6028582109328634,0.29542910082989327,0.0
0.5,1.468112940247771,default_credit_card_clients,3.835343917436166,26,123,3.0,scheduler,0.6107680169763583,0.31068039482024523,0.0
0.5,1.5298430150397389,default_credit_card_clients,3.7636489243245848,27,123,3.0,scheduler,0.6157124014674957,0.3194423730800795,0.0
0.5,1.5905521486203438,default_credit_card_clients,3.6958298753478287,28,123,3.0,scheduler,0.6221641833906165,0.3349706493987459,0.0
0.5,1.6517546159354572,default_credit_card_clients,3.631549669647454,29,123,3.0,scheduler,0.6295963782156888,0.35162669445632255,0.0
0.5,1.7150675131579884,default_credit_card_clients,3.5705108742325167,30,123,3.0,scheduler,0.6338948791814912,0.3627295620371225,0.0
0.5,1.7762235823693024,default_credit_card_clients,3.512449917403848,31,123,3.0,scheduler,0.6390891530864868,0.37365711435299054,0.0
0.5,1.8375667450115771,default_credit_card_clients,3.457132288338755,32,123,3.0,scheduler,0.6429735228059357,0.38065958582768383,0.0
0.5,1.9000734154612187,default_credit_card_clients,3.4043485430752782,33,123,3.0,scheduler,0.6468427782463204,0.3888420718631751,0.0
0.5,1.9628332662547132,default_credit_card_clients,3.3539109615421117,34,123,3.0,scheduler,0.6498021540870522,0.39591361964882066,0.0
0.5,2.02582632073471,default_credit_card_clients,3.305650733820928,35,123,3.0,scheduler,0.6528330708486869,0.4015589690133433,0.0
0.5,2.0890911881641285,default_credit_card_clients,3.2594155793910673,36,123,3.0,scheduler,0.655540542038352,0.40804544953291066,0.0
0.5,2.1526214389611615,default_credit_card_clients,3.2150677227551747,37,123,3.0,scheduler,0.6583739655535503,0.41338447837536063,0.0
0.5,2.216356267726092,default_credit_card_clients,3.1724821640674,38,123,3.0,scheduler,0.6623288685752979,0.4214091330790714,0.0
0.5,2.280348484230908,default_credit_card_clients,3.13154519526858,39,123,3.0,scheduler,0.6649738674114983,0.4264307246064031,0.0
0.5,2.3445939683597574,default_credit_card_clients,3.0921531215739444,40,123,3.0,scheduler,0.6680118375033629,0.4326982291454611,0.0
0.5,2.4090962467163126,default_credit_card_clients,3.054211155551001,41,123,3.0,scheduler,0.6703998935954754,0.43717564754593674,0.0
0.5,2.4737770858650197,default_credit_card_clients,3.017632456912046,42,123,3.0,scheduler,0.6725078317156016,0.4407164525226496,0.0
0.5,2.53871533770467,default_credit_card_clients,2.9823372958617362,43,123,3.0,scheduler,0.6740545262731513,0.4431952899269307,0.0
0.5,2.6039507741228727,default_credit_card_clients,2.948252321639733,44,123,3.0,scheduler,0.6762098224676782,0.4463159664365389,0.0
0.5,2.6693249947035333,default_credit_card_clients,2.915309920976116,45,123,3.0,scheduler,0.6780608178437163,0.44875111420571867,0.0
0.5,2.735025654457894,default_credit_card_clients,2.883447653682998,46,123,3.0,scheduler,0.6803662492102789,0.45127104078813624,0.0
0.5,2.8008584963782286,default_credit_card_clients,2.8526077546558986,47,123,3.0,scheduler,0.6818907761585347,0.4531040614039685,0.0
0.5,2.8670117543158278,default_credit_card_clients,2.8227366932434395,48,123,3.0,scheduler,0.6835634230416177,0.4553827059107828,0.0
0.5,2.9333507288022624,default_credit_card_clients,2.7937847823352007,49,123,3.0,scheduler,0.6847080777760649,0.4571662011247473,0.0
0.5,2.9998822110524985,default_credit_card_clients,2.7657058306710036,50,123,3.0,scheduler,0.6867444749752882,0.4592438761158798,0.0
0.5,0.5294733661035586,default_credit_card_clients,3.9371111450195313,1,123,3.0,ha_uniform,0.64537618936781,0.4045491816744964,0.0
0.5,0.663206388239684,default_credit_card_clients,3.9371111450195313,2,123,3.0,ha_uniform,0.6339024363210233,0.3889103392795613,0.0
0.5,0.7810143843663311,default_credit_card_clients,3.9371111450195313,3,123,3.0,ha_uniform,0.6226720231671669,0.36661395148705306,0.0
0.5,0.8826805621436976,default_credit_card_clients,3.9371111450195313,4,123,3.0,ha_uniform,0.6109252054786238,0.33993564535059806,0.0
0.5,0.9735958977798624,default_credit_card_clients,3.9371111450195313,5,123,3.0,ha_uniform,0.601535207705461,0.3160897644398724,0.0
0.5,1.0563383472343275,default_credit_card_clients,3.9371111450195313,6,123,3.0,ha_uniform,0.5947821478196645,0.2964547509259427,0.0
0.5,1.1332906731069725,default_credit_card_clients,3.9371111450195313,7,123,3.0,ha_uniform,0.5869035779529018,0.27825986923243584,0.0
0.5,1.205805041045312,default_credit_card_clients,3.9371111450195313,8,123,3.0,ha_uniform,0.58291693494512,0.2688774312404517,0.0
0.5,1.274039822398738,default_credit_card_clients,3.9371111450195313,9,123,3.0,ha_uniform,0.5788668119652695,0.26272483250120404,0.0
0.5,1.3385263568981187,default_credit_card_clients,3.9371111450195313,10,123,3.0,ha_uniform,0.5762993997615974,0.25877589728702277,0.0
0.5,1.4015292656851874,default_credit_card_clients,3.9371111450195313,11,123,3.0,ha_uniform,0.5729792964605381,0.2546910450878242,0.0
0.5,1.4602929325386573,default_credit_card_clients,3.9371111450195313,12,123,3.0,ha_uniform,0.5733551381999297,0.25419269893287044,0.0
0.5,1.5181821795875299,default_credit_card_clients,3.9371111450195313,13,123,3.0,ha_uniform,0.5743899625065116,0.2563133776497911,0.0
0.5,1.5741470784376324,default_credit_card_clients,3.9371111450195313,14,123,3.0,ha_uniform,0.5744584805716019,0.2560237531530021,0.0
0.5,1.627034897882552,default_credit_card_clients,3.9371111450195313,15,123,3.0,ha_uniform,0.5778450867005429,0.26122344249493823,0.0
0.5,1.679922717327472,default_credit_card_clients,3.9371111450195313,16,123,3.0,ha_uniform,0.5809818034156256,0.26508507351555877,0.0
0.5,1.7328105367723916,default_credit_card_clients,3.9371111450195313,17,123,3.0,ha_uniform,0.5841699086795258,0.26897680805872787,0.0
0.5,1.780573335500811,default_credit_card_clients,3.9371111450195313,18,123,3.0,ha_uniform,0.5854334624092765,0.2696311379561471,0.0
0.5,1.8280827118389649,default_credit_card_clients,3.9371111450195313,19,123,3.0,ha_uniform,0.5892190855055072,0.27637884548818137,0.0
0.5,1.8753232629359409,default_credit_card_clients,3.9371111450195313,20,123,3.0,ha_uniform,0.5934319388899468,0.28215602956037056,0.0
0.5,1.921560487941311,default_credit_card_clients,3.9371111450195313,21,123,3.0,ha_uniform,0.5984136052694422,0.29087081088791517,0.0
0.5,1.966861575824521,default_credit_card_clients,3.9371111450195313,22,123,3.0,ha_uniform,0.6017115409612077,0.2983934252536469,0.0
0.5,2.0112588568091296,default_credit_card_clients,3.9371111450195313,23,123,3.0,ha_uniform,0.6074045860753154,0.3100473904720704,0.0
0.5,2.054817242913383,default_credit_card_clients,3.9371111450195313,24,123,3.0,ha_uniform,0.6123933057850407,0.3204546438489122,0.0
0.5,2.0976320915810045,default_credit_card_clients,3.9371111450195313,25,123,3.0,ha_uniform,0.6174646502203158,0.33013509452880824,0.0
0.5,2.1396783768206338,default_credit_card_clients,3.9371111450195313,26,123,3.0,ha_uniform,0.6237632741155879,0.343821792712696,0.0
0.5,2.181072769357853,default_credit_card_clients,3.9371111450195313,27,123,3.0,ha_uniform,0.6280436379465135,0.35051042070702026,0.0
0.5,2.2217578983943835,default_credit_card_clients,3.9371111450195313,28,123,3.0,ha_uniform,0.6324423969634405,0.36077127203451126,0.0
0.5,2.261860278334599,default_credit_card_clients,3.9371111450195313,29,123,3.0,ha_uniform,0.6374910699801197,0.3718273638394255,0.0
0.5,2.301394972845523,default_credit_card_clients,3.9371111450195313,30,123,3.0,ha_uniform,0.6404917581836265,0.3788537883593813,0.0
0.5,2.3403201004853305,default_credit_card_clients,3.9371111450195313,31,123,3.0,ha_uniform,0.6441141470659658,0.3874357383125833,0.0
0.5,2.378712787426289,default_credit_card_clients,3.9371111450195313,32,123,3.0,ha_uniform,0.6466251326277987,0.39105448522439956,0.0
0.5,2.416603598414331,default_credit_card_clients,3.9371111450195313,33,123,3.0,ha_uniform,0.6492338571942458,0.3960253089434892,0.0
0.5,2.4540110631182666,default_credit_card_clients,3.9371111450195313,34,123,3.0,ha_uniform,0.6514737933515309,0.4003117934749897,0.0
0.5,2.490954549420667,default_credit_card_clients,3.9371111450195313,35,123,3.0,ha_uniform,0.6537822475739063,0.4040789216916355,0.0
0.5,2.5274543213071055,default_credit_card_clients,3.9371111450195313,36,123,3.0,ha_uniform,0.6560332675358385,0.40837709420019763,0.0
0.5,2.563531601485763,default_credit_card_clients,3.9371111450195313,37,123,3.0,ha_uniform,0.6576988610886916,0.4118754248901902,0.0
0.5,2.599208639197908,default_credit_card_clients,3.9371111450195313,38,123,3.0,ha_uniform,0.6606693207340703,0.41790823807720545,0.0
0.5,2.6344816587815743,default_credit_card_clients,3.9371111450195313,39,123,3.0,ha_uniform,0.6619238058963824,0.42098620931724373,0.0
0.5,2.6693237924833784,default_credit_card_clients,3.9371111450195313,40,123,3.0,ha_uniform,0.6641687801466891,0.4254836062756831,0.0
0.5,2.703814458869444,default_credit_card_clients,3.9371111450195313,41,123,3.0,ha_uniform,0.6657668632530563,0.42866320368527766,0.0
0.5,2.73797944975532,default_credit_card_clients,3.9371111450195313,42,123,3.0,ha_uniform,0.667298443531542,0.43154911264916385,0.0
0.5,2.7718459178233084,default_credit_card_clients,3.9371111450195313,43,123,3.0,ha_uniform,0.6686783772100855,0.43393262618483924,0.0
0.5,2.8052922590022265,default_credit_card_clients,3.9371111450195313,44,123,3.0,ha_uniform,0.6705157697349661,0.4371175646526226,0.0
0.5,2.838434373558406,default_credit_card_clients,3.9371111450195313,45,123,3.0,ha_uniform,0.6717208815856692,0.4387997868538619,0.0
0.5,2.8713376548559335,default_credit_card_clients,3.9371111450195313,46,123,3.0,ha_uniform,0.6735446712593923,0.4413266811443455,0.0
0.5,2.903875983629212,default_credit_card_clients,3.9371111450195313,47,123,3.0,ha_uniform,0.6746671583845456,0.4427015490565029,0.0
0.5,2.9361196298811754,default_credit_card_clients,3.9371111450195313,48,123,3.0,ha_uniform,0.6757740274213326,0.4442267307912934,0.0
0.5,2.9681909203047874,default_credit_card_clients,3.9371111450195313,49,123,3.0,ha_uniform,0.6766723194070365,0.4459009118357695,0.0
0.5,2.999999046102365,default_credit_card_clients,3.9371111450195313,50,123,3.0,ha_uniform,0.6782814863180509,0.4480333271568999,0.0
0.5,0.21329672877269965,default_credit_card_clients,20.114378133513714,1,123,3.0,full_ha_dp,0.6452300846701913,0.392115240524378,0.0
0.5,0.23415568389553948,default_credit_card_clients,14.223013177557956,2,123,3.0,full_ha_dp,0.6402166783046616,0.39450142614510786,0.0
0.5,0.2654441165797992,default_credit_card_clients,11.613041629966062,3,123,3.0,full_ha_dp,0.6333981232095878,0.38577213409651046,0.0
0.5,0.3071620268254789,default_credit_card_clients,10.057189066756857,4,123,3.0,full_ha_dp,0.6237763731574435,0.37041371895568415,0.0
0.5,0.3571789003023462,default_credit_card_clients,8.995423366334402,5,123,3.0,full_ha_dp,0.6157144167047042,0.35208033635624714,0.0
0.5,0.40840811378621256,default_credit_card_clients,8.211660486750679,6,123,3.0,full_ha_dp,0.6084998674981535,0.331284218840314,0.0
0.5,0.4602264160720022,default_credit_card_clients,7.602520331141832,7,123,3.0,full_ha_dp,0.5992499287109837,0.3065067886477155,0.0
0.5,0.5126101897544545,default_credit_card_clients,7.111506588778978,8,123,3.0,full_ha_dp,0.5933513294016055,0.29120694821132126,0.0
0.5,0.5654514684608999,default_credit_card_clients,6.704792711171237,9,123,3.0,full_ha_dp,0.5878124499339507,0.27706489306508786,0.0
0.5,0.618766202403035,default_credit_card_clients,6.360724861978975,10,123,3.0,full_ha_dp,0.5838595621494117,0.26981367646430665,0.0
0.5,0.6725533626231843,default_credit_card_clients,6.064713196381287,11,123,3.0,full_ha_dp,0.57906531283031,0.2614212498825902,0.0
0.5,0.726702293044662,default_credit_card_clients,5.806520814983031,12,123,3.0,full_ha_dp,0.5775367554076372,0.2586918916253856,0.0
0.5,0.781381330954875,default_credit_card_clients,5.578724748804257,13,123,3.0,full_ha_dp,0.5769472985241411,0.2581460734189083,0.0
0.5,0.8361372067854634,default_credit_card_clients,5.375793680258988,14,123,3.0,full_ha_dp,0.5748685813435385,0.25682227966718185,0.0
0.5,0.8915668065394614,default_credit_card_clients,5.193510102027816,15,123,3.0,full_ha_dp,0.575739163817625,0.2574730536612797,0.0
0.5,0.9472685865091947,default_credit_card_clients,5.0285945333784285,16,123,3.0,full_ha_dp,0.5763719483011047,0.25783310421457484,0.0
0.5,1.0032056989100568,default_credit_card_clients,4.878453272828896,17,123,3.0,full_ha_dp,0.5774611840123172,0.2589044052944335,0.0
0.5,1.059605102896302,default_credit_card_clients,4.741004392519319,18,123,3.0,full_ha_dp,0.5768243690544205,0.25794937888892633,0.0
0.5,1.1162222668011532,default_credit_card_clients,4.614554820850029,19,123,3.0,full_ha_dp,0.5787166767932337,0.2600259584928546,0.0
0.5,1.172861114221153,default_credit_card_clients,4.497711683167201,20,123,3.0,full_ha_dp,0.5811863499922917,0.2627633870420185,0.0
0.5,1.2300132786477604,default_credit_card_clients,4.38931715970434,21,123,3.0,full_ha_dp,0.5850344454419868,0.26790874137621934,0.0
0.5,1.2881786528462973,default_credit_card_clients,4.28839982711275,22,123,3.0,full_ha_dp,0.5878809679990408,0.2716975100380825,0.0
0.5,1.3452924585397874,default_credit_card_clients,4.194137770632048,23,123,3.0,full_ha_dp,0.5934510836434279,0.2799379023421781,0.0
0.5,1.4037957731220907,default_credit_card_clients,4.1058302433753395,24,123,3.0,full_ha_dp,0.5987622413065186,0.288732672500524,0.0
0.5,1.461737315129979,default_credit_card_clients,4.022875626702742,25,123,3.0,full_ha_dp,0.6042678693602327,0.29757389324724925,0.0
0.5,1.5210141284721734,default_credit_card_clients,3.944754100252709,26,123,3.0,full_ha_dp,0.6116647975341557,0.3123677927846281,0.0
0.5,1.5791212177429417,default_credit_card_clients,3.871013876655354,27,123,3.0,full_ha_dp,0.6164933058858025,0.3202428683112383,0.0
0.5,1.6393804214311456,default_credit_card_clients,3.801260165570916,28,123,3.0,full_ha_dp,0.6221722443394505,0.3332109025500203,0.0
0.5,1.6978743184406908,default_credit_card_clients,3.7351462497239263,29,123,3.0,full_ha_dp,0.629132873657726,0.34884695853972386,0.0
0.5,1.7574713330773757,default_credit_card_clients,3.6723662113047064,30,123,3.0,full_ha_dp,0.6330182509957791,0.35871044778974404,0.0
0.5,1.8190549148686173,default_credit_card_clients,3.6126489597504863,31,123,3.0,full_ha_dp,0.6379193078869331,0.36931053007504516,0.0
0.5,1.8781621687391867,default_credit_card_clients,3.555753294389489,32,123,3.0,full_ha_dp,0.6413028911600612,0.3757165688800833,0.0
0.5,1.937709519197008,default_credit_card_clients,3.5014637964886113,33,123,3.0,full_ha_dp,0.6449514781261116,0.3828906535864913,0.0
0.5,1.9983564618225236,default_credit_card_clients,3.4495873909190187,34,123,3.0,full_ha_dp,0.6481335376783863,0.3898488620936016,0.0
0.5,2.059220577050654,default_credit_card_clients,3.39995045215147,35,123,3.0,full_ha_dp,0.6512808343888139,0.3965293984795547,0.0
0.5,2.120341080812935,default_credit_card_clients,3.3523963555856184,36,123,3.0,full_ha_dp,0.6543313997132317,0.40332069193535147,0.0
0.5,2.181674760997187,default_credit_card_clients,3.3067833954266765,37,123,3.0,full_ha_dp,0.6568302938518136,0.40847326317215676,0.0
0.5,2.243262072753887,default_credit_card_clients,3.2629830059801295,38,123,3.0,full_ha_dp,0.6604919798597193,0.41569761897673224,0.0
0.5,2.305083543576888,default_credit_card_clients,3.220878235456965,39,123,3.0,full_ha_dp,0.6626875807984169,0.4198586475760071,0.0
0.5,2.3671275612205402,default_credit_card_clients,3.1803624309894873,40,123,3.0,full_ha_dp,0.6656046366577695,0.4260778996366711,0.0
0.5,2.429391359574725,default_credit_card_clients,3.141338101160755,41,123,3.0,full_ha_dp,0.6679765708522135,0.43133004043418327,0.0
0.5,2.4918821561721853,default_credit_card_clients,3.103715928405415,42,123,3.0,full_ha_dp,0.6703394364792195,0.4347999168097359,0.0
0.5,2.554618469178685,default_credit_card_clients,3.067413908490246,43,123,3.0,full_ha_dp,0.6723627346365872,0.4386520141348892,0.0
0.5,2.6175874483102666,default_credit_card_clients,3.0323565981906433,44,123,3.0,full_ha_dp,0.674706455510112,0.4421651316153735,0.0
0.5,2.6807180571774745,default_credit_card_clients,2.9984744554448,45,123,3.0,full_ha_dp,0.6764934671047792,0.44469326394121367,0.0
0.5,2.744167490300431,default_credit_card_clients,2.9657032588445498,46,123,3.0,full_ha_dp,0.6788669127271297,0.44776987894093623,0.0
0.5,2.807713010649615,default_credit_card_clients,2.9339835954304134,47,123,3.0,full_ha_dp,0.6804216682335136,0.4497020269639015,0.0
0.5,2.8715778170175743,default_credit_card_clients,2.9032604074915156,48,123,3.0,full_ha_dp,0.6819895227817528,0.4518383318581792,0.0
0.5,2.935603229901087,default_credit_card_clients,2.8734825905019585,49,123,3.0,full_ha_dp,0.6833074879161338,0.4538469180113137,0.0
0.5,2.9999594373941707,default_credit_card_clients,2.844602635511591,50,123,3.0,full_ha_dp,0.6854758831525163,0.45612675334851116,0.0
0.5,0.5457856585054491,default_credit_card_clients,4.873007543945314,1,2026,3.0,dp_uniform,0.515756635924223,0.226947379725811,0.0
0.5,0.6415206892582549,default_credit_card_clients,4.873007543945314,2,2026,3.0,dp_uniform,0.5301182238908386,0.22918334691717365,0.0
0.5,0.7372557200110607,default_credit_card_clients,4.873007543945314,3,2026,3.0,dp_uniform,0.533306329154739,0.23039444520001987,0.0
0.5,0.8274078185601912,default_credit_card_clients,4.873007543945314,4,2026,3.0,dp_uniform,0.5293060832957995,0.22931835711786147,0.0
0.5,0.9137954267650663,default_credit_card_clients,4.873007543945314,5,2026,3.0,dp_uniform,0.5271800080407965,0.2291278108878585,0.0
0.5,0.9977347273383027,default_credit_card_clients,4.873007543945314,6,2026,3.0,dp_uniform,0.5200773044993193,0.22721294748314197,0.0
0.5,1.076899001300564,default_credit_card_clients,4.873007543945314,7,2026,3.0,dp_uniform,0.5166181498308713,0.22705503634769725,0.0
0.5,1.150752174312372,default_credit_card_clients,4.873007543945314,8,2026,3.0,dp_uniform,0.5173743675933735,0.2293191728974709,0.0
0.5,1.2204071206292164,default_credit_card_clients,4.873007543945314,9,2026,3.0,dp_uniform,0.5147394449432157,0.22980202482165735,0.0
0.5,1.2883971041405262,default_credit_card_clients,4.873007543945314,10,2026,3.0,dp_uniform,0.5174388551840465,0.23247460135640632,0.0
0.5,1.3510064450392476,default_credit_card_clients,4.873007543945314,11,2026,3.0,dp_uniform,0.5183250557464992,0.23388523300473166,0.0
0.5,1.413314124774435,default_credit_card_clients,4.873007543945314,12,2026,3.0,dp_uniform,0.5206360290153853,0.23653462327432667,0.0
0.5,1.4719704455618237,default_credit_card_clients,4.873007543945314,13,2026,3.0,dp_uniform,0.5263033798550842,0.24344710663911243,0.0
0.5,1.5287591255120594,default_credit_card_clients,4.873007543945314,14,2026,3.0,dp_uniform,0.528643070254192,0.2452189940712748,0.0
0.5,1.5855478054622956,default_credit_card_clients,4.873007543945314,15,2026,3.0,dp_uniform,0.5296728564677526,0.24619380102120345,0.0
0.5,1.6396592785831392,default_credit_card_clients,4.873007543945314,16,2026,3.0,dp_uniform,0.5387857591247422,0.25442343042473137,0.0
0.5,1.6905501984062075,default_credit_card_clients,4.873007543945314,17,2026,3.0,dp_uniform,0.5422146852350623,0.2577823347980717,0.0
0.5,1.7413526038027691,default_credit_card_clients,4.873007543945314,18,2026,3.0,dp_uniform,0.5478462656143098,0.2625205510055182,0.0
0.5,1.791179557093903,default_credit_card_clients,4.873007543945314,19,2026,3.0,dp_uniform,0.5518505419476663,0.2666380611406617,0.0
0.5,1.8398815755461575,default_credit_card_clients,4.873007543945314,20,2026,3.0,dp_uniform,0.559095319712345,0.27367632675751247,0.0
0.5,1.8875318293276262,default_credit_card_clients,4.873007543945314,21,2026,3.0,dp_uniform,0.5615125967439812,0.2770229272384407,0.0
0.5,1.9342085472151083,default_credit_card_clients,4.873007543945314,22,2026,3.0,dp_uniform,0.5699710511174995,0.28673167902051955,0.0
0.5,1.979995636893432,default_credit_card_clients,4.873007543945314,23,2026,3.0,dp_uniform,0.5736327371254051,0.2925626265484351,0.0
0.5,2.024907463921492,default_credit_card_clients,4.873007543945314,24,2026,3.0,dp_uniform,0.577902520960986,0.29857927491437564,0.0
0.5,2.0690205208028494,default_credit_card_clients,4.873007543945314,25,2026,3.0,dp_uniform,0.5845004075817255,0.3085956643250861,0.0
0.5,2.112385779210153,default_credit_card_clients,4.873007543945314,26,2026,3.0,dp_uniform,0.5901602012818924,0.31908128352848353,0.0
0.5,2.1550607849542027,default_credit_card_clients,4.873007543945314,27,2026,3.0,dp_uniform,0.5938475815642069,0.32446440594428505,0.0
0.5,2.197010220755738,default_credit_card_clients,4.873007543945314,28,2026,3.0,dp_uniform,0.5956255245914358,0.3276108653724671,0.0
0.5,2.238351421595802,default_credit_card_clients,4.873007543945314,29,2026,3.0,dp_uniform,0.6009316441615051,0.337763866369271,0.0
0.5,2.2791022009950046,default_credit_card_clients,4.873007543945314,30,2026,3.0,dp_uniform,0.6024697739609185,0.34040824954858734,0.0
0.5,2.319281095725182,default_credit_card_clients,4.873007543945314,31,2026,3.0,dp_uniform,0.6051107423227019,0.3456323810306622,0.0
0.5,2.358907415689655,default_credit_card_clients,4.873007543945314,32,2026,3.0,dp_uniform,0.6069783634057107,0.3507376128520067,0.0
0.5,2.397994577374274,default_credit_card_clients,4.873007543945314,33,2026,3.0,dp_uniform,0.6106682627345358,0.3581467785923096,0.0
0.5,2.436583763640893,default_credit_card_clients,4.873007543945314,34,2026,3.0,dp_uniform,0.6146997447702076,0.36511796207064795,0.0
0.5,2.474676783227667,default_credit_card_clients,4.873007543945314,35,2026,3.0,dp_uniform,0.6206074126470241,0.37618244704910914,0.0
0.5,2.512303342133166,default_credit_card_clients,4.873007543945314,36,2026,3.0,dp_uniform,0.6238831807294958,0.38187162429810745,0.0
0.5,2.5494875156530137,default_credit_card_clients,4.873007543945314,37,2026,3.0,dp_uniform,0.626674284263315,0.38567710075995754,0.0
0.5,2.586254548740406,default_credit_card_clients,4.873007543945314,38,2026,3.0,dp_uniform,0.6302331931735854,0.39313183640350996,0.0
0.5,2.6226309428771595,default_credit_card_clients,4.873007543945314,39,2026,3.0,dp_uniform,0.6327955672842361,0.39798607644149797,0.0
0.5,2.658644550580076,default_credit_card_clients,4.873007543945314,40,2026,3.0,dp_uniform,0.6345921512556439,0.4021203048336083,0.0
0.5,2.6942693331663317,default_credit_card_clients,4.873007543945314,41,2026,3.0,dp_uniform,0.6356249603250175,0.4045778120116095,0.0
0.5,2.729459447695078,default_credit_card_clients,4.873007543945314,42,2026,3.0,dp_uniform,0.6357962554877429,0.40494316708365063,0.0
0.5,2.7643480954340904,default_credit_card_clients,4.873007543945314,43,2026,3.0,dp_uniform,0.6367555083990049,0.40585054319234837,0.0
0.5,2.798967831049244,default_credit_card_clients,4.873007543945314,44,2026,3.0,dp_uniform,0.6388095389238029,0.40961005135550965,0.0
0.5,2.833125989505726,default_credit_card_clients,4.873007543945314,45,2026,3.0,dp_uniform,0.641267624508912,0.4130558288119398,0.0
0.5,2.8670245795482336,default_credit_card_clients,4.873007543945314,46,2026,3.0,dp_uniform,0.6428183495408786,0.414408840291008,0.0
0.5,2.9006961273953906,default_credit_card_clients,4.873007543945314,47,2026,3.0,dp_uniform,0.6447015887122532,0.4167476056658893,0.0
0.5,2.933912160922734,default_credit_card_clients,4.873007543945314,48,2026,3.0,dp_uniform,0.6458089615583427,0.4183267795768887,0.0
0.5,2.967045497720167,default_credit_card_clients,4.873007543945314,49,2026,3.0,dp_uniform,0.6483773813806188,0.42114909694740005,0.0
0.5,2.9998822110524976,default_credit_card_clients,4.873007543945314,50,2026,3.0,dp_uniform,0.6503563443193989,0.42290303488610126,0.0
0.5,0.11394700822522269,default_credit_card_clients,24.816394735555168,1,2026,3.0,scheduler,0.5010887319019104,0.2237938027825515,0.0
0.5,0.1361065222531086,default_credit_card_clients,17.5478410021132,2,2026,3.0,scheduler,0.5183633452534614,0.2293955608470696,0.0
0.5,0.16934579329493749,default_credit_card_clients,14.327752180888785,3,2026,3.0,scheduler,0.5327350094061196,0.23251500136019726,0.0
0.5,0.2136648213507093,default_credit_card_clients,12.408197367777584,4,2026,3.0,scheduler,0.5395072140453971,0.23493657257287093,0.0
0.5,0.2657230445763909,default_credit_card_clients,11.098229117033855,5,2026,3.0,scheduler,0.5463549900799949,0.23797731731387584,0.0
0.5,0.3186587821263203,default_credit_card_clients,10.131250726266806,6,2026,3.0,scheduler,0.5428222792534352,0.23746266499409072,0.0
0.5,0.37218901684257044,default_credit_card_clients,9.379715558213068,7,2026,3.0,scheduler,0.5395636406872362,0.23724610862321804,0.0
0.5,0.42631002522053363,default_credit_card_clients,8.7739205010566,8,2026,3.0,scheduler,0.5392986369943139,0.23910171306031458,0.0
0.5,0.48090710186067964,default_credit_card_clients,8.272131578518387,9,2026,3.0,scheduler,0.5342786811078565,0.23726325722233108,0.0
0.5,0.5359973220876351,default_credit_card_clients,7.847633067816628,10,2026,3.0,scheduler,0.5354918539073938,0.23893617262078382,0.0
0.5,0.5916282265638603,default_credit_card_clients,7.482424544289773,11,2026,3.0,scheduler,0.5346620799867801,0.2388807958211245,0.0
0.5,0.647635098278261,default_credit_card_clients,7.1638760904443926,12,2026,3.0,scheduler,0.5354837929585596,0.24139143780692673,0.0
0.5,0.7039243519756737,default_credit_card_clients,6.882829514707597,13,2026,3.0,scheduler,0.5404886345659532,0.2474395455936024,0.0
0.5,0.7607797897150115,default_credit_card_clients,6.632460476813423,14,2026,3.0,scheduler,0.5405057640822257,0.24826337889579406,0.0
0.5,0.8178202677506267,default_credit_card_clients,6.407565568247638,15,2026,3.0,scheduler,0.5393026674687311,0.2476813350721603,0.0
0.5,0.8753441438244753,default_credit_card_clients,6.204098683888792,16,2026,3.0,scheduler,0.5486442995488892,0.25700134232967187,0.0
0.5,0.933211450790763,default_credit_card_clients,6.018859808336235,17,2026,3.0,scheduler,0.5514061821431846,0.2604866092544361,0.0
0.5,0.9913758990052851,default_credit_card_clients,5.849280334037731,18,2026,3.0,scheduler,0.5568770473550515,0.2662223837909484,0.0
0.5,1.049914769153957,default_credit_card_clients,5.693271410278934,19,2026,3.0,scheduler,0.5606667009256991,0.27055403469902184,0.0
0.5,1.1090709691214165,default_credit_card_clients,5.549114558516927,20,2026,3.0,scheduler,0.5690047448760075,0.2794966878389392,0.0
0.5,1.1681630065291122,default_credit_card_clients,5.415381302456436,21,2026,3.0,scheduler,0.5708048555125302,0.2824918505122094,0.0
0.5,1.2273502484387568,default_credit_card_clients,5.290873134983961,22,2026,3.0,scheduler,0.5797333639649389,0.2944261090608885,0.0
0.5,1.2880251082770158,default_credit_card_clients,5.17457600729336,23,2026,3.0,scheduler,0.5833497071356526,0.30159161148203467,0.0
0.5,1.3471477366236269,default_credit_card_clients,5.065625363133403,24,2026,3.0,scheduler,0.5884129906220936,0.3085307825972867,0.0
0.5,1.4086691645221723,default_credit_card_clients,4.963278947111033,25,2026,3.0,scheduler,0.5957262864518625,0.31985471582352665,0.0
0.5,1.468112940247771,default_credit_card_clients,4.866895423600655,26,2026,3.0,scheduler,0.6020616884261905,0.3335660247928184,0.0
0.5,1.5298430150397389,default_credit_card_clients,4.775917393629594,27,2026,3.0,scheduler,0.6063571665361801,0.3412566936110629,0.0
0.5,1.5905521486203438,default_credit_card_clients,4.689857779106534,28,2026,3.0,scheduler,0.608811221646872,0.3449474303424265,0.0
0.5,1.6517546159354572,default_credit_card_clients,4.608288812754127,29,2026,3.0,scheduler,0.615301796886257,0.35779486931279586,0.0
0.5,1.7150675131579884,default_credit_card_clients,4.530833064205339,30,2026,3.0,scheduler,0.6171900741506531,0.3611005501305431,0.0
0.5,1.7762235823693024,default_credit_card_clients,4.457156071695051,31,2026,3.0,scheduler,0.6205066507865975,0.36726000472266374,0.0
0.5,1.8375667450115771,default_credit_card_clients,4.3869602505283,32,2026,3.0,scheduler,0.6232181524506797,0.3734702282171931,0.0
0.5,1.9000734154612187,default_credit_card_clients,4.3199798248367625,33,2026,3.0,scheduler,0.6277161619001269,0.38292375870440254,0.0
0.5,1.9628332662547132,default_credit_card_clients,4.2559765854857154,34,2026,3.0,scheduler,0.63227462846583,0.39133387840875883,0.0
0.5,2.02582632073471,default_credit_card_clients,4.1947363195553615,35,2026,3.0,scheduler,0.6384674524076542,0.4066145125510549,0.0
0.5,2.0890911881641285,default_credit_card_clients,4.136065789259193,36,2026,3.0,scheduler,0.641973965150503,0.41134457711680955,0.0
0.5,2.1526214389611615,default_credit_card_clients,4.07979016309527,37,2026,3.0,scheduler,0.644761038209905,0.4155398155133076,0.0
0.5,2.216356267726092,default_credit_card_clients,4.025750821343733,38,2026,3.0,scheduler,0.6485083717991735,0.42113826709809316,0.0
0.5,2.280348484230908,default_credit_card_clients,3.9738034731027314,39,2026,3.0,scheduler,0.6513055210446184,0.42673510682845084,0.0
0.5,2.3445939683597574,default_credit_card_clients,3.923816533908314,40,2026,3.0,scheduler,0.6527847051556821,0.42876446849141436,0.0
0.5,2.4090962467163126,default_credit_card_clients,3.8756697223642496,41,2026,3.0,scheduler,0.654064380783101,0.4307037171453909,0.0
0.5,2.4737770858650197,default_credit_card_clients,3.8292528416777833,42,2026,3.0,scheduler,0.6544059634899475,0.43096400930611434,0.0
0.5,2.53871533770467,default_credit_card_clients,3.78446471798174,43,2026,3.0,scheduler,0.6555234125220795,0.4313266987989033,0.0
0.5,2.6039507741228727,default_credit_card_clients,3.7412122721448866,44,2026,3.0,scheduler,0.6576242973119758,0.43428400216798857,0.0
0.5,2.6693249947035333,default_credit_card_clients,3.699409705677951,45,2026,3.0,scheduler,0.6598178830134649,0.435932701469367,0.0
0.5,2.735025654457894,default_credit_card_clients,3.6589777845223446,46,2026,3.0,scheduler,0.6611560005199313,0.43619869213606133,0.0
0.5,2.8008584963782286,default_credit_card_clients,3.6198432071101494,47,2026,3.0,scheduler,0.6633193576632921,0.43837840632731784,0.0
0.5,2.8670117543158278,default_credit_card_clients,3.5819380452221963,48,2026,3.0,scheduler,0.6645546980721233,0.4401118123656377,0.0
0.5,2.9333507288022624,default_credit_card_clients,3.545199247936453,49,2026,3.0,scheduler,0.6672359711780775,0.44150163600822956,0.0
0.5,2.9998822110524985,default_credit_card_clients,3.509568200422639,50,2026,3.0,scheduler,0.6692592693354453,0.4427426440179392,0.0
0.5,0.6174277651015889,default_credit_card_clients,5.016933081054686,1,2026,3.0,ha_uniform,0.5336720947080879,0.24736915382487173,0.0
0.5,0.7128957244843543,default_credit_card_clients,5.016933081054686,2,2026,3.0,ha_uniform,0.5891762617148257,0.3005250876048251,0.0
0.5,0.8083636838671198,default_credit_card_clients,5.016933081054686,3,2026,3.0,ha_uniform,0.6161738907882499,0.3406137269060306,0.0
0.5,0.894581792900063,default_credit_card_clients,5.016933081054686,4,2026,3.0,ha_uniform,0.6340037019907521,0.3731713462751196,0.0
0.5,0.980714584186918,default_credit_card_clients,5.016933081054686,5,2026,3.0,ha_uniform,0.6465263860045807,0.39851217992216326,0.0
0.5,1.0621900178527706,default_credit_card_clients,5.016933081054686,6,2026,3.0,ha_uniform,0.652504587183696,0.40860647347222023,0.0
0.5,1.138490427688459,default_credit_card_clients,5.016933081054686,7,2026,3.0,ha_uniform,0.6564836730519458,0.4145847043362104,0.0
0.5,1.2103376986913077,default_credit_card_clients,5.016933081054686,8,2026,3.0,ha_uniform,0.6581129923350453,0.41847203204810113,0.0
0.5,1.279139062250483,default_credit_card_clients,5.016933081054686,9,2026,3.0,ha_uniform,0.6598984925018062,0.4205771046977478,0.0
0.5,1.3427743460476458,default_credit_card_clients,5.016933081054686,10,2026,3.0,ha_uniform,0.6616557793476475,0.42277419058380167,0.0
0.5,1.4058084703272682,default_credit_card_clients,5.016933081054686,11,2026,3.0,ha_uniform,0.6638523879049493,0.42537966413976824,0.0
0.5,1.4640072432704572,default_credit_card_clients,5.016933081054686,12,2026,3.0,ha_uniform,0.6655482100159303,0.42878200113971865,0.0
0.5,1.5222060162136464,default_credit_card_clients,5.016933081054686,13,2026,3.0,ha_uniform,0.6667875808991787,0.430570953873456,0.0
0.5,1.577170309803603,default_credit_card_clients,5.016933081054686,14,2026,3.0,ha_uniform,0.6674969443965826,0.4310649318689069,0.0
0.5,1.6302740743460924,default_credit_card_clients,5.016933081054686,15,2026,3.0,ha_uniform,0.6681911936149224,0.43227021461969717,0.0
0.5,1.6833778388885814,default_credit_card_clients,5.016933081054686,16,2026,3.0,ha_uniform,0.6691010732145755,0.4331653941338533,0.0
0.5,1.7353408356858226,default_credit_card_clients,5.016933081054686,17,2026,3.0,ha_uniform,0.6702245679583331,0.434920682580432,0.0
0.5,1.7829841459371036,default_credit_card_clients,5.016933081054686,18,2026,3.0,ha_uniform,0.6717682396600698,0.43666972869174503,0.0
0.5,1.8306274561883846,default_credit_card_clients,5.016933081054686,19,2026,3.0,ha_uniform,0.6723415746458976,0.43744288603672665,0.0
0.5,1.877745289017187,default_credit_card_clients,5.016933081054686,20,2026,3.0,ha_uniform,0.6734952979477831,0.43739791203783096,0.0
0.5,1.9238465537693565,default_credit_card_clients,5.016933081054686,21,2026,3.0,ha_uniform,0.6740585567475683,0.4382496867617556,0.0
0.5,1.9689998295746627,default_credit_card_clients,5.016933081054686,22,2026,3.0,ha_uniform,0.6752294095657265,0.43973209312037415,0.0
0.5,2.013278533764828,default_credit_card_clients,5.016933081054686,23,2026,3.0,ha_uniform,0.6759337349701089,0.44111774037444657,0.0
0.5,2.0567548323957756,default_credit_card_clients,5.016933081054686,24,2026,3.0,ha_uniform,0.6767881955465274,0.4416905704250226,0.0
0.5,2.099392823700514,default_credit_card_clients,5.016933081054686,25,2026,3.0,ha_uniform,0.6774935285695141,0.4427141508502435,0.0
0.5,2.141367138794436,default_credit_card_clients,5.016933081054686,26,2026,3.0,ha_uniform,0.6783832557970817,0.4432962788425576,0.0
0.5,2.182583175165287,default_credit_card_clients,5.016933081054686,27,2026,3.0,ha_uniform,0.6794342020013321,0.44458171390601664,0.0
0.5,2.223196038201301,default_credit_card_clients,5.016933081054686,28,2026,3.0,ha_uniform,0.6806322605218054,0.4453464477090704,0.0
0.5,2.263193381935267,default_credit_card_clients,5.016933081054686,29,2026,3.0,ha_uniform,0.6810282546332822,0.4460494804608337,0.0
0.5,2.3025583878275393,default_credit_card_clients,5.016933081054686,30,2026,3.0,ha_uniform,0.6819210047166627,0.44664713230495645,0.0
0.5,2.341381967193148,default_credit_card_clients,5.016933081054686,31,2026,3.0,ha_uniform,0.6824610882885498,0.4466656091545276,0.0
0.5,2.3796814303420715,default_credit_card_clients,5.016933081054686,32,2026,3.0,ha_uniform,0.683028377562752,0.44706299641450464,0.0
0.5,2.417474817124807,default_credit_card_clients,5.016933081054686,33,2026,3.0,ha_uniform,0.6832833050696314,0.44785697159386584,0.0
0.5,2.4547809466634796,default_credit_card_clients,5.016933081054686,34,2026,3.0,ha_uniform,0.684296969385524,0.44795579496952537,0.0
0.5,2.4916194710290327,default_credit_card_clients,5.016933081054686,35,2026,3.0,ha_uniform,0.6850002871713022,0.4487658470086894,0.00375234521575985
0.5,2.528010933243043,default_credit_card_clients,5.016933081054686,36,2026,3.0,ha_uniform,0.6855333174129594,0.44957059797467747,0.00749063670411985
0.5,2.5639768300074715,default_credit_card_clients,5.016933081054686,37,2026,3.0,ha_uniform,0.6858779229756187,0.4503782353174831,0.00749063670411985
0.5,2.599539679620979,default_credit_card_clients,5.016933081054686,38,2026,3.0,ha_uniform,0.6869349148914945,0.4514538935150128,0.00749063670411985
0.5,2.634723095607089,default_credit_card_clients,5.016933081054686,39,2026,3.0,ha_uniform,0.6875858365098511,0.4518428534030113,0.00749063670411985
0.5,2.6695435995282364,default_credit_card_clients,5.016933081054686,40,2026,3.0,ha_uniform,0.688413091383954,0.45244446824013385,0.00749063670411985
0.5,2.703912143782601,default_credit_card_clients,5.016933081054686,41,2026,3.0,ha_uniform,0.688945114007007,0.4529868985030104,0.00749063670411985
0.5,2.7379530888802655,default_credit_card_clients,5.016933081054686,42,2026,3.0,ha_uniform,0.6898408869462003,0.45317368932713986,0.007476635514018692
0.5,2.7716938364748716,default_credit_card_clients,5.016933081054686,43,2026,3.0,ha_uniform,0.6906802332435547,0.45415235309887714,0.007476635514018692
0.5,2.8051366408782443,default_credit_card_clients,5.016933081054686,44,2026,3.0,ha_uniform,0.6916011966478546,0.4551187418325233,0.0111731843575419
0.5,2.8381487954354676,default_credit_card_clients,5.016933081054686,45,2026,3.0,ha_uniform,0.6919639393453905,0.45545505170310374,0.01855287569573284
0.5,2.871024096549502,default_credit_card_clients,5.016933081054686,46,2026,3.0,ha_uniform,0.6923780705917442,0.4563997147523222,0.02214022140221402
0.5,2.9035556088378573,default_credit_card_clients,5.016933081054686,47,2026,3.0,ha_uniform,0.6934169253727434,0.45692171734642656,0.029411764705882353
0.5,2.9358131083252372,default_credit_card_clients,5.016933081054686,48,2026,3.0,ha_uniform,0.693649685270329,0.4575827616663531,0.040145985401459854
0.5,2.9679197888958786,default_credit_card_clients,5.016933081054686,49,2026,3.0,ha_uniform,0.6943882697072566,0.45818079450947413,0.04363636363636364
0.5,2.999999046102365,default_credit_card_clients,5.016933081054686,50,2026,3.0,ha_uniform,0.6953183016789949,0.45887905272470847,0.043557168784029036
0.5,0.21329672877269965,default_credit_card_clients,25.540347949083824,1,2026,3.0,full_ha_dp,0.4901192919665592,0.21985666423491576,0.0
0.5,0.23415568389553948,default_credit_card_clients,18.059753228661105,2,2026,3.0,full_ha_dp,0.5192097448810455,0.23604225579287594,0.0
0.5,0.2654441165797992,default_credit_card_clients,14.745726763600251,3,2026,3.0,full_ha_dp,0.5362374916745513,0.24836092307290616,0.0
0.5,0.3071620268254789,default_credit_card_clients,12.770173974541912,4,2026,3.0,full_ha_dp,0.5567551255039354,0.26309793526191677,0.0
0.5,0.3571789003023462,default_credit_card_clients,11.421990836629753,5,2026,3.0,full_ha_dp,0.5882840154407476,0.2940901626289354,0.0
0.5,0.40840811378621256,default_credit_card_clients,10.426803388065702,6,2026,3.0,full_ha_dp,0.6100082725487409,0.3195508210794004,0.0
0.5,0.4602264160720022,default_credit_card_clients,9.653344153047763,7,2026,3.0,full_ha_dp,0.6236937484318935,0.3432744972000919,0.0
0.5,0.5126101897544545,default_credit_card_clients,9.029876614330552,8,2026,3.0,full_ha_dp,0.6306926672571311,0.3563107494938632,0.0
0.5,0.5654514684608999,default_credit_card_clients,8.513449316361275,9,2026,3.0,full_ha_dp,0.6374301090545614,0.37036294913970513,0.0
0.5,0.618766202403035,default_credit_card_clients,8.076567175231506,10,2026,3.0,full_ha_dp,0.6437624881730765,0.3847018181257975,0.0
0.5,0.6725533626231843,default_credit_card_clients,7.70070465111219,11,2026,3.0,full_ha_dp,0.6500812644404341,0.39964196821264647,0.0
0.5,0.726702293044662,default_credit_card_clients,7.3728633818001255,12,2026,3.0,full_ha_dp,0.6548110261688628,0.4087617993508838,0.0
0.5,0.781381330954875,default_credit_card_clients,7.083618009508713,13,2026,3.0,full_ha_dp,0.6579618495444053,0.4157866494381624,0.0
0.5,0.8361372067854634,default_credit_card_clients,6.825945111747584,14,2026,3.0,full_ha_dp,0.6598521420460098,0.4191782544167224,0.0
0.5,0.8915668065394614,default_credit_card_clients,6.594489484209627,15,2026,3.0,full_ha_dp,0.6613000899803414,0.4207808011184069,0.0
0.5,0.9472685865091947,default_credit_card_clients,6.385086987270956,16,2026,3.0,full_ha_dp,0.6630865977657066,0.4234032952826007,0.0
0.5,1.0032056989100568,default_credit_card_clients,6.19444425347647,17,2026,3.0,full_ha_dp,0.664847915085965,0.427497636018079,0.0
0.5,1.059605102896302,default_credit_card_clients,6.019917742887034,18,2026,3.0,full_ha_dp,0.6671452855036935,0.42999829374456755,0.0
0.5,1.1162222668011532,default_credit_card_clients,5.8593576680485615,19,2026,3.0,full_ha_dp,0.6679745556150051,0.4303290099244046,0.0
0.5,1.172861114221153,default_credit_card_clients,5.710995418314877,20,2026,3.0,full_ha_dp,0.669911198572406,0.43313153034112273,0.0
0.5,1.2300132786477604,default_credit_card_clients,5.5733608453422265,21,2026,3.0,full_ha_dp,0.6707621324837093,0.4344742400011672,0.0
0.5,1.2881786528462973,default_credit_card_clients,5.445220478716217,22,2026,3.0,full_ha_dp,0.6722005080413003,0.4358441112415771,0.0
0.5,1.3452924585397874,default_credit_card_clients,5.325530687417023,23,2026,3.0,full_ha_dp,0.6733179570734321,0.43776101030951453,0.0
0.5,1.4037957731220907,default_credit_card_clients,5.213401694032851,24,2026,3.0,full_ha_dp,0.674498886077633,0.4392061465848145,0.0
0.5,1.461737315129979,default_credit_card_clients,5.108069589816765,25,2026,3.0,full_ha_dp,0.6754379866168096,0.44115552256341983,0.0
0.5,1.5210141284721734,default_credit_card_clients,5.008874329858765,26,2026,3.0,full_ha_dp,0.6766390679930957,0.44252025538033146,0.0
0.5,1.5791212177429417,default_credit_card_clients,4.915242254533416,27,2026,3.0,full_ha_dp,0.6779288198065574,0.4438662707022455,0.0
0.5,1.6393804214311456,default_credit_card_clients,4.826672076523882,28,2026,3.0,full_ha_dp,0.6790361926526466,0.44477723579389894,0.0
0.5,1.6978743184406908,default_credit_card_clients,4.742723549564694,29,2026,3.0,full_ha_dp,0.6798352342058304,0.4445924502503087,0.0
0.5,1.7574713330773757,default_credit_card_clients,4.663008232748005,30,2026,3.0,full_ha_dp,0.6809224546798343,0.4455229707295158,0.0
0.5,1.8190549148686173,default_credit_card_clients,4.587181907264121,31,2026,3.0,full_ha_dp,0.6817124276655794,0.446675448727363,0.0
0.5,1.8781621687391867,default_credit_card_clients,4.514938307165276,32,2026,3.0,full_ha_dp,0.6824822482792394,0.4475880592167355,0.0
0.5,1.937709519197008,default_credit_card_clients,4.4460039032694265,33,2026,3.0,full_ha_dp,0.6828611128744436,0.4487047172676971,0.0
0.5,1.9983564618225236,default_credit_card_clients,4.380133537315253,34,2026,3.0,full_ha_dp,0.6841297046972157,0.4493016393898748,0.0
0.5,2.059220577050654,default_credit_card_clients,4.3171067472829865,35,2026,3.0,full_ha_dp,0.6849302576783057,0.45012548831900245,0.0
0.5,2.120341080812935,default_credit_card_clients,4.256724658180637,36,2026,3.0,full_ha_dp,0.6855454088362106,0.4506868992269162,0.0
0.5,2.181674760997187,default_credit_card_clients,4.198807338255839,37,2026,3.0,full_ha_dp,0.685806885864018,0.4509724780998944,0.0
0.5,2.243262072753887,default_credit_card_clients,4.143191540474534,38,2026,3.0,full_ha_dp,0.686985295821708,0.4517658531039207,0.0
0.5,2.305083543576888,default_credit_card_clients,4.089728764626336,39,2026,3.0,full_ha_dp,0.6878347183051048,0.4520738774529728,0.0
0.5,2.3671275612205402,default_credit_card_clients,4.038283587615753,40,2026,3.0,full_ha_dp,0.6886337598582885,0.4524734225081626,0.0
0.5,2.429391359574725,default_credit_card_clients,3.9887322191523653,41,2026,3.0,full_ha_dp,0.6894005576161355,0.4532234469810963,0.0
0.5,2.4918821561721853,default_credit_card_clients,3.9409612477410776,42,2026,3.0,full_ha_dp,0.6901532487135229,0.45373949134236247,0.0
0.5,2.554618469178685,default_credit_card_clients,3.8948665480325544,43,2026,3.0,full_ha_dp,0.6913029415409914,0.4545476974014253,0.00749063670411985
0.5,2.6175874483102666,default_credit_card_clients,3.850352325556095,44,2026,3.0,full_ha_dp,0.6922541335034194,0.4553867602808006,0.00749063670411985
0.5,2.6807180571774745,default_credit_card_clients,3.8073302788765844,45,2026,3.0,full_ha_dp,0.6927337599590504,0.45594574466642596,0.00749063670411985
0.5,2.744167490300431,default_credit_card_clients,3.7657188624896336,46,2026,3.0,full_ha_dp,0.6932254778379325,0.45667962184405353,0.00749063670411985
0.5,2.807713010649615,default_credit_card_clients,3.7254426364463797,47,2026,3.0,full_ha_dp,0.6945535191583563,0.4569774576086957,0.011194029850746268
0.5,2.8715778170175743,default_credit_card_clients,3.6864316909000627,48,2026,3.0,full_ha_dp,0.6948336371303425,0.45770820519450556,0.011194029850746268
0.5,2.935603229901087,default_credit_card_clients,3.6486211355834035,49,2026,3.0,full_ha_dp,0.6955994272695853,0.45833963001290423,0.01858736059479554
0.5,2.9999599948124933,default_credit_card_clients,3.6119506457322204,50,2026,3.0,full_ha_dp,0.6965687563668902,0.45948906473791157,0.02214022140221402
0.5,0.5873000139080076,default_credit_card_clients,4.249592468261719,1,31415,3.0,dp_uniform,0.5666539706722529,0.30959447284591823,0.0
0.5,0.6804961348765889,default_credit_card_clients,4.249592468261719,2,31415,3.0,dp_uniform,0.5629071408922866,0.3109638309355647,0.0
0.5,0.761668904792654,default_credit_card_clients,4.249592468261719,3,31415,3.0,dp_uniform,0.5531211490076469,0.2834418450933378,0.0
0.5,0.8428416747087192,default_credit_card_clients,4.249592468261719,4,31415,3.0,dp_uniform,0.5386991039247753,0.2557280576650683,0.0
0.5,0.9240144446247843,default_credit_card_clients,4.249592468261719,5,31415,3.0,dp_uniform,0.5237430209816422,0.23366677034097122,0.0
0.5,1.0051872145408496,default_credit_card_clients,4.249592468261719,6,31415,3.0,dp_uniform,0.5123549155162181,0.22109114170515065,0.0
0.5,1.0797672942998757,default_credit_card_clients,4.249592468261719,7,31415,3.0,dp_uniform,0.5058648440861353,0.21691750638655688,0.0
0.5,1.1540302234544428,default_credit_card_clients,4.249592468261719,8,31415,3.0,dp_uniform,0.5040083068077735,0.21697362354522645,0.0
0.5,1.2227218932944144,default_credit_card_clients,4.249592468261719,9,31415,3.0,dp_uniform,0.5047655321888802,0.2185002166369563,0.0
0.5,1.290460938660186,default_credit_card_clients,4.249592468261719,10,31415,3.0,dp_uniform,0.5083214182433379,0.22242164744202575,0.0
0.5,1.352944835730986,default_credit_card_clients,4.249592468261719,11,31415,3.0,dp_uniform,0.5104263335076513,0.22505638760691976,0.0
0.5,1.4154287328017858,default_credit_card_clients,4.249592468261719,12,31415,3.0,dp_uniform,0.5133373436553783,0.2297367807623499,0.0
0.5,1.473516545658946,default_credit_card_clients,4.249592468261719,13,31415,3.0,dp_uniform,0.5177910178862378,0.23696900119170633,0.0
0.5,1.5304241563858838,default_credit_card_clients,4.249592468261719,14,31415,3.0,dp_uniform,0.5235636648700828,0.24367876934577481,0.0
0.5,1.587331767112822,default_credit_card_clients,4.249592468261719,15,31415,3.0,dp_uniform,0.5248534166835443,0.24662586450117954,0.0
0.5,1.640815321746008,default_credit_card_clients,4.249592468261719,16,31415,3.0,dp_uniform,0.5355402196003987,0.2580471781972085,0.0
0.5,1.6917784942667558,default_credit_card_clients,4.249592468261719,17,31415,3.0,dp_uniform,0.5410025200541293,0.26462183542603096,0.0
0.5,1.7425887136148472,default_credit_card_clients,4.249592468261719,18,31415,3.0,dp_uniform,0.5468109374984256,0.27387935212515035,0.0
0.5,1.792353844824512,default_credit_card_clients,4.249592468261719,19,31415,3.0,dp_uniform,0.5535866688028181,0.2841890572597747,0.0
0.5,1.8409877707127533,default_credit_card_clients,4.249592468261719,20,31415,3.0,dp_uniform,0.5593885367261866,0.2922693904175452,0.0
0.5,1.8885644146683906,default_credit_card_clients,4.249592468261719,21,31415,3.0,dp_uniform,0.5679734472345404,0.30507861443337014,0.0
0.5,1.9351627183379714,default_credit_card_clients,4.249592468261719,22,31415,3.0,dp_uniform,0.574138057855445,0.3151095694094307,0.0
0.5,1.9808672648311063,default_credit_card_clients,4.249592468261719,23,31415,3.0,dp_uniform,0.5789126586117636,0.3212723291011296,0.0
0.5,2.025754111883998,default_credit_card_clients,4.249592468261719,24,31415,3.0,dp_uniform,0.5852067482233164,0.33157615728331963,0.0
0.5,2.0697771164187344,default_credit_card_clients,4.249592468261719,25,31415,3.0,dp_uniform,0.5907970162397891,0.34030787228315873,0.0
0.5,2.1131103311468493,default_credit_card_clients,4.249592468261719,26,31415,3.0,dp_uniform,0.5972548438745353,0.3523842357902644,0.0
0.5,2.155689542474925,default_credit_card_clients,4.249592468261719,27,31415,3.0,dp_uniform,0.6006913271243874,0.3575983553935433,0.0
0.5,2.197601044319523,default_credit_card_clients,4.249592468261719,28,31415,3.0,dp_uniform,0.6064392874524278,0.36760188446191944,0.0
0.5,2.2389018873895297,default_credit_card_clients,4.249592468261719,29,31415,3.0,dp_uniform,0.6106994989112682,0.3721070158237742,0.0
0.5,2.2796100472321075,default_credit_card_clients,4.249592468261719,30,31415,3.0,dp_uniform,0.6137273928170901,0.3753152296106691,0.0
0.5,2.319724100293038,default_credit_card_clients,4.249592468261719,31,31415,3.0,dp_uniform,0.617555839704002,0.381334028066403,0.0
0.5,2.359270752437616,default_credit_card_clients,4.249592468261719,32,31415,3.0,dp_uniform,0.6201131757216314,0.38494038037452327,0.0
0.5,2.3983030792474755,default_credit_card_clients,4.249592468261719,33,31415,3.0,dp_uniform,0.6223868671021595,0.3869459983023738,0.0
0.5,2.4368432015730415,default_credit_card_clients,4.249592468261719,34,31415,3.0,dp_uniform,0.6279524484628274,0.3956427615582452,0.0
0.5,2.4749142525967662,default_credit_card_clients,4.249592468261719,35,31415,3.0,dp_uniform,0.6310438223407182,0.4003519131686374,0.0
0.5,2.512516548527571,default_credit_card_clients,4.249592468261719,36,31415,3.0,dp_uniform,0.6316443630288612,0.4019253941059084,0.0
0.5,2.5496464797168654,default_credit_card_clients,4.249592468261719,37,31415,3.0,dp_uniform,0.6331809814003682,0.40362589592735637,0.0
0.5,2.5863581684094052,default_credit_card_clients,4.249592468261719,38,31415,3.0,dp_uniform,0.6360622667992692,0.4081306273396972,0.0
0.5,2.6226782457476983,default_credit_card_clients,4.249592468261719,39,31415,3.0,dp_uniform,0.6376160146870489,0.41055556037671376,0.0
0.5,2.6586346908400844,default_credit_card_clients,4.249592468261719,40,31415,3.0,dp_uniform,0.6403093792162541,0.4130778363187523,0.0
0.5,2.6942569337625963,default_credit_card_clients,4.249592468261719,41,31415,3.0,dp_uniform,0.6432989836151138,0.41687779693594235,0.0
0.5,2.729390050852276,default_credit_card_clients,4.249592468261719,42,31415,3.0,dp_uniform,0.6452749236980811,0.41932370036468203,0.0
0.5,2.764218859155436,default_credit_card_clients,4.249592468261719,43,31415,3.0,dp_uniform,0.6463933803488173,0.42002975683975485,0.0
0.5,2.7987783235220633,default_credit_card_clients,4.249592468261719,44,31415,3.0,dp_uniform,0.6480549434272536,0.42286304928557067,0.0
0.5,2.8329321749892915,default_credit_card_clients,4.249592468261719,45,31415,3.0,dp_uniform,0.6497709179103199,0.42529913247326656,0.0
0.5,2.8667689255816775,default_credit_card_clients,4.249592468261719,46,31415,3.0,dp_uniform,0.6524350615000014,0.4288052747592755,0.0
0.5,2.900408452926471,default_credit_card_clients,4.249592468261719,47,31415,3.0,dp_uniform,0.6547314242991257,0.4321717498824989,0.0
0.5,2.9338209621609255,default_credit_card_clients,4.249592468261719,48,31415,3.0,dp_uniform,0.6552715078710127,0.4336777841426712,0.0
0.5,2.9670051208721056,default_credit_card_clients,4.249592468261719,49,31415,3.0,dp_uniform,0.6560322599172341,0.43304226531514367,0.0
0.5,2.999888657989431,default_credit_card_clients,4.249592468261719,50,31415,3.0,dp_uniform,0.6580918323443556,0.4360026391131559,0.0
0.5,0.11362027831306126,default_credit_card_clients,21.712315344728804,1,31415,3.0,scheduler,0.5616949757113536,0.29180161121529197,0.0
0.5,0.13535811267960768,default_credit_card_clients,15.35292541551847,2,31415,3.0,scheduler,0.5387872705526486,0.2967839900336113,0.0
0.5,0.16831993625640296,default_credit_card_clients,12.535611109009219,3,31415,3.0,scheduler,0.5277120306638494,0.2715734608322052,0.0
0.5,0.2127525805840294,default_credit_card_clients,10.856157672364402,4,31415,3.0,scheduler,0.5213418658476743,0.24885447995451682,0.0
0.5,0.2647657060696932,default_credit_card_clients,9.71004261194508,5,31415,3.0,scheduler,0.5115296758793236,0.22987908168577753,0.0
0.5,0.31756052157819237,default_credit_card_clients,8.864015621497838,6,31415,3.0,scheduler,0.5086640085687887,0.22303735276098008,0.0
0.5,0.37099412162165374,default_credit_card_clients,8.206483827080579,7,31415,3.0,scheduler,0.5075979480854743,0.22008522288793653,0.0
0.5,0.42497683393165675,default_credit_card_clients,7.676462707759235,8,31415,3.0,scheduler,0.5078166013226002,0.22112055669038247,0.0
0.5,0.47953391180941285,default_credit_card_clients,7.237438448242936,9,31415,3.0,scheduler,0.5086398257222862,0.2217412134280911,0.0
0.5,0.5345697074457092,default_credit_card_clients,6.866036976516701,10,31415,3.0,scheduler,0.5106822686331352,0.2237275893353453,0.0
0.5,0.5899746366700912,default_credit_card_clients,6.546509393485591,11,31415,3.0,scheduler,0.5109452570888487,0.2239157487295223,0.0
0.5,0.645878918781413,default_credit_card_clients,6.267805554504609,12,31415,3.0,scheduler,0.5115286682607193,0.22599173165135628,0.0
0.5,0.7023627105286483,default_credit_card_clients,6.021912791112561,13,31415,3.0,scheduler,0.5142693908643252,0.23043907898214466,0.0
0.5,0.758871391096904,default_credit_card_clients,5.80286036382641,14,31415,3.0,scheduler,0.5190963877880655,0.2357872112712046,0.0
0.5,0.8160481488922079,default_credit_card_clients,5.606095715849227,15,31415,3.0,scheduler,0.5187401946114573,0.2370315361515237,0.0
0.5,0.8736540066100431,default_credit_card_clients,5.428078836182201,16,31415,3.0,scheduler,0.5299660734815943,0.24896634974903104,0.0
0.5,0.9315233016874516,default_credit_card_clients,5.266009973119764,17,31415,3.0,scheduler,0.5348479856192673,0.2551739245458599,0.0
0.5,0.989586634902739,default_credit_card_clients,5.117641805172823,18,31415,3.0,scheduler,0.5409491162681032,0.2641581838464783,0.0
0.5,1.047902066312136,default_credit_card_clients,4.981146758840018,19,31415,3.0,scheduler,0.5483581358652774,0.2744682052530899,0.0
0.5,1.1066984604861663,default_credit_card_clients,4.85502130597254,20,31415,3.0,scheduler,0.5553026432858845,0.28472022659101276,0.0
0.5,1.166437145225178,default_credit_card_clients,4.738015646665284,21,31415,3.0,scheduler,0.5655259416447762,0.29848465626707343,0.0
0.5,1.225330731894675,default_credit_card_clients,4.629081185235095,22,31415,3.0,scheduler,0.5721721939585204,0.30940304702739274,0.0
0.5,1.2852807041284706,default_credit_card_clients,4.52733071192856,23,31415,3.0,scheduler,0.577932749519114,0.316889050952596,0.0
0.5,1.345297546883222,default_credit_card_clients,4.432007810748919,24,31415,3.0,scheduler,0.5854959347627411,0.3285948569169589,0.0
0.5,1.4057602770945172,default_credit_card_clients,4.3424630689457615,25,31415,3.0,scheduler,0.5929704495691928,0.3404664405746761,0.0
0.5,1.466144233183649,default_credit_card_clients,4.258135370309701,26,31415,3.0,scheduler,0.6004268272407675,0.35410019678724647,0.0
0.5,1.528098369265929,default_credit_card_clients,4.178537036336405,27,31415,3.0,scheduler,0.6048623643367501,0.36049485344283905,0.0
0.5,1.5880921751893475,default_credit_card_clients,4.103241913540289,28,31415,3.0,scheduler,0.6111226987250602,0.3706130036040835,0.0
0.5,1.6503553351561742,default_credit_card_clients,4.031875740546208,29,31415,3.0,scheduler,0.6163129421556388,0.3774999388506969,0.0
0.5,1.7131308431761734,default_credit_card_clients,3.964108296657842,30,31415,3.0,scheduler,0.620097557633265,0.382043075874785,0.0
0.5,1.7734668928598203,default_credit_card_clients,3.8996469551905952,31,31415,3.0,scheduler,0.6242418929526147,0.388992025018477,0.0
0.5,1.8355872109372773,default_credit_card_clients,3.8382313538796176,32,31415,3.0,scheduler,0.6275196762722948,0.39426078393410985,0.0
0.5,1.8981358726090527,default_credit_card_clients,3.779628960581321,33,31415,3.0,scheduler,0.6301213475085119,0.3963971759107833,0.0
0.5,1.9609137510783419,default_credit_card_clients,3.723631361788974,34,31415,3.0,scheduler,0.6358607430784158,0.4047045695039454,0.0
0.5,2.024000090802908,default_credit_card_clients,3.670051138720961,35,31415,3.0,scheduler,0.6393884158119542,0.40974230420525004,0.0
0.5,2.087286203136647,default_credit_card_clients,3.618719224121468,36,31415,3.0,scheduler,0.6405834514766147,0.4122685871258314,0.0
0.5,2.150853782203741,default_credit_card_clients,3.5694826547279845,37,31415,3.0,scheduler,0.6425684601270204,0.414908054435482,0.0
0.5,2.2146792260724366,default_credit_card_clients,3.522202651261169,38,31415,3.0,scheduler,0.6458764720048285,0.4193114853098827,0.0
0.5,2.2787479895880334,default_credit_card_clients,3.476752970985288,39,31415,3.0,scheduler,0.6482675509527538,0.4232279532949814,0.0
0.5,2.3430557745006197,default_credit_card_clients,3.4330184882583503,40,31415,3.0,scheduler,0.6512390182167367,0.4244830465939138,0.0
0.5,2.4076098988876913,default_credit_card_clients,3.3908939666980045,41,31415,3.0,scheduler,0.6543011711551038,0.4293172773942907,0.0
0.5,2.4724308796523498,default_credit_card_clients,3.350282993124987,42,31415,3.0,scheduler,0.6567305396099912,0.43183293071891254,0.0
0.5,2.5374959242320756,default_credit_card_clients,3.3110970486818174,43,31415,3.0,scheduler,0.6581039237676068,0.43271076858370217,0.0
0.5,2.6027430764777577,default_credit_card_clients,3.2732546967427956,44,31415,3.0,scheduler,0.659924186776215,0.43638779057873794,0.0
0.5,2.6683388480377332,default_credit_card_clients,3.236680870648359,45,31415,3.0,scheduler,0.6618139754685175,0.4385620347394644,0.0
0.5,2.7340288278587472,default_credit_card_clients,3.201306247078805,46,31415,3.0,scheduler,0.6646272466116305,0.4419459077219058,0.0
0.5,2.8000667103610417,default_credit_card_clients,3.167066693158472,47,31415,3.0,scheduler,0.6667145285503694,0.4455546726900332,0.0
0.5,2.866290379147578,default_credit_card_clients,3.1339027772523047,48,31415,3.0,scheduler,0.6672994511501462,0.44698285967056806,0.0
0.5,2.932722875211234,default_credit_card_clients,3.101759334961258,49,31415,3.0,scheduler,0.6682793602427958,0.4475011795486747,0.0
0.5,2.999736723460783,default_credit_card_clients,3.0705850831036936,50,31415,3.0,scheduler,0.6701338822839489,0.44902654211104975,0.0
0.5,0.6635705979312646,default_credit_card_clients,4.373791943359374,1,31415,3.0,ha_uniform,0.6017241361937611,0.32248650612148744,0.0
0.5,0.7452838101218383,default_credit_card_clients,4.373791943359374,2,31415,3.0,ha_uniform,0.6130663950126909,0.3602026765612916,0.0
0.5,0.826997022312412,default_credit_card_clients,4.373791943359374,3,31415,3.0,ha_uniform,0.6221299243580714,0.3883878879796959,0.0
0.5,0.9087102345029859,default_credit_card_clients,4.373791943359374,4,31415,3.0,ha_uniform,0.6268501137097595,0.40431809963225024,0.0
0.5,0.9904234466935596,default_credit_card_clients,4.373791943359374,5,31415,3.0,ha_uniform,0.6287308338346236,0.4131187850442699,0.0
0.5,1.0669100475971804,default_credit_card_clients,4.373791943359374,6,31415,3.0,ha_uniform,0.6301535913038484,0.41606854899490986,0.0
0.5,1.141703289689301,default_credit_card_clients,4.373791943359374,7,31415,3.0,ha_uniform,0.6302301703177727,0.415971865779037,0.0
0.5,1.2127043730312044,default_credit_card_clients,4.373791943359374,8,31415,3.0,ha_uniform,0.6300790275271326,0.41548478947105777,0.0
0.5,1.2812889735269006,default_credit_card_clients,4.373791943359374,9,31415,3.0,ha_uniform,0.6286421633974482,0.4120034708138014,0.0
0.5,1.344932496249064,default_credit_card_clients,4.373791943359374,10,31415,3.0,ha_uniform,0.6275101038955543,0.4109307870668248,0.0
0.5,1.407549561895736,default_credit_card_clients,4.373791943359374,11,31415,3.0,ha_uniform,0.626119590221666,0.4085809920027448,0.0
0.5,1.4659066158906042,default_credit_card_clients,4.373791943359374,12,31415,3.0,ha_uniform,0.62464695563153,0.4052537882180934,0.0
0.5,1.5242636698854721,default_credit_card_clients,4.373791943359374,13,31415,3.0,ha_uniform,0.6227878993066576,0.40133519534926604,0.0
0.5,1.5787625355966988,default_credit_card_clients,4.373791943359374,14,31415,3.0,ha_uniform,0.6212815094932786,0.39884668009184143,0.0
0.5,1.6319800305529801,default_credit_card_clients,4.373791943359374,15,31415,3.0,ha_uniform,0.6194345445916576,0.3948053614979418,0.0
0.5,1.685197525509262,default_credit_card_clients,4.373791943359374,16,31415,3.0,ha_uniform,0.6183120574665043,0.3926378954158222,0.0
0.5,1.7366264422810151,default_credit_card_clients,4.373791943359374,17,31415,3.0,ha_uniform,0.6164993515974282,0.38825082486581036,0.0
0.5,1.7843453764496604,default_credit_card_clients,4.373791943359374,18,31415,3.0,ha_uniform,0.6148841389747883,0.3846660826622049,0.0
0.5,1.8320643106183057,default_credit_card_clients,4.373791943359374,19,31415,3.0,ha_uniform,0.61341805390558,0.381185357441158,0.0
0.5,1.8791395533646273,default_credit_card_clients,4.373791943359374,20,31415,3.0,ha_uniform,0.61220185825023,0.37865436805612246,0.0
0.5,1.9251923104906832,default_credit_card_clients,4.373791943359374,21,31415,3.0,ha_uniform,0.6110461197111359,0.37667966957985516,0.0
0.5,1.9702917625140441,default_credit_card_clients,4.373791943359374,22,31415,3.0,ha_uniform,0.6097493145674444,0.3734045996618888,0.0
0.5,2.014511899723378,default_credit_card_clients,4.373791943359374,23,31415,3.0,ha_uniform,0.6091417205490716,0.37117787434641464,0.0
0.5,2.0579321031727598,default_credit_card_clients,4.373791943359374,24,31415,3.0,ha_uniform,0.6084635932283999,0.36906748970347664,0.0
0.5,2.100553854494328,default_credit_card_clients,4.373791943359374,25,31415,3.0,ha_uniform,0.6077774049588942,0.36740187439408145,0.0
0.5,2.142457834743059,default_credit_card_clients,4.373791943359374,26,31415,3.0,ha_uniform,0.6083275647168239,0.36877540694884847,0.0
0.5,2.183657510779821,default_credit_card_clients,4.373791943359374,27,31415,3.0,ha_uniform,0.6078751439635081,0.367036990446992,0.0
0.5,2.2242512626468502,default_credit_card_clients,4.373791943359374,28,31415,3.0,ha_uniform,0.6089401968282182,0.3686695573914195,0.0
0.5,2.2641690429570542,default_credit_card_clients,4.373791943359374,29,31415,3.0,ha_uniform,0.6100395087254734,0.36979058928015984,0.0
0.5,2.303509451067322,default_credit_card_clients,4.373791943359374,30,31415,3.0,ha_uniform,0.6102652152928291,0.36985192318244714,0.0
0.5,2.342306169006561,default_credit_card_clients,4.373791943359374,31,31415,3.0,ha_uniform,0.611737346073663,0.37186987547435657,0.0
0.5,2.3805766353533113,default_credit_card_clients,4.373791943359374,32,31415,3.0,ha_uniform,0.6131742102033475,0.3733080438144152,0.0
0.5,2.418339015395511,default_credit_card_clients,4.373791943359374,33,31415,3.0,ha_uniform,0.6139601527146757,0.3746382292885044,0.0
0.5,2.4556122509298017,default_credit_card_clients,4.373791943359374,34,31415,3.0,ha_uniform,0.6165598087136842,0.37831710876899044,0.0
0.5,2.4924161140453265,default_credit_card_clients,4.373791943359374,35,31415,3.0,ha_uniform,0.6188551638942041,0.38206671664466013,0.0
0.5,2.528771265162444,default_credit_card_clients,4.373791943359374,36,31415,3.0,ha_uniform,0.6197851958659424,0.3834025347899985,0.0
0.5,2.564699315864318,default_credit_card_clients,4.373791943359374,37,31415,3.0,ha_uniform,0.6211212981352002,0.385000793940562,0.0
0.5,2.600222896854215,default_credit_card_clients,4.373791943359374,38,31415,3.0,ha_uniform,0.6236645274923698,0.3890986037134788,0.0
0.5,2.6353657316829744,default_credit_card_clients,4.373791943359374,39,31415,3.0,ha_uniform,0.6255779952218725,0.39215627114470886,0.0
0.5,2.6701527166752665,default_credit_card_clients,4.373791943359374,40,31415,3.0,ha_uniform,0.6278632742163498,0.39379033988232115,0.0
0.5,2.704528015112885,default_credit_card_clients,4.373791943359374,41,31415,3.0,ha_uniform,0.6302190865131257,0.3973033771488983,0.0
0.5,2.7385246624306325,default_credit_card_clients,4.373791943359374,42,31415,3.0,ha_uniform,0.6322917579821028,0.4006272087972076,0.0
0.5,2.77222015958237,default_credit_card_clients,4.373791943359374,43,31415,3.0,ha_uniform,0.6334626108002608,0.4017695977901745,0.0
0.5,2.8056434677661235,default_credit_card_clients,4.373791943359374,44,31415,3.0,ha_uniform,0.6357116155249845,0.4057418080792283,0.0
0.5,2.8386399299179508,default_credit_card_clients,4.373791943359374,45,31415,3.0,ha_uniform,0.6378296298311534,0.4087632395291093,0.0
0.5,2.8713640192507013,default_credit_card_clients,4.373791943359374,46,31415,3.0,ha_uniform,0.6400584821837917,0.4106154250311656,0.0
0.5,2.9038796883081073,default_credit_card_clients,4.373791943359374,47,31415,3.0,ha_uniform,0.6421583593550837,0.41300561299797617,0.0
0.5,2.9360914795106354,default_credit_card_clients,4.373791943359374,48,31415,3.0,ha_uniform,0.6433831197685702,0.4146477597426833,0.0
0.5,2.9681765341053565,default_credit_card_clients,4.373791943359374,49,31415,3.0,ha_uniform,0.6452164818190338,0.41547069475062814,0.0
0.5,2.9998761621489973,default_credit_card_clients,4.373791943359374,50,31415,3.0,ha_uniform,0.6468105344509838,0.41754966634822355,0.0
0.5,0.21299704025188448,default_credit_card_clients,22.335178024662724,1,31415,3.0,full_ha_dp,0.5890719731892842,0.2988157621165217,0.0
0.5,0.23346218852250927,default_credit_card_clients,15.79335584024777,2,31415,3.0,full_ha_dp,0.59303594477847,0.31770134666059235,0.0
0.5,0.26447444772021594,default_credit_card_clients,12.895221044937236,3,31415,3.0,full_ha_dp,0.5969807716141747,0.33779481541200296,0.0
0.5,0.30625194645317055,default_credit_card_clients,11.167589012331362,4,31415,3.0,full_ha_dp,0.6038552495417854,0.3582084476877354,0.0
0.5,0.3563045285333235,default_credit_card_clients,9.988595270541063,5,31415,3.0,full_ha_dp,0.6086958493166834,0.37230262485021115,0.0
0.5,0.40742084915157806,default_credit_card_clients,9.118298245774598,6,31415,3.0,full_ha_dp,0.6136578671333957,0.387165362066597,0.0
0.5,0.45914901528449226,default_credit_card_clients,8.44190379165892,7,31415,3.0,full_ha_dp,0.6169336352158671,0.3975633800706359,0.0
0.5,0.5113859213230608,default_credit_card_clients,7.896677920123885,8,31415,3.0,full_ha_dp,0.620973178200373,0.40402534666268236,0.0
0.5,0.564173185530695,default_credit_card_clients,7.445059341554241,9,31415,3.0,full_ha_dp,0.6234015390366562,0.4077289885023757,0.0
0.5,0.6174334683980615,default_credit_card_clients,7.063003450327464,10,31415,3.0,full_ha_dp,0.6255316447660763,0.410039218271043,0.0
0.5,0.6710545766480025,default_credit_card_clients,6.734309557599777,11,31415,3.0,full_ha_dp,0.627180612611959,0.41118710294070215,0.0
0.5,0.7251490163152827,default_credit_card_clients,6.447610522468618,12,31415,3.0,full_ha_dp,0.628634102448614,0.41186405857634323,0.0
0.5,0.7796479126155401,default_credit_card_clients,6.194663816502919,13,31415,3.0,full_ha_dp,0.6287273071695086,0.4109863779468642,0.0
0.5,0.8346156587616359,default_credit_card_clients,5.969327417206449,14,31415,3.0,full_ha_dp,0.6290436994112485,0.4115668698037353,0.0
0.5,0.889829626772314,default_credit_card_clients,5.766918168273107,15,31415,3.0,full_ha_dp,0.6286522395834908,0.41088711178439474,0.0
0.5,0.9453289979098779,default_credit_card_clients,5.583794506165681,16,31415,3.0,full_ha_dp,0.6291197746158705,0.4110078996768612,0.0
0.5,1.001237372825957,default_credit_card_clients,5.417076362509342,17,31415,3.0,full_ha_dp,0.6287509862067089,0.40945905118610465,0.0
0.5,1.057519485993207,default_credit_card_clients,5.264451946749256,18,31415,3.0,full_ha_dp,0.6283942892207984,0.4088312261154956,0.0
0.5,1.1142670722860555,default_credit_card_clients,5.124041257657642,19,31415,3.0,full_ha_dp,0.6281726131278598,0.40745738047218066,0.0
0.5,1.1713841018359175,default_credit_card_clients,4.994297635270532,20,31415,3.0,full_ha_dp,0.62808293507208,0.4071534543115804,0.0
0.5,1.2281442979351627,default_credit_card_clients,4.8739354265872,21,31415,3.0,full_ha_dp,0.6279448913232955,0.4068839387496132,0.0
0.5,1.2857726596013062,default_credit_card_clients,4.761875954788181,22,31415,3.0,full_ha_dp,0.6275186686536905,0.404826991796663,0.0
0.5,1.3437624821007765,default_credit_card_clients,4.657206558673,23,31415,3.0,full_ha_dp,0.6275368057885674,0.40469655898706425,0.0
0.5,1.4014736213023147,default_credit_card_clients,4.559149122887299,24,31415,3.0,full_ha_dp,0.6271760783282398,0.4037613502589972,0.0
0.5,1.4603425109602552,default_credit_card_clients,4.467035604932545,25,31415,3.0,full_ha_dp,0.6267407870911965,0.4021371901346542,0.0
0.5,1.5185281801670603,default_credit_card_clients,4.380288791820154,26,31415,3.0,full_ha_dp,0.6268254270539549,0.4028863469513334,0.0
0.5,1.5775644878206894,default_credit_card_clients,4.2984070149790785,27,31415,3.0,full_ha_dp,0.6264203643750397,0.4007371367471684,0.0
0.5,1.6372933485547936,default_credit_card_clients,4.22095189582946,28,31415,3.0,full_ha_dp,0.6268037632539631,0.4023708206348189,0.0
0.5,1.6957851442130996,default_credit_card_clients,4.1475384365344015,29,31415,3.0,full_ha_dp,0.6271105831189624,0.4015505690404041,0.0
0.5,1.7564100771982334,default_credit_card_clients,4.077826943333816,30,31415,3.0,full_ha_dp,0.6267871375469928,0.4007665130961603,0.0
0.5,1.8170996855311148,default_credit_card_clients,4.011516394941333,31,31415,3.0,full_ha_dp,0.6272183983096191,0.4013783462149555,0.0
0.5,1.8757179321758315,default_credit_card_clients,3.9483389600619425,32,31415,3.0,full_ha_dp,0.6278300228024091,0.4017228688630321,0.0
0.5,1.9360106661943544,default_credit_card_clients,3.888055435886501,33,31415,3.0,full_ha_dp,0.6282048569231962,0.40132260152620536,0.0
0.5,1.9966864794311963,default_credit_card_clients,3.8304514301357115,34,31415,3.0,full_ha_dp,0.6296266067738168,0.4027356081934177,0.0
0.5,2.0576005067904557,default_credit_card_clients,3.775334147532513,35,31415,3.0,full_ha_dp,0.6305979511083302,0.40402891206872893,0.0
0.5,2.118778206830161,default_credit_card_clients,3.7225296707771207,36,31415,3.0,full_ha_dp,0.6307561472292,0.40400562985354416,0.0
0.5,2.1801994484964147,default_credit_card_clients,3.671880648539422,37,31415,3.0,full_ha_dp,0.631447373591727,0.4057597883599352,0.0
0.5,2.241829685121876,default_credit_card_clients,3.623244320369364,38,31415,3.0,full_ha_dp,0.6329547710237102,0.4071178648044688,0.0
0.5,2.30370889584499,default_credit_card_clients,3.576490821997195,39,31415,3.0,full_ha_dp,0.634354353265037,0.40908888141848065,0.0
0.5,2.365829374197474,default_credit_card_clients,3.531501725163732,40,31415,3.0,full_ha_dp,0.6359766192179066,0.41027118810721486,0.0
0.5,2.42819365792054,default_credit_card_clients,3.488168774563303,41,31415,3.0,full_ha_dp,0.6375757099428782,0.41157556084937635,0.0
0.5,2.490804243813125,default_credit_card_clients,3.446392791205157,42,31415,3.0,full_ha_dp,0.6391314730678661,0.41252932961791555,0.0
0.5,2.5535753974299653,default_credit_card_clients,3.4060827168852748,43,31415,3.0,full_ha_dp,0.6400353069558935,0.41253085958910607,0.0
0.5,2.616615196810502,default_credit_card_clients,3.3671547787998883,44,31415,3.0,full_ha_dp,0.6417573271505855,0.4146912045581533,0.0
0.5,2.6799136006914086,default_credit_card_clients,3.3295317568470217,45,31415,3.0,full_ha_dp,0.6435649949266403,0.41633576343035994,0.0
0.5,2.7433690024568937,default_credit_card_clients,3.2931423390241434,46,31415,3.0,full_ha_dp,0.6455389197723991,0.4185888489341645,0.0
0.5,2.8071131593430443,default_credit_card_clients,3.25792055267139,47,31415,3.0,full_ha_dp,0.6473405418368282,0.4202067429406052,0.0
0.5,2.871046602674573,default_credit_card_clients,3.223805261234309,48,31415,3.0,full_ha_dp,0.648340099492261,0.4210388263783425,0.0
0.5,2.9351789122425753,default_credit_card_clients,3.1907397178089605,49,31415,3.0,full_ha_dp,0.6500601044497445,0.4217585673999687,0.0
0.5,2.9996138700498416,default_credit_card_clients,3.158671168049554,50,31415,3.0,full_ha_dp,0.6516702789793629,0.4230098081987023,0.0
0.5,0.5478300077211815,default_credit_card_clients,4.483108422851562,1,27182,3.0,dp_uniform,0.4698449980301056,0.19712031541646058,0.0
0.5,0.6456093876897198,default_credit_card_clients,4.483108422851562,2,27182,3.0,dp_uniform,0.4768791835064926,0.19815389520745963,0.0
0.5,0.7415209770083089,default_credit_card_clients,4.483108422851562,3,27182,3.0,dp_uniform,0.4765587607903357,0.19796239698478363,0.0
0.5,0.8280755074308481,default_credit_card_clients,4.483108422851562,4,27182,3.0,dp_uniform,0.4723892350058795,0.19683711995989844,0.0
0.5,0.9146300378533874,default_credit_card_clients,4.483108422851562,5,27182,3.0,dp_uniform,0.46846456054226004,0.19613961105030353,0.0
0.5,0.9981224502264777,default_credit_card_clients,4.483108422851562,6,27182,3.0,dp_uniform,0.471628482959658,0.1980184024140088,0.0
0.5,1.0772141107657889,default_credit_card_clients,4.483108422851562,7,27182,3.0,dp_uniform,0.4770111815436515,0.2005029383371426,0.0
0.5,1.1511122994154863,default_credit_card_clients,4.483108422851562,8,27182,3.0,dp_uniform,0.4851204960707913,0.20474894375078342,0.0
0.5,1.2207171547600142,default_credit_card_clients,4.483108422851562,9,27182,3.0,dp_uniform,0.4954677315180076,0.21008205756638085,0.0
0.5,1.2887415865080791,default_credit_card_clients,4.483108422851562,10,27182,3.0,dp_uniform,0.5045151389657199,0.2149498313187863,0.0
0.5,1.351300369388749,default_credit_card_clients,4.483108422851562,11,27182,3.0,dp_uniform,0.5111543379492341,0.21907981961765155,0.0
0.5,1.4136347695193456,default_credit_card_clients,4.483108422851562,12,27182,3.0,dp_uniform,0.5186893098719417,0.22440780812448458,0.0
0.5,1.4722389156715767,default_credit_card_clients,4.483108422851562,13,27182,3.0,dp_uniform,0.5293126328167272,0.23215668015217716,0.0
0.5,1.529048247168717,default_credit_card_clients,4.483108422851562,14,27182,3.0,dp_uniform,0.5393787426733533,0.24209719537790939,0.0
0.5,1.5858575786658573,default_credit_card_clients,4.483108422851562,15,27182,3.0,dp_uniform,0.548851365172066,0.2527178970159674,0.0
0.5,1.6399049013893139,default_credit_card_clients,4.483108422851562,16,27182,3.0,dp_uniform,0.5574916947036543,0.2634776837481608,0.0
0.5,1.6908111726377681,default_credit_card_clients,4.483108422851562,17,27182,3.0,dp_uniform,0.5667426411094284,0.2763320896562654,0.0
0.5,1.7416213217388503,default_credit_card_clients,4.483108422851562,18,27182,3.0,dp_uniform,0.5772138136449696,0.2923235521666095,0.0
0.5,1.791447648624346,default_credit_card_clients,4.483108422851562,19,27182,3.0,dp_uniform,0.5836524965262349,0.30311202232184975,0.0
0.5,1.8401480884459578,default_credit_card_clients,4.483108422851562,20,27182,3.0,dp_uniform,0.5875932928875226,0.31239407098027927,0.0
0.5,1.8877958851610712,default_credit_card_clients,4.483108422851562,21,27182,3.0,dp_uniform,0.5962124624284213,0.3280051259361856,0.0
0.5,1.9344693377226898,default_credit_card_clients,4.483108422851562,22,27182,3.0,dp_uniform,0.6031660384164668,0.34050915330246556,0.0
0.5,1.9802524206244758,default_credit_card_clients,4.483108422851562,23,27182,3.0,dp_uniform,0.6097568717069765,0.353738676389005,0.0
0.5,2.025167401596411,default_credit_card_clients,4.483108422851562,24,27182,3.0,dp_uniform,0.6140130526913997,0.3615253490628604,0.0
0.5,2.069275134853622,default_credit_card_clients,4.483108422851562,25,27182,3.0,dp_uniform,0.6174550778435752,0.36725379754403975,0.0
0.5,2.112642448583804,default_credit_card_clients,4.483108422851562,26,27182,3.0,dp_uniform,0.6216235960094273,0.3745348455500908,0.0
0.5,2.1553109883533956,default_credit_card_clients,4.483108422851562,27,27182,3.0,dp_uniform,0.6243416471944372,0.3786155437748482,0.0
0.5,2.1972614957734944,default_credit_card_clients,4.483108422851562,28,27182,3.0,dp_uniform,0.6283187178254784,0.387628419327262,0.0
0.5,2.238603369140073,default_credit_card_clients,4.483108422851562,29,27182,3.0,dp_uniform,0.6313838936196582,0.3925487693107731,0.0
0.5,2.2793544378550656,default_credit_card_clients,4.483108422851562,30,27182,3.0,dp_uniform,0.6342117752325331,0.39742297197039167,0.0
0.5,2.319533254208761,default_credit_card_clients,4.483108422851562,31,27182,3.0,dp_uniform,0.6377918441334933,0.4021194210807346,0.0
0.5,2.3591572808021453,default_credit_card_clients,4.483108422851562,32,27182,3.0,dp_uniform,0.6406736333416965,0.40695971343353526,0.0
0.5,2.398237095529266,default_credit_card_clients,4.483108422851562,33,27182,3.0,dp_uniform,0.6423447687968731,0.4094441547100326,0.0
0.5,2.4368259611383767,default_credit_card_clients,4.483108422851562,34,27182,3.0,dp_uniform,0.6441992908380263,0.4124433360232045,0.0
0.5,2.4749252495924017,default_credit_card_clients,4.483108422851562,35,27182,3.0,dp_uniform,0.6468845944183974,0.41717013351228704,0.0
0.5,2.512550112509767,default_credit_card_clients,4.483108422851562,36,27182,3.0,dp_uniform,0.6494852580360103,0.4201959716025301,0.0
0.5,2.5497323084333416,default_credit_card_clients,4.483108422851562,37,27182,3.0,dp_uniform,0.6521262263977938,0.42441706139907953,0.0
0.5,2.5864970955833426,default_credit_card_clients,4.483108422851562,38,27182,3.0,dp_uniform,0.6549334518292812,0.42843010665870873,0.0
0.5,2.6228709884170094,default_credit_card_clients,4.483108422851562,39,27182,3.0,dp_uniform,0.6560453589590897,0.4297146621416187,0.0
0.5,2.6588818521508606,default_credit_card_clients,4.483108422851562,40,27182,3.0,dp_uniform,0.6582384408512765,0.4334830210153864,0.0
0.5,2.694512567276386,default_credit_card_clients,4.483108422851562,41,27182,3.0,dp_uniform,0.6603574627760497,0.4366787894795078,0.0
0.5,2.7296994903594896,default_credit_card_clients,4.483108422851562,42,27182,3.0,dp_uniform,0.6628951502308957,0.4396276020522741,0.0
0.5,2.764584733725599,default_credit_card_clients,4.483108422851562,43,27182,3.0,dp_uniform,0.6635465756585542,0.4403056046441669,0.0
0.5,2.79920086387257,default_credit_card_clients,4.483108422851562,44,27182,3.0,dp_uniform,0.6646871999185844,0.4420925597055947,0.0
0.5,2.8333643185295823,default_credit_card_clients,4.483108422851562,45,27182,3.0,dp_uniform,0.6653895100857584,0.44189661277117953,0.0
0.5,2.8672589115527507,default_credit_card_clients,4.483108422851562,46,27182,3.0,dp_uniform,0.6673649463594236,0.4452816830312205,0.0
0.5,2.9009355535739187,default_credit_card_clients,4.483108422851562,47,27182,3.0,dp_uniform,0.6686259810426636,0.44691834418095117,0.0
0.5,2.934147219675507,default_credit_card_clients,4.483108422851562,48,27182,3.0,dp_uniform,0.6692365979168492,0.44827655876683137,0.0
0.5,2.9672012456682513,default_credit_card_clients,4.483108422851562,49,27182,3.0,dp_uniform,0.6697615672096724,0.44873987881751426,0.0
0.5,2.999995052516579,default_credit_card_clients,4.483108422851562,50,27182,3.0,dp_uniform,0.6707198125023301,0.4505760684703492,0.0
0.5,0.11362027831306126,default_credit_card_clients,22.887064374783268,1,27182,3.0,scheduler,0.45474784848237526,0.1933269771445426,0.0
0.5,0.13535811267960768,default_credit_card_clients,16.1835984208623,2,27182,3.0,scheduler,0.42940624058506366,0.18388730636237882,0.0
0.5,0.16831993625640296,default_credit_card_clients,13.213852777741414,3,27182,3.0,scheduler,0.44097672501786006,0.18729677323620286,0.0
0.5,0.2127525805840294,default_credit_card_clients,11.443532187391634,4,27182,3.0,scheduler,0.45417955158956874,0.19181965628532252,0.0
0.5,0.2647657060696932,default_credit_card_clients,10.235406349485823,5,27182,3.0,scheduler,0.459697271066534,0.19372631503365573,0.0
0.5,0.31756052157819237,default_credit_card_clients,9.34360490474165,6,27182,3.0,scheduler,0.46768466374255746,0.1967473030981592,0.0
0.5,0.37099412162165374,default_credit_card_clients,8.650497225143216,7,27182,3.0,scheduler,0.47007574269048275,0.19776415764076655,0.0
0.5,0.42497683393165675,default_credit_card_clients,8.09179921043115,8,27182,3.0,scheduler,0.47531132895825334,0.20062125818241444,0.0
0.5,0.47953391180941285,default_credit_card_clients,7.6290214582610885,9,27182,3.0,scheduler,0.48236163633230855,0.2038196705674719,0.0
0.5,0.5345697074457092,default_credit_card_clients,7.237525237921271,10,27182,3.0,scheduler,0.48750905597220584,0.20594005140777544,0.0
0.5,0.5899746366700912,default_credit_card_clients,6.900709553078736,11,27182,3.0,scheduler,0.4909274020871811,0.20807072752243932,0.0
0.5,0.645878918781413,default_credit_card_clients,6.606926388870707,12,27182,3.0,scheduler,0.49664664528499997,0.2108297421374835,0.0
0.5,0.7023627105286483,default_credit_card_clients,6.347729549855864,13,27182,3.0,scheduler,0.5052980586212352,0.21549357942117664,0.0
0.5,0.758871391096904,default_credit_card_clients,6.116825248534179,14,27182,3.0,scheduler,0.5135847140227259,0.22105320406699733,0.0
0.5,0.8160481488922079,default_credit_card_clients,5.9094146111408445,15,27182,3.0,scheduler,0.5232190593074234,0.22697454924977234,0.0
0.5,0.8736540066100431,default_credit_card_clients,5.721766093695817,16,27182,3.0,scheduler,0.5321455525226235,0.23368648465999264,0.0
0.5,0.9315233016874516,default_credit_card_clients,5.5509284633848495,17,27182,3.0,scheduler,0.5430898019928682,0.24331497806300711,0.0
0.5,0.989586634902739,default_credit_card_clients,5.394532806954099,18,27182,3.0,scheduler,0.5549807091418213,0.2559379379572372,0.0
0.5,1.047902066312136,default_credit_card_clients,5.250652669683693,19,27182,3.0,scheduler,0.5630164675108495,0.2657418165726767,0.0
0.5,1.1066984604861663,default_credit_card_clients,5.117703174742911,20,27182,3.0,scheduler,0.5682651528204756,0.27392916132233935,0.0
0.5,1.166437145225178,default_credit_card_clients,4.994366901560546,21,27182,3.0,scheduler,0.5795726487975583,0.29220179952885017,0.0
0.5,1.225330731894675,default_credit_card_clients,4.879538519980764,22,27182,3.0,scheduler,0.589071469379982,0.3083423854445602,0.0
0.5,1.2852807041284706,default_credit_card_clients,4.7722828175944825,23,27182,3.0,scheduler,0.5973813000093708,0.3263511791100401,0.0
0.5,1.345297546883222,default_credit_card_clients,4.671802452370825,24,27182,3.0,scheduler,0.6034522021000787,0.33868270448876864,0.0
0.5,1.4057602770945172,default_credit_card_clients,4.577412874956654,25,27182,3.0,scheduler,0.6083552742284413,0.34723480190669404,0.0
0.5,1.466144233183649,default_credit_card_clients,4.488522609841312,26,27182,3.0,scheduler,0.6142891401889689,0.35947361365617253,0.0
0.5,1.528098369265929,default_credit_card_clients,4.40461759258047,27,27182,3.0,scheduler,0.6183115536572021,0.3681601325785897,0.0
0.5,1.5880921751893475,default_credit_card_clients,4.325248612571608,28,27182,3.0,scheduler,0.6237385874597834,0.37920038335430173,0.0
0.5,1.6503553351561742,default_credit_card_clients,4.2500211589553345,29,27182,3.0,scheduler,0.627898037058197,0.38844992511770027,0.0
0.5,1.7131308431761734,default_credit_card_clients,4.178587144380555,30,27182,3.0,scheduler,0.6316715687311764,0.3953590185587306,0.0
0.5,1.7734668928598203,default_credit_card_clients,4.110638109539188,31,27182,3.0,scheduler,0.6362078676875859,0.40136060445625843,0.0
0.5,1.8355872109372773,default_credit_card_clients,4.045899605215575,32,27182,3.0,scheduler,0.6398000280117973,0.4079354178623064,0.0
0.5,1.8981358726090527,default_credit_card_clients,3.9841265180694307,33,27182,3.0,scheduler,0.6420752308202318,0.41138600307110523,0.0
0.5,1.9609137510783419,default_credit_card_clients,3.9250991583408483,34,27182,3.0,scheduler,0.6447121687075982,0.41560726386673713,0.0
0.5,2.024000090802908,default_credit_card_clients,3.8686199669187062,35,27182,3.0,scheduler,0.648487715617786,0.42017256374581635,0.0
0.5,2.087286203136647,default_credit_card_clients,3.8145107291305442,36,27182,3.0,scheduler,0.652157462574526,0.4251667932327704,0.0
0.5,2.150853782203741,default_credit_card_clients,3.762610205606889,37,27182,3.0,scheduler,0.6556720362662087,0.4312291363436809,0.0
0.5,2.2146792260724366,default_credit_card_clients,3.712772108388589,38,27182,3.0,scheduler,0.658897423418467,0.4352052552992486,0.0
0.5,2.2787479895880334,default_credit_card_clients,3.6648633643522244,39,27182,3.0,scheduler,0.6606355655108274,0.43770402394726293,0.0
0.5,2.3430557745006197,default_credit_card_clients,3.6187626189606354,40,27182,3.0,scheduler,0.663465966170213,0.4433798527708784,0.0
0.5,2.4076098988876913,default_credit_card_clients,3.574358941996601,41,27182,3.0,scheduler,0.6661391783273329,0.44653725790890647,0.0
0.5,2.4724308796523498,default_credit_card_clients,3.531550703827109,42,27182,3.0,scheduler,0.6690129065867021,0.45017021375017313,0.0
0.5,2.5374959242320756,default_credit_card_clients,3.4902445962647364,43,27182,3.0,scheduler,0.6700306013770116,0.45093476668702326,0.0
0.5,2.6027430764777577,default_credit_card_clients,3.450354776539368,44,27182,3.0,scheduler,0.6714604121764662,0.4533777560705944,0.0
0.5,2.6683388480377332,default_credit_card_clients,3.4118021164952745,45,27182,3.0,scheduler,0.6724065660458729,0.45460300327686953,0.0
0.5,2.7340288278587472,default_credit_card_clients,3.374513542061102,46,27182,3.0,scheduler,0.6745981365101533,0.45777475803165985,0.0
0.5,2.8000667103610417,default_credit_card_clients,3.338421450439527,47,27182,3.0,scheduler,0.6756097855888372,0.45887677815292605,0.0
0.5,2.866290379147578,default_credit_card_clients,3.3034631944353534,48,27182,3.0,scheduler,0.6763534081187861,0.46082833685641916,0.0
0.5,2.932722875211234,default_credit_card_clients,3.2695806249690387,49,27182,3.0,scheduler,0.6773857133788577,0.46191549938568305,0.0
0.5,2.999922905203454,default_credit_card_clients,3.23671968417246,50,27182,3.0,scheduler,0.6779414150391107,0.46292293850450705,0.0
0.5,0.6201381617675162,default_credit_card_clients,4.614530847167969,1,27182,3.0,ha_uniform,0.4907888545290945,0.2064131858093315,0.0
0.5,0.718316517816209,default_credit_card_clients,4.614530847167969,2,27182,3.0,ha_uniform,0.4953961905971047,0.20618288331251933,0.0
0.5,0.8090839009307015,default_credit_card_clients,4.614530847167969,3,27182,3.0,ha_uniform,0.49963826492106816,0.20713016605802517,0.0
0.5,0.8954283253233876,default_credit_card_clients,4.614530847167969,4,27182,3.0,ha_uniform,0.5031276481476443,0.2088382760687454,0.0
0.5,0.9817727497160736,default_credit_card_clients,4.614530847167969,5,27182,3.0,ha_uniform,0.5024273532176788,0.20897606386091963,0.0
0.5,1.062727951026851,default_credit_card_clients,4.614530847167969,6,27182,3.0,ha_uniform,0.5050542149190026,0.21092524289392056,0.0
0.5,1.1389681060048495,default_credit_card_clients,4.614530847167969,7,27182,3.0,ha_uniform,0.5066653970672252,0.21234762829567638,0.0
0.5,1.2107880911981708,default_credit_card_clients,4.614530847167969,8,27182,3.0,ha_uniform,0.5093607768336391,0.21463110445394679,0.0
0.5,1.2796457538207038,default_credit_card_clients,4.614530847167969,9,27182,3.0,ha_uniform,0.5154790369987475,0.21882244871097586,0.0
0.5,1.343245055767066,default_credit_card_clients,4.614530847167969,10,27182,3.0,ha_uniform,0.5194651761972273,0.22155023743936608,0.0
0.5,1.4062421534005014,default_credit_card_clients,4.614530847167969,11,27182,3.0,ha_uniform,0.5242775626512057,0.22522539984100853,0.0
0.5,1.4644803520776208,default_credit_card_clients,4.614530847167969,12,27182,3.0,ha_uniform,0.5293388309004382,0.22934692879001436,0.0
0.5,1.5227185507547403,default_credit_card_clients,4.614530847167969,13,27182,3.0,ha_uniform,0.537538831101962,0.2358837595643289,0.0
0.5,1.577631610166867,default_credit_card_clients,4.614530847167969,14,27182,3.0,ha_uniform,0.5448138374247687,0.2433818993229125,0.0
0.5,1.6307683247353038,default_credit_card_clients,4.614530847167969,15,27182,3.0,ha_uniform,0.5525765311520405,0.25249622235848324,0.0
0.5,1.6839050393037405,default_credit_card_clients,4.614530847167969,16,27182,3.0,ha_uniform,0.558887750279866,0.25984728743019536,0.0
0.5,1.7357981355640137,default_credit_card_clients,4.614530847167969,17,27182,3.0,ha_uniform,0.5674268141417256,0.27276138608909295,0.0
0.5,1.7834683458081297,default_credit_card_clients,4.614530847167969,18,27182,3.0,ha_uniform,0.5766550891289036,0.28732462330400277,0.0
0.5,1.8311385560522453,default_credit_card_clients,4.614530847167969,19,27182,3.0,ha_uniform,0.5823854161313693,0.2987800811775876,0.0
0.5,1.8782633708809922,default_credit_card_clients,4.614530847167969,20,27182,3.0,ha_uniform,0.5875126833991812,0.3085862879364879,0.0
0.5,1.9243702410985346,default_credit_card_clients,4.614530847167969,21,27182,3.0,ha_uniform,0.595414428493842,0.3223505469106429,0.0
0.5,1.9695278124245095,default_credit_card_clients,4.614530847167969,22,27182,3.0,ha_uniform,0.6021684959982427,0.3350849099059142,0.0
0.5,2.0138095660434656,default_credit_card_clients,4.614530847167969,23,27182,3.0,ha_uniform,0.6087845197538589,0.34799012312007993,0.0
0.5,2.0572943979640006,default_credit_card_clients,4.614530847167969,24,27182,3.0,ha_uniform,0.6140886240867196,0.35763106514593496,0.0
0.5,2.099937112846787,default_credit_card_clients,4.614530847167969,25,27182,3.0,ha_uniform,0.6175568473226063,0.36366045551563336,0.0
0.5,2.141911201875379,default_credit_card_clients,4.614530847167969,26,27182,3.0,ha_uniform,0.622147557683646,0.372360933371499,0.0
0.5,2.1831369915547256,default_credit_card_clients,4.614530847167969,27,27182,3.0,ha_uniform,0.6261780321007135,0.37941198891573674,0.0
0.5,2.2237589494234755,default_credit_card_clients,4.614530847167969,28,27182,3.0,ha_uniform,0.6297439943412139,0.38656243926231537,0.0
0.5,2.2637532627363455,default_credit_card_clients,4.614530847167969,29,27182,3.0,ha_uniform,0.6332928270654418,0.39279556931587245,0.0
0.5,2.3031258698164394,default_credit_card_clients,4.614530847167969,30,27182,3.0,ha_uniform,0.635993244924877,0.39745147858070823,0.0
0.5,2.341956446296895,default_credit_card_clients,4.614530847167969,31,27182,3.0,ha_uniform,0.6397244566164771,0.404505779452059,0.0
0.5,2.3802623168765646,default_credit_card_clients,4.614530847167969,32,27182,3.0,ha_uniform,0.6425175753875049,0.40900542674168605,0.0
0.5,2.418061535514389,default_credit_card_clients,4.614530847167969,33,27182,3.0,ha_uniform,0.643907081442789,0.4109247908598282,0.0
0.5,2.4553729351766442,default_credit_card_clients,4.614530847167969,34,27182,3.0,ha_uniform,0.6459233262699269,0.4141558359018769,0.0
0.5,2.4922161815154134,default_credit_card_clients,4.614530847167969,35,27182,3.0,ha_uniform,0.6486842012456181,0.41844539342785,0.0
0.5,2.5286118308793952,default_credit_card_clients,4.614530847167969,36,27182,3.0,ha_uniform,0.6523811539046732,0.42323311774287786,0.0
0.5,2.5645813930467445,default_credit_card_clients,4.614530847167969,37,27182,3.0,ha_uniform,0.6551299374571133,0.42755841112085025,0.0
0.5,2.6001473991542623,default_credit_card_clients,4.614530847167969,38,27182,3.0,ha_uniform,0.6572630660423462,0.43077217086620306,0.0
0.5,2.6353334753247775,default_credit_card_clients,4.614530847167969,39,27182,3.0,ha_uniform,0.6595171088600911,0.43417631095793074,0.0
0.5,2.670164422561414,default_credit_card_clients,4.614530847167969,40,27182,3.0,ha_uniform,0.661389768036121,0.43770431516551894,0.0
0.5,2.704540013646186,default_credit_card_clients,4.614530847167969,41,27182,3.0,ha_uniform,0.6636422994259596,0.44096698309039184,0.0
0.5,2.7385823312434687,default_credit_card_clients,4.614530847167969,42,27182,3.0,ha_uniform,0.6657905422902566,0.4450028804691142,0.0
0.5,2.7723239963248285,default_credit_card_clients,4.614530847167969,43,27182,3.0,ha_uniform,0.6667256123550163,0.4452759137076285,0.0
0.5,2.805781455608433,default_credit_card_clients,4.614530847167969,44,27182,3.0,ha_uniform,0.6683196649869665,0.4471957650538211,0.0
0.5,2.8387937619829273,default_credit_card_clients,4.614530847167969,45,27182,3.0,ha_uniform,0.6692638036191645,0.4480865035290633,0.0
0.5,2.871565716427723,default_credit_card_clients,4.614530847167969,46,27182,3.0,ha_uniform,0.6714936635904071,0.4516624277309842,0.0
0.5,2.904109003061258,default_credit_card_clients,4.614530847167969,47,27182,3.0,ha_uniform,0.6719833662320807,0.4525985766387402,0.0
0.5,2.936217122906105,default_credit_card_clients,4.614530847167969,48,27182,3.0,ha_uniform,0.6726342878504371,0.4539892636818206,0.0
0.5,2.9681519561400993,default_credit_card_clients,4.614530847167969,49,27182,3.0,ha_uniform,0.6737487140267563,0.4557620236588843,0.0
0.5,2.999999046102365,default_credit_card_clients,4.614530847167969,50,27182,3.0,ha_uniform,0.6744036661195297,0.45686265272576454,0.0
0.5,0.21299704025188448,default_credit_card_clients,23.54775729506565,1,27182,3.0,full_ha_dp,0.47897906067778473,0.2038216186234969,0.0
0.5,0.23346218852250927,default_credit_card_clients,16.650778865075914,2,27182,3.0,full_ha_dp,0.4558975413098437,0.1934447462501781,0.0
0.5,0.26447444772021594,default_credit_card_clients,13.59530401311813,3,27182,3.0,full_ha_dp,0.4530752015992922,0.19129062468113334,0.0
0.5,0.30625194645317055,default_credit_card_clients,11.773878647532825,4,27182,3.0,full_ha_dp,0.46188833772151233,0.19401540984642923,0.0
0.5,0.3563045285333235,default_credit_card_clients,10.530877205886673,5,27182,3.0,full_ha_dp,0.4725333244662896,0.19806181566395184,0.0
0.5,0.40742084915157806,default_credit_card_clients,9.613331659968512,6,27182,3.0,full_ha_dp,0.48535124073116837,0.2032328232848575,0.0
0.5,0.45914901528449226,default_credit_card_clients,8.900215676578675,7,27182,3.0,full_ha_dp,0.4911087734359492,0.20554764558057478,0.0
0.5,0.5113859213230608,default_credit_card_clients,8.325389432537957,8,27182,3.0,full_ha_dp,0.4968229785407466,0.20862136494038386,0.0
0.5,0.564173185530695,default_credit_card_clients,7.849252431688551,9,27182,3.0,full_ha_dp,0.5032898747429313,0.2118511287760294,0.0
0.5,0.6174334683980615,default_credit_card_clients,7.446454684125309,10,27182,3.0,full_ha_dp,0.5058673631326459,0.21352440209705761,0.0
0.5,0.6710545766480025,default_credit_card_clients,7.099915963826087,11,27182,3.0,full_ha_dp,0.5085839028897494,0.21555349445803984,0.0
0.5,0.7251490163152827,default_credit_card_clients,6.797652006559065,12,27182,3.0,full_ha_dp,0.5118375033629271,0.2173860418278043,0.0
0.5,0.7796479126155401,default_credit_card_clients,6.530972796118493,13,27182,3.0,full_ha_dp,0.5180726472861304,0.22103771470141387,0.0
0.5,0.8346156587616359,default_credit_card_clients,6.293402858931596,14,27182,3.0,full_ha_dp,0.5236528391165602,0.22522838559924113,0.0
0.5,0.889829626772314,default_credit_card_clients,6.080004789621566,15,27182,3.0,full_ha_dp,0.5304240361372337,0.23002115290405395,0.0
0.5,0.9453289979098779,default_credit_card_clients,5.886939323766413,16,27182,3.0,full_ha_dp,0.536213812637351,0.23414165729829764,0.0
0.5,1.001237372825957,default_credit_card_clients,5.711170033762616,17,27182,3.0,full_ha_dp,0.5451685191734706,0.24229731150466555,0.0
0.5,1.057519485993207,default_credit_card_clients,5.550259621691971,18,27182,3.0,full_ha_dp,0.5545786693187189,0.2526706160929892,0.0
0.5,1.1142670722860555,default_credit_card_clients,5.40222602085336,19,27182,3.0,full_ha_dp,0.5608077675302966,0.2602950198650348,0.0
0.5,1.1713841018359175,default_credit_card_clients,5.265438602943337,20,27182,3.0,full_ha_dp,0.5663884631700287,0.2684505283082611,0.0
0.5,1.2281442979351627,default_credit_card_clients,5.138541916718426,21,27182,3.0,full_ha_dp,0.5763099797569422,0.2828206029658865,0.0
0.5,1.2857726596013062,default_credit_card_clients,5.020398723876049,22,27182,3.0,full_ha_dp,0.5845533075584494,0.2961334133320365,0.0
0.5,1.3437624821007765,default_credit_card_clients,4.9100468147388225,23,27182,3.0,full_ha_dp,0.592760361090203,0.31268651894996413,0.0
0.5,1.4014736213023147,default_credit_card_clients,4.806665829984256,24,27182,3.0,full_ha_dp,0.599613175217822,0.326876968781453,0.0
0.5,1.4603425109602552,default_credit_card_clients,4.709551459013131,25,27182,3.0,full_ha_dp,0.6046663825182204,0.33610285627741,0.0
0.5,1.5185281801670603,default_credit_card_clients,4.6180951518802535,26,27182,3.0,full_ha_dp,0.611001280683246,0.3486482488535658,0.0
0.5,1.5775644878206894,default_credit_card_clients,4.531768004372708,27,27182,3.0,full_ha_dp,0.6162681031277489,0.3596571857705081,0.0
0.5,1.6372933485547936,default_credit_card_clients,4.4501078382893375,28,27182,3.0,full_ha_dp,0.6210981229073022,0.368866730316618,0.0
0.5,1.6957851442130996,default_credit_card_clients,4.3727087542183565,29,27182,3.0,full_ha_dp,0.6258218389241051,0.3785797146879319,0.0
0.5,1.7564100771982334,default_credit_card_clients,4.299212616388098,30,27182,3.0,full_ha_dp,0.6295570810901224,0.38623875121236695,0.0
0.5,1.8170996855311148,default_credit_card_clients,4.229302061033458,31,27182,3.0,full_ha_dp,0.6347458130927947,0.3958472274223512,0.0
0.5,1.8757179321758315,default_credit_card_clients,4.1626947162689785,32,27182,3.0,full_ha_dp,0.638605999965741,0.4024812777765434,0.0
0.5,1.9360106661943544,default_credit_card_clients,4.099138392938713,33,27182,3.0,full_ha_dp,0.6405245057882649,0.40614521161473505,0.0
0.5,1.9966864794311963,default_credit_card_clients,4.0384070593829495,34,27182,3.0,full_ha_dp,0.6434254397499495,0.41066144792230563,0.0
0.5,2.0576005067904557,default_credit_card_clients,3.9802974534478395,35,27182,3.0,full_ha_dp,0.6472473371159335,0.41655401381790025,0.0
0.5,2.118778206830161,default_credit_card_clients,3.9246262158442753,36,27182,3.0,full_ha_dp,0.6519655112304131,0.4228989059727263,0.0
0.5,2.1801994484964147,default_credit_card_clients,3.8712274526211323,37,27182,3.0,full_ha_dp,0.6555239163313815,0.4284817462531689,0.0
0.5,2.241829685121876,default_credit_card_clients,3.8199506528478304,38,27182,3.0,full_ha_dp,0.6582369294233701,0.4320346348455211,0.0
0.5,2.30370889584499,default_credit_card_clients,3.7706589019091354,39,27182,3.0,full_ha_dp,0.6610607805618279,0.4366997406274846,0.0
0.5,2.365829374197474,default_credit_card_clients,3.7232273420626547,40,27182,3.0,full_ha_dp,0.6636120708678317,0.4420914667160883,0.0
0.5,2.42819365792054,default_credit_card_clients,3.6775418408102696,41,27182,3.0,full_ha_dp,0.666354808708646,0.4458519493922901,0.0
0.5,2.490804243813125,default_credit_card_clients,3.6334978347229177,42,27182,3.0,full_ha_dp,0.6689796551727613,0.44995115098715965,0.0
0.5,2.5535753974299653,default_credit_card_clients,3.590999322036674,43,27182,3.0,full_ha_dp,0.6702492546141375,0.4513653849692788,0.0
0.5,2.616615196810502,default_credit_card_clients,3.5499579819130433,44,27182,3.0,full_ha_dp,0.6722846441947565,0.45473815180486077,0.0
0.5,2.6799136006914086,default_credit_card_clients,3.510292401962225,45,27182,3.0,full_ha_dp,0.6736640740639979,0.45605333449771823,0.0
0.5,2.7433690024568937,default_credit_card_clients,3.471927398645229,46,27182,3.0,full_ha_dp,0.6760944501374895,0.4595689516964583,0.0
0.5,2.8071131593430443,default_credit_card_clients,3.4347934176392356,47,27182,3.0,full_ha_dp,0.6768118745837276,0.4614344623056975,0.0
0.5,2.871046602674573,default_credit_card_clients,3.3988260032795323,48,27182,3.0,full_ha_dp,0.6777338456066317,0.4627828221619738,0.0
0.5,2.9351789122425753,default_credit_card_clients,3.3639653278665222,49,27182,3.0,full_ha_dp,0.6789994145735909,0.46388678960331586,0.0
0.5,2.9996495620516437,default_credit_card_clients,3.330155773015183,50,27182,3.0,full_ha_dp,0.6796775418942625,0.46526043705153425,0.0
0.5,0.5248359872685083,default_credit_card_clients,3.307383959960937,1,73,3.0,ha_uniform,0.43614015571737913,0.19195422117057104,0.0037174721189591076
0.5,0.6621871198661482,default_credit_card_clients,3.307383959960937,2,73,3.0,ha_uniform,0.4727640691266667,0.2054841875598143,0.0037313432835820895
0.5,0.7804429032264024,default_credit_card_clients,3.307383959960937,3,73,3.0,ha_uniform,0.5115599044374516,0.22509078980362351,0.0037313432835820895
0.5,0.8821678778038297,default_credit_card_clients,3.307383959960937,4,73,3.0,ha_uniform,0.5544688388908536,0.2549895686247359,0.003738317757009346
0.5,0.9731708682545654,default_credit_card_clients,3.307383959960937,5,73,3.0,ha_uniform,0.5920998670951061,0.2915823494480158,0.003745318352059925
0.5,1.0559283412929104,default_credit_card_clients,3.307383959960937,6,73,3.0,ha_uniform,0.6244081500223186,0.3328237929402428,0.003745318352059925
0.5,1.1329110428228737,default_credit_card_clients,3.307383959960937,7,73,3.0,ha_uniform,0.6459308834094589,0.3718982578633846,0.003738317757009346
0.5,1.20546647544969,default_credit_card_clients,3.307383959960937,8,73,3.0,ha_uniform,0.6591765337718489,0.3961347885371768,0.0
0.5,1.273658936103663,default_credit_card_clients,3.307383959960937,9,73,3.0,ha_uniform,0.6691433931959545,0.41626229559113526,0.007462686567164179
0.5,1.33820343736368,default_credit_card_clients,3.307383959960937,10,73,3.0,ha_uniform,0.6758480873887462,0.4284445011280569,0.0111731843575419
0.5,1.401174054197305,default_credit_card_clients,3.307383959960937,11,73,3.0,ha_uniform,0.6809546984751706,0.4392743348132684,0.018484288354898338
0.5,1.4600061749374662,default_credit_card_clients,3.307383959960937,12,73,3.0,ha_uniform,0.6851610023386827,0.44719110543672713,0.025735294117647058
0.5,1.5178715255195727,default_credit_card_clients,3.307383959960937,13,73,3.0,ha_uniform,0.687121324333284,0.4519907139404959,0.039927404718693285
0.5,1.5739101074598474,default_credit_card_clients,3.307383959960937,14,73,3.0,ha_uniform,0.6894055957091569,0.45625450372848175,0.06797853309481217
0.5,1.6267810004063539,default_credit_card_clients,3.307383959960937,15,73,3.0,ha_uniform,0.6908495131690714,0.46018098126546664,0.08465608465608465
0.5,1.6796518933528604,default_credit_card_clients,3.307383959960937,16,73,3.0,ha_uniform,0.6915558538106623,0.4624536599391501,0.10452961672473868
0.5,1.7325227862993668,default_credit_card_clients,3.307383959960937,17,73,3.0,ha_uniform,0.6923307125173436,0.4647609149717663,0.1507537688442211
0.5,1.7803807621410104,default_credit_card_clients,3.307383959960937,18,73,3.0,ha_uniform,0.6933937501448452,0.4663335157392172,0.18360655737704917
0.5,1.8278794399591751,default_credit_card_clients,3.307383959960937,19,73,3.0,ha_uniform,0.693914688963251,0.46742809188000467,0.2289348171701113
0.5,1.8751290024028162,default_credit_card_clients,3.307383959960937,20,73,3.0,ha_uniform,0.6941796926561734,0.46834482047954656,0.25577812018489987
0.5,1.921376318278777,default_credit_card_clients,3.307383959960937,21,73,3.0,ha_uniform,0.6945363896420838,0.4691561478985601,0.27575757575757576
0.5,1.9666884717566602,default_credit_card_clients,3.307383959960937,22,73,3.0,ha_uniform,0.694854797121032,0.4701145358736405,0.30338733431516934
0.5,2.011087902850933,default_credit_card_clients,3.307383959960937,23,73,3.0,ha_uniform,0.695175219837189,0.4705788694585732,0.31213872832369943
0.5,2.054659048193879,default_credit_card_clients,3.307383959960937,24,73,3.0,ha_uniform,0.6954865739859075,0.47112783695539784,0.3281027104136947
0.5,2.097487363904016,default_credit_card_clients,3.307383959960937,25,73,3.0,ha_uniform,0.6955107568324099,0.47126318503473436,0.33755274261603374
0.5,2.1395379177767704,default_credit_card_clients,3.307383959960937,26,73,3.0,ha_uniform,0.6963259202832617,0.4718657683973959,0.35939643347050754
0.5,2.1809470384144927,default_credit_card_clients,3.307383959960937,27,73,3.0,ha_uniform,0.6969808723760351,0.4725044555574501,0.37347767253044656
0.5,2.221637561454964,default_credit_card_clients,3.307383959960937,28,73,3.0,ha_uniform,0.697312378896839,0.4729475141159065,0.39050131926121373
0.5,2.261745790098596,default_credit_card_clients,3.307383959960937,29,73,3.0,ha_uniform,0.6974413540781852,0.47320824450430954,0.39895697522816165
0.5,2.301286763978478,default_credit_card_clients,3.307383959960937,30,73,3.0,ha_uniform,0.6977295329990055,0.47339280765149194,0.4097938144329897
0.5,2.3402285997234245,default_credit_card_clients,3.307383959960937,31,73,3.0,ha_uniform,0.6978514548501218,0.473415966909347,0.4193138500635324
0.5,2.378628402934449,default_credit_card_clients,3.307383959960937,32,73,3.0,ha_uniform,0.6980751461802689,0.4736185729027954,0.435
0.5,2.4165266769893448,default_credit_card_clients,3.307383959960937,33,73,3.0,ha_uniform,0.6985074145614996,0.4739680902424537,0.4400494437577256
0.5,2.453941929244478,default_credit_card_clients,3.307383959960937,34,73,3.0,ha_uniform,0.6989719267380665,0.47422660024223523,0.4484848484848485
0.5,2.490893505621629,default_credit_card_clients,3.307383959960937,35,73,3.0,ha_uniform,0.6993276161053728,0.4744751675455542,0.4543269230769231
0.5,2.527401648487951,default_credit_card_clients,3.307383959960937,36,73,3.0,ha_uniform,0.6996974121331386,0.4748433433813261,0.45422116527942924
0.5,2.563487559265001,default_credit_card_clients,3.307383959960937,37,73,3.0,ha_uniform,0.7003674785049762,0.4751570694222219,0.45990566037735847
0.5,2.599173466239764,default_credit_card_clients,3.307383959960937,38,73,3.0,ha_uniform,0.700638527909524,0.47541368145464336,0.4678362573099415
0.5,2.6344455602192687,default_credit_card_clients,3.307383959960937,39,73,3.0,ha_uniform,0.7013347923650723,0.4757833257366819,0.4756380510440835
0.5,2.669297037955823,default_credit_card_clients,3.307383959960937,40,73,3.0,ha_uniform,0.7015695674998665,0.4759465495329255,0.476409666283084
0.5,2.7037972382039293,default_credit_card_clients,3.307383959960937,41,73,3.0,ha_uniform,0.7017086188672553,0.47615740379102406,0.47586206896551725
0.5,2.737971932869018,default_credit_card_clients,3.307383959960937,42,73,3.0,ha_uniform,0.7019721111322711,0.4762418904497447,0.48109965635738833
0.5,2.771848255029209,default_credit_card_clients,3.307383959960937,43,73,3.0,ha_uniform,0.7020602777601443,0.4761850833947968,0.48346636259977194
0.5,2.805294650561753,default_credit_card_clients,3.307383959960937,44,73,3.0,ha_uniform,0.7022688548112277,0.476232530976341,0.48464163822525597
0.5,2.838446975921327,default_credit_card_clients,3.307383959960937,45,73,3.0,ha_uniform,0.7024915385227708,0.47628694257790116,0.4863636363636364
0.5,2.871360572486505,default_credit_card_clients,3.307383959960937,46,73,3.0,ha_uniform,0.7027152298529178,0.4764585992367917,0.488135593220339
0.5,2.9038993994691435,default_credit_card_clients,3.307383959960937,47,73,3.0,ha_uniform,0.7031474982341483,0.47661783931863066,0.488135593220339
0.5,2.9361536575225715,default_credit_card_clients,3.307383959960937,48,73,3.0,ha_uniform,0.7035455075828337,0.47684928971771967,0.489337822671156
0.5,2.968235619866982,default_credit_card_clients,3.307383959960937,49,73,3.0,ha_uniform,0.7039263874152466,0.476939998573857,0.489337822671156
0.5,2.999999046102365,default_credit_card_clients,3.307383959960937,50,73,3.0,ha_uniform,0.7042709929779059,0.4770794881754845,0.48878923766816146
0.5,0.5526407888135076,default_credit_card_clients,3.814853796386719,1,101,3.0,ha_uniform,0.5874668367526871,0.29915399792096475,0.0
0.5,0.6698394082369116,default_credit_card_clients,3.814853796386719,2,101,3.0,ha_uniform,0.6041298256114482,0.3395371946878586,0.0
0.5,0.7831621219029421,default_credit_card_clients,3.814853796386719,3,101,3.0,ha_uniform,0.6138679556123852,0.36470714597725196,0.0
0.5,0.8843843513229028,default_credit_card_clients,3.814853796386719,4,101,3.0,ha_uniform,0.6193010351265922,0.37882633646206737,0.0
0.5,0.9749497039171535,default_credit_card_clients,3.814853796386719,5,101,3.0,ha_uniform,0.6229380344786934,0.38663486748865133,0.0
0.5,1.0576171321252459,default_credit_card_clients,3.814853796386719,6,101,3.0,ha_uniform,0.6257175503985636,0.38850256861036736,0.0
0.5,1.1344469769572485,default_credit_card_clients,3.814853796386719,7,101,3.0,ha_uniform,0.6274708067699878,0.39003290493638243,0.0
0.5,1.2068072166334696,default_credit_card_clients,3.814853796386719,8,101,3.0,ha_uniform,0.6291807355414287,0.39158293737080946,0.0
0.5,1.2751672699354148,default_credit_card_clients,3.814853796386719,9,101,3.0,ha_uniform,0.6298457638202449,0.39046078330395473,0.0
0.5,1.3394476833557245,default_credit_card_clients,3.814853796386719,10,101,3.0,ha_uniform,0.630960189996564,0.3901835920891422,0.0
0.5,1.4025427247885538,default_credit_card_clients,3.814853796386719,11,101,3.0,ha_uniform,0.6319778847868736,0.3906795738986278,0.0
0.5,1.4610702849460822,default_credit_card_clients,3.814853796386719,12,101,3.0,ha_uniform,0.6333351470468209,0.3911090848865585,0.0
0.5,1.5190243113622401,default_credit_card_clients,3.814853796386719,13,101,3.0,ha_uniform,0.6344253903766377,0.3919654304477334,0.0
0.5,1.5747408628418027,default_credit_card_clients,3.814853796386719,14,101,3.0,ha_uniform,0.635558961306438,0.3928607513918787,0.0
0.5,1.627671095458449,default_credit_card_clients,3.814853796386719,15,101,3.0,ha_uniform,0.6374754518917536,0.39539168925484847,0.0
0.5,1.6806013280750953,default_credit_card_clients,3.814853796386719,16,101,3.0,ha_uniform,0.6384951619192716,0.3959595651767139,0.0
0.5,1.733451381617861,default_credit_card_clients,3.814853796386719,17,101,3.0,ha_uniform,0.6399159041512879,0.3970549196162323,0.0
0.5,1.7809835475122031,default_credit_card_clients,3.814853796386719,18,101,3.0,ha_uniform,0.6416097110250605,0.3991596766050127,0.0
0.5,1.8285157134065448,default_credit_card_clients,3.814853796386719,19,101,3.0,ha_uniform,0.6431624512942358,0.4008023521067837,0.0
0.5,1.8757177842472696,default_credit_card_clients,3.814853796386719,20,101,3.0,ha_uniform,0.6447615420192072,0.40175120644231194,0.0
0.5,1.9219134502314292,default_credit_card_clients,3.814853796386719,21,101,3.0,ha_uniform,0.6464543412743756,0.4037994300103639,0.0
0.5,1.9671702534615865,default_credit_card_clients,3.814853796386719,22,101,3.0,ha_uniform,0.6484393499247812,0.40559219962956533,0.0
0.5,2.0115508241355338,default_credit_card_clients,3.814853796386719,23,101,3.0,ha_uniform,0.650141217747388,0.40708001621857565,0.0
0.5,2.055060186987026,default_credit_card_clients,3.814853796386719,24,101,3.0,ha_uniform,0.6514088019515557,0.4080245009962281,0.0
0.5,2.09782418368483,default_credit_card_clients,3.814853796386719,25,101,3.0,ha_uniform,0.6524013062767585,0.40892325950751707,0.0
0.5,2.1398477111774388,default_credit_card_clients,3.814853796386719,26,101,3.0,ha_uniform,0.6540255874668368,0.41000167036890023,0.0
0.5,2.1811879651599217,default_credit_card_clients,3.814853796386719,27,101,3.0,ha_uniform,0.6558020190661592,0.41121302913898417,0.0
0.5,2.2218472237386675,default_credit_card_clients,3.814853796386719,28,101,3.0,ha_uniform,0.6578162486560887,0.413195034832052,0.0
0.5,2.2619224713392745,default_credit_card_clients,3.814853796386719,29,101,3.0,ha_uniform,0.6599080648785467,0.4147126561658928,0.0
0.5,2.3014121125848965,default_credit_card_clients,3.814853796386719,30,101,3.0,ha_uniform,0.6613267918733545,0.4160334665580325,0.0
0.5,2.340294936879218,default_credit_card_clients,3.814853796386719,31,101,3.0,ha_uniform,0.662333402859017,0.417031965173578,0.0
0.5,2.3786571637962584,default_credit_card_clients,3.814853796386719,32,101,3.0,ha_uniform,0.6633460595563052,0.4179304829586534,0.0
0.5,2.4165166141354852,default_credit_card_clients,3.814853796386719,33,101,3.0,ha_uniform,0.6644413409791433,0.41901100318539464,0.003738317757009346
0.5,2.4538918921015127,default_credit_card_clients,3.814853796386719,34,101,3.0,ha_uniform,0.6659497460297308,0.4200986821618856,0.003738317757009346
0.5,2.490802438880423,default_credit_card_clients,3.814853796386719,35,101,3.0,ha_uniform,0.6670309207921091,0.4207597698320552,0.003738317757009346
0.5,2.52726859055356,default_credit_card_clients,3.814853796386719,36,101,3.0,ha_uniform,0.6683226878427793,0.42254030997501435,0.007434944237918215
0.5,2.5633116407408676,default_credit_card_clients,3.814853796386719,37,101,3.0,ha_uniform,0.6697867576747791,0.42361670210301494,0.007434944237918215
0.5,2.5989539084317435,default_credit_card_clients,3.814853796386719,38,101,3.0,ha_uniform,0.6712246294230678,0.4253311826715983,0.007434944237918215
0.5,2.6342188115230756,default_credit_card_clients,3.814853796386719,39,101,3.0,ha_uniform,0.6725103507621124,0.42656895488576263,0.011131725417439703
0.5,2.6690263850830935,default_credit_card_clients,3.814853796386719,40,101,3.0,ha_uniform,0.6738454454127659,0.42789979109235654,0.014787430683918669
0.5,2.703480700825177,default_credit_card_clients,3.814853796386719,41,101,3.0,ha_uniform,0.6750757477285757,0.42896384200809445,0.01845018450184502
0.5,2.7376090296784885,default_credit_card_clients,3.814853796386719,42,101,3.0,ha_uniform,0.6759523759142879,0.43012424278866523,0.025688073394495414
0.5,2.771438589313505,default_credit_card_clients,3.814853796386719,43,101,3.0,ha_uniform,0.6770154135417894,0.4308505587340874,0.0433996383363472
0.5,2.804875457736381,default_credit_card_clients,3.814853796386719,44,101,3.0,ha_uniform,0.6775685961555319,0.43171184498820536,0.05745062836624776
0.5,2.837979853707264,default_credit_card_clients,3.814853796386719,45,101,3.0,ha_uniform,0.6782537768064335,0.4324975010257241,0.07130124777183601
0.5,2.8708736271842454,default_credit_card_clients,3.814853796386719,46,101,3.0,ha_uniform,0.6793530887036887,0.4331841742931575,0.08156028368794327
0.5,2.9034018683994436,default_credit_card_clients,3.814853796386719,47,101,3.0,ha_uniform,0.6800866350475949,0.43413484857099804,0.0984182776801406
0.5,2.9358376900720224,default_credit_card_clients,3.814853796386719,48,101,3.0,ha_uniform,0.6810096136891033,0.43506016738040526,0.1082024432809773
0.5,2.9679174573867724,default_credit_card_clients,3.814853796386719,49,101,3.0,ha_uniform,0.6817300609911541,0.43580350843972304,0.11478260869565217
0.5,2.9998347846064015,default_credit_card_clients,3.814853796386719,50,101,3.0,ha_uniform,0.6822298398188704,0.4362554336454266,0.11764705882352941
0.5,0.5688918393560037,default_credit_card_clients,3.469032666015625,1,909,3.0,ha_uniform,0.5399359557615129,0.2458004688273453,0.0
0.5,0.6824186674493695,default_credit_card_clients,3.469032666015625,2,909,3.0,ha_uniform,0.5641782517615692,0.2635167801698479,0.0
0.5,0.7863130075776001,default_credit_card_clients,3.469032666015625,3,909,3.0,ha_uniform,0.5826111226987251,0.28125348812112294,0.0
0.5,0.8862916219033276,default_credit_card_clients,3.469032666015625,4,909,3.0,ha_uniform,0.5986634946833004,0.2972659245028224,0.0
0.5,0.9764100217591278,default_credit_card_clients,3.469032666015625,5,909,3.0,ha_uniform,0.6107136055717278,0.3115842837873197,0.0
0.5,1.0590221530520034,default_credit_card_clients,3.469032666015625,6,909,3.0,ha_uniform,0.617148257978576,0.3205677458714946,0.0
0.5,1.1357549768657775,default_credit_card_clients,3.469032666015625,7,909,3.0,ha_uniform,0.6249351345523504,0.33245286729594814,0.0
0.5,1.2079887128583524,default_credit_card_clients,3.469032666015625,8,909,3.0,ha_uniform,0.6302029646154574,0.34248546008945274,0.0
0.5,1.2764964531884082,default_credit_card_clients,3.469032666015625,9,909,3.0,ha_uniform,0.6338011706512944,0.34715943549560513,0.0
0.5,1.3405988790041836,default_credit_card_clients,3.469032666015625,10,909,3.0,ha_uniform,0.6360209544364944,0.35108202409851746,0.0
0.5,1.403809040001859,default_credit_card_clients,3.469032666015625,11,909,3.0,ha_uniform,0.6383384772263082,0.3569042352394628,0.0
0.5,1.4621268670847702,default_credit_card_clients,3.469032666015625,12,909,3.0,ha_uniform,0.6396131147607057,0.3602654347089861,0.0
0.5,1.5201689420124853,default_credit_card_clients,3.469032666015625,13,909,3.0,ha_uniform,0.6407970666207192,0.3648376368345045,0.0
0.5,1.5756596668253993,default_credit_card_clients,3.469032666015625,14,909,3.0,ha_uniform,0.6421623898295009,0.3710834591769707,0.0
0.5,1.6286555282980166,default_credit_card_clients,3.469032666015625,15,909,3.0,ha_uniform,0.6435186444708442,0.3756893382166733,0.0
0.5,1.6816513897706344,default_credit_card_clients,3.469032666015625,16,909,3.0,ha_uniform,0.6445716059123029,0.38077474434835573,0.0
0.5,1.734225649267461,default_credit_card_clients,3.469032666015625,17,909,3.0,ha_uniform,0.6452688779864556,0.3836138178091574,0.0
0.5,1.781803360317662,default_credit_card_clients,3.469032666015625,18,909,3.0,ha_uniform,0.6450613085539766,0.38440991125625057,0.0
0.5,1.8293810713678629,default_credit_card_clients,3.469032666015625,19,909,3.0,ha_uniform,0.6455137293072926,0.38620670093204584,0.0
0.5,1.8765648492289027,default_credit_card_clients,3.469032666015625,20,909,3.0,ha_uniform,0.6456709178095581,0.38849702537214076,0.0
0.5,1.922738602100994,default_credit_card_clients,3.469032666015625,21,909,3.0,ha_uniform,0.645965142442004,0.39046641458387893,0.0
0.5,1.9679701871432067,default_credit_card_clients,3.469032666015625,22,909,3.0,ha_uniform,0.6460628814466178,0.3916791016472889,0.0
0.5,2.012332329707852,default_credit_card_clients,3.469032666015625,23,909,3.0,ha_uniform,0.646206970907028,0.3925809007726535,0.0
0.5,2.0558328546528,default_credit_card_clients,3.469032666015625,24,909,3.0,ha_uniform,0.6465596374185214,0.39327545239929007,0.0
0.5,2.0985633609925096,default_credit_card_clients,3.469032666015625,25,909,3.0,ha_uniform,0.6467636801858855,0.3939393248060971,0.0
0.5,2.1405834382798274,default_credit_card_clients,3.469032666015625,26,909,3.0,ha_uniform,0.6470402714927568,0.3957744323927492,0.0
0.5,2.1818857278283668,default_credit_card_clients,3.469032666015625,27,909,3.0,ha_uniform,0.6476256979018358,0.3977203322572471,0.0
0.5,2.2225376495878337,default_credit_card_clients,3.469032666015625,28,909,3.0,ha_uniform,0.6484146632689767,0.3997401190752687,0.0
0.5,2.2626039894251933,default_credit_card_clients,3.469032666015625,29,909,3.0,ha_uniform,0.6492550171849354,0.4024184712459645,0.0
0.5,2.302050121227228,default_credit_card_clients,3.469032666015625,30,909,3.0,ha_uniform,0.6494106942592945,0.4031755823616108,0.0
0.5,2.3409208275275577,default_credit_card_clients,3.469032666015625,31,909,3.0,ha_uniform,0.6496449655847866,0.4037521669221307,0.0
0.5,2.3792696190231806,default_credit_card_clients,3.469032666015625,32,909,3.0,ha_uniform,0.65084302410526,0.4072555134238846,0.0
0.5,2.417114383745755,default_credit_card_clients,3.469032666015625,33,909,3.0,ha_uniform,0.6512178582260473,0.40873563903811155,0.0
0.5,2.454473791956403,default_credit_card_clients,3.469032666015625,34,909,3.0,ha_uniform,0.6519886864583113,0.4104962673589339,0.0
0.5,2.4913673497669384,default_credit_card_clients,3.469032666015625,35,909,3.0,ha_uniform,0.6526416233138762,0.4121601489050361,0.0
0.5,2.5278154570594373,default_credit_card_clients,3.469032666015625,36,909,3.0,ha_uniform,0.653294056360139,0.413498141626558,0.0
0.5,2.5638394701578915,default_credit_card_clients,3.469032666015625,37,909,3.0,ha_uniform,0.6543263616202104,0.41529906794641114,0.0
0.5,2.599461769681776,default_credit_card_clients,3.469032666015625,38,909,3.0,ha_uniform,0.6547304166805215,0.4167442222442518,0.0
0.5,2.6347058341078147,default_credit_card_clients,3.469032666015625,39,909,3.0,ha_uniform,0.6553732773500436,0.41812318018005973,0.0
0.5,2.6695258954264163,default_credit_card_clients,3.469032666015625,40,909,3.0,ha_uniform,0.6558287209591723,0.4196692289247868,0.0
0.5,2.7039577081087733,default_credit_card_clients,3.469032666015625,41,909,3.0,ha_uniform,0.6564171702240642,0.4206216328019093,0.0
0.5,2.7380628047612183,default_credit_card_clients,3.469032666015625,42,909,3.0,ha_uniform,0.6571053737307785,0.4223099241415075,0.0
0.5,2.7718684602982258,default_credit_card_clients,3.469032666015625,43,909,3.0,ha_uniform,0.6570086423447687,0.4228399612539683,0.0
0.5,2.805315325720746,default_credit_card_clients,3.469032666015625,44,909,3.0,ha_uniform,0.6570519699447523,0.4239330220705944,0.0
0.5,2.83839441750586,default_credit_card_clients,3.469032666015625,45,909,3.0,ha_uniform,0.6571940441679539,0.4246754609112477,0.0
0.5,2.8712340438219357,default_credit_card_clients,3.469032666015625,46,909,3.0,ha_uniform,0.6575890306608265,0.4248587048173773,0.0
0.5,2.9037701201814317,default_credit_card_clients,3.469032666015625,47,909,3.0,ha_uniform,0.6582852951163749,0.4262714208890017,0.0
0.5,2.93604631832479,default_credit_card_clients,3.469032666015625,48,909,3.0,ha_uniform,0.6587770129952573,0.4270820366047696,0.0
0.5,2.9681304320614723,default_credit_card_clients,3.469032666015625,49,909,3.0,ha_uniform,0.6596717783158461,0.4288684817877674,0.0
0.5,2.999876365274091,default_credit_card_clients,3.469032666015625,50,909,3.0,ha_uniform,0.6607479149852031,0.4295527647802202,0.0
0.5,0.5142115826420438,default_credit_card_clients,3.434667236328125,1,4096,3.0,ha_uniform,0.3703043713517909,0.17435040261306853,0.003745318352059925
0.5,0.6604304886053728,default_credit_card_clients,3.434667236328125,2,4096,3.0,ha_uniform,0.3740975515875534,0.17174703488820708,0.0
0.5,0.7789897970836029,default_credit_card_clients,3.434667236328125,3,4096,3.0,ha_uniform,0.3939305085753381,0.1747749886493728,0.0
0.5,0.8808302072600197,default_credit_card_clients,3.434667236328125,4,4096,3.0,ha_uniform,0.43303114851391367,0.18684555492557764,0.0
0.5,0.9720388371134924,default_credit_card_clients,3.434667236328125,5,4096,3.0,ha_uniform,0.4645711222553729,0.19719028404766986,0.0
0.5,1.0548246396434087,default_credit_card_clients,3.434667236328125,6,4096,3.0,ha_uniform,0.49016060432933406,0.20675275666041765,0.0
0.5,1.1318770947288983,default_credit_card_clients,3.434667236328125,7,4096,3.0,ha_uniform,0.5090902312383935,0.21449362793471094,0.0
0.5,1.2045318387832686,default_credit_card_clients,3.434667236328125,8,4096,3.0,ha_uniform,0.5227233109541242,0.2208739663630324,0.0
0.5,1.2726074698539387,default_credit_card_clients,3.434667236328125,9,4096,3.0,ha_uniform,0.5325969656573352,0.22588285221260823,0.0
0.5,1.3372972208252247,default_credit_card_clients,3.434667236328125,10,4096,3.0,ha_uniform,0.5428877744627126,0.23318046119326788,0.0
0.5,1.400177216005004,default_credit_card_clients,3.434667236328125,11,4096,3.0,ha_uniform,0.550976936617767,0.23960060833371338,0.0
0.5,1.4591841536607322,default_credit_card_clients,3.434667236328125,12,4096,3.0,ha_uniform,0.5591950739541675,0.2455724560434112,0.0
0.5,1.5169810024697776,default_credit_card_clients,3.434667236328125,13,4096,3.0,ha_uniform,0.5677215425834736,0.25285731064961925,0.0
0.5,1.57321039262172,default_credit_card_clients,3.434667236328125,14,4096,3.0,ha_uniform,0.5764626339754887,0.26159653465643085,0.0
0.5,1.626031305936932,default_credit_card_clients,3.434667236328125,15,4096,3.0,ha_uniform,0.5821063057779874,0.26611839644033675,0.0
0.5,1.6788522192521436,default_credit_card_clients,3.434667236328125,16,4096,3.0,ha_uniform,0.5884835239243924,0.27424682082603224,0.0
0.5,1.7316731325673556,default_credit_card_clients,3.434667236328125,17,4096,3.0,ha_uniform,0.5942093166431388,0.2813801053098379,0.0
0.5,1.7797820030579765,default_credit_card_clients,3.434667236328125,18,4096,3.0,ha_uniform,0.5990897173529053,0.2887676711635394,0.0
0.5,1.8272474164826393,default_credit_card_clients,3.434667236328125,19,4096,3.0,ha_uniform,0.6046709168019394,0.29785846842275376,0.0
0.5,1.8745033422590613,default_credit_card_clients,3.434667236328125,20,4096,3.0,ha_uniform,0.6099981963626984,0.30887885158357353,0.0
0.5,1.920785766088831,default_credit_card_clients,3.434667236328125,21,4096,3.0,ha_uniform,0.6149728094119638,0.32022399463150975,0.0
0.5,1.9661037336606237,default_credit_card_clients,3.434667236328125,22,4096,3.0,ha_uniform,0.6189992533546143,0.3304993268317088,0.0
0.5,2.010526425260288,default_credit_card_clients,3.434667236328125,23,4096,3.0,ha_uniform,0.6230282163437753,0.3410142733248065,0.0
0.5,2.0541282038918776,default_credit_card_clients,3.434667236328125,24,4096,3.0,ha_uniform,0.627441082021162,0.35413406793976154,0.0
0.5,2.0969892300602573,default_credit_card_clients,3.434667236328125,25,4096,3.0,ha_uniform,0.6310967223174422,0.3637967573857333,0.0
0.5,2.1390474092347387,default_credit_card_clients,3.434667236328125,26,4096,3.0,ha_uniform,0.6347916597392887,0.3741842674325131,0.0
0.5,2.1804838747674795,default_credit_card_clients,3.434667236328125,27,4096,3.0,ha_uniform,0.6380946335240755,0.3843267559772154,0.0
0.5,2.2211942869885504,default_credit_card_clients,3.434667236328125,28,4096,3.0,ha_uniform,0.6409330951322951,0.3928410696848778,0.0
0.5,2.2613146475526484,default_credit_card_clients,3.434667236328125,29,4096,3.0,ha_uniform,0.6436143682382495,0.3975570059505987,0.0
0.5,2.300868986343582,default_credit_card_clients,3.434667236328125,30,4096,3.0,ha_uniform,0.6465042183952868,0.40602737424895047,0.0
0.5,2.339853118014007,default_credit_card_clients,3.434667236328125,31,4096,3.0,ha_uniform,0.6490897677338356,0.4134218332662034,0.0
0.5,2.3782687465747885,default_credit_card_clients,3.434667236328125,32,4096,3.0,ha_uniform,0.6514596866910711,0.41946656018137374,0.0
0.5,2.416183860509566,default_credit_card_clients,3.434667236328125,33,4096,3.0,ha_uniform,0.6529247641416752,0.4222863157403274,0.0
0.5,2.4536169090053344,default_credit_card_clients,3.434667236328125,34,4096,3.0,ha_uniform,0.6546170595875415,0.42564508507746035,0.0
0.5,2.4905871806806514,default_credit_card_clients,3.434667236328125,35,4096,3.0,ha_uniform,0.6563415988287442,0.42979201220933283,0.0
0.5,2.52711486144835,default_credit_card_clients,3.434667236328125,36,4096,3.0,ha_uniform,0.6576575487259166,0.4327300980176482,0.0
0.5,2.5632210971170597,default_credit_card_clients,3.434667236328125,37,4096,3.0,ha_uniform,0.6595740393112322,0.43567787701193816,0.0
0.5,2.598928061184518,default_credit_card_clients,3.434667236328125,38,4096,3.0,ha_uniform,0.6614864994221307,0.438945847629032,0.0
0.5,2.6341936971362525,default_credit_card_clients,3.434667236328125,39,4096,3.0,ha_uniform,0.6629153026029811,0.4398271841713357,0.0
0.5,2.669067633093863,default_credit_card_clients,3.434667236328125,40,4096,3.0,ha_uniform,0.6642645039140945,0.44077940785820263,0.0
0.5,2.703590896081532,default_credit_card_clients,3.434667236328125,41,4096,3.0,ha_uniform,0.6656348652158974,0.44243899672110476,0.0
0.5,2.737789205833527,default_credit_card_clients,3.434667236328125,42,4096,3.0,ha_uniform,0.6670203407967643,0.44392004547087843,0.0
0.5,2.771686349595146,default_credit_card_clients,3.434667236328125,43,4096,3.0,ha_uniform,0.6684289916055295,0.446106195386898,0.0
0.5,2.805132350926052,default_credit_card_clients,3.434667236328125,44,4096,3.0,ha_uniform,0.66954140254464,0.44734398754606625,0.0
0.5,2.838309884765412,default_credit_card_clients,3.434667236328125,45,4096,3.0,ha_uniform,0.6708291391208931,0.4481664561272181,0.0
0.5,2.871249070556512,default_credit_card_clients,3.434667236328125,46,4096,3.0,ha_uniform,0.6715153273903989,0.44827597311012213,0.0
0.5,2.9037854735841506,default_credit_card_clients,3.434667236328125,47,4096,3.0,ha_uniform,0.6726831573527441,0.4497120556177689,0.0
0.5,2.9360662557332287,default_credit_card_clients,3.434667236328125,48,4096,3.0,ha_uniform,0.6739567872685374,0.45070542420507287,0.0
0.5,2.968150784832587,default_credit_card_clients,3.434667236328125,49,4096,3.0,ha_uniform,0.6751870895843473,0.45249870864331193,0.0
0.5,2.999808509106892,default_credit_card_clients,3.434667236328125,50,4096,3.0,ha_uniform,0.6760828625235404,0.453056520476,0.0
0.5,0.5941574533595175,default_credit_card_clients,4.323215686035157,1,65537,3.0,ha_uniform,0.37751640151183097,0.1742400661848053,0.0
0.5,0.6939705679197795,default_credit_card_clients,4.323215686035157,2,65537,3.0,ha_uniform,0.4125608727589303,0.18226198442468244,0.0
0.5,0.7924658361414383,default_credit_card_clients,4.323215686035157,3,65537,3.0,ha_uniform,0.4748654577258653,0.2017611622395096,0.0
0.5,0.8883898833597099,default_credit_card_clients,4.323215686035157,4,65537,3.0,ha_uniform,0.516964770630739,0.22077988510449525,0.0
0.5,0.9778402877236514,default_credit_card_clients,4.323215686035157,5,65537,3.0,ha_uniform,0.5453836457454816,0.2402294966680959,0.0
0.5,1.060336018683342,default_credit_card_clients,4.323215686035157,6,65537,3.0,ha_uniform,0.5663793946025902,0.2607849903259442,0.0
0.5,1.136940818889196,default_credit_card_clients,4.323215686035157,7,65537,3.0,ha_uniform,0.5838323564470965,0.28488146294796235,0.0
0.5,1.2090287709435856,default_credit_card_clients,4.323215686035157,8,65537,3.0,ha_uniform,0.5956708674286278,0.30683411819491646,0.0
0.5,1.2776665185342952,default_credit_card_clients,4.323215686035157,9,65537,3.0,ha_uniform,0.6040915361044861,0.3260616623257224,0.0
0.5,1.341579720527433,default_credit_card_clients,4.323215686035157,10,65537,3.0,ha_uniform,0.6113186805435901,0.344275854584397,0.0
0.5,1.4048778583255688,default_credit_card_clients,4.323215686035157,11,65537,3.0,ha_uniform,0.6185820992524478,0.3628840667862987,0.0
0.5,1.4629920301776944,default_credit_card_clients,4.323215686035157,12,65537,3.0,ha_uniform,0.6248555326826133,0.37814474453845115,0.0
0.5,1.52110620202982,default_credit_card_clients,4.323215686035157,13,65537,3.0,ha_uniform,0.6294563192296957,0.3906285500486498,0.0
0.5,1.5763735127184288,default_credit_card_clients,4.323215686035157,14,65537,3.0,ha_uniform,0.6338021782698987,0.4017320538583009,0.0
0.5,1.6294203631834057,default_credit_card_clients,4.323215686035157,15,65537,3.0,ha_uniform,0.6384755133564884,0.41248072576160244,0.0
0.5,1.6824672136483825,default_credit_card_clients,4.323215686035157,16,65537,3.0,ha_uniform,0.6418752185272849,0.4178522669055045,0.0
0.5,1.7347776646224906,default_credit_card_clients,4.323215686035157,17,65537,3.0,ha_uniform,0.6450119352423676,0.4231689884081901,0.0
0.5,1.782387847164164,default_credit_card_clients,4.323215686035157,18,65537,3.0,ha_uniform,0.6476055455297505,0.4257069475800967,0.0
0.5,1.8299980297058371,default_credit_card_clients,4.323215686035157,19,65537,3.0,ha_uniform,0.6505659289890865,0.4297975757065756,0.0
0.5,1.8771562621874596,default_credit_card_clients,4.323215686035157,20,65537,3.0,ha_uniform,0.6531162116764859,0.43234944036489975,0.0
0.5,1.9233014489548252,default_credit_card_clients,4.323215686035157,21,65537,3.0,ha_uniform,0.6558569342800917,0.43453891942704603,0.0
0.5,1.9685017566617364,default_credit_card_clients,4.323215686035157,22,65537,3.0,ha_uniform,0.6573482098144068,0.43559479707261994,0.0
0.5,2.0128302079447913,default_credit_card_clients,4.323215686035157,23,65537,3.0,ha_uniform,0.6596657326042205,0.43830094349547744,0.0
0.5,2.0563232891089993,default_credit_card_clients,4.323215686035157,24,65537,3.0,ha_uniform,0.6612476938129195,0.4389668117345107,0.0
0.5,2.099015847713804,default_credit_card_clients,4.323215686035157,25,65537,3.0,ha_uniform,0.6631742605842778,0.4400399967009849,0.0
0.5,2.141024799061317,default_credit_card_clients,4.323215686035157,26,65537,3.0,ha_uniform,0.6651945358858328,0.4425906356428222,0.0
0.5,2.18228566260054,default_credit_card_clients,4.323215686035157,27,65537,3.0,ha_uniform,0.6674112968152199,0.4446343929229884,0.0037593984962406013
0.5,2.2229232829984054,default_credit_card_clients,4.323215686035157,28,65537,3.0,ha_uniform,0.6693177112144927,0.44580611564468897,0.0037593984962406013
0.5,2.2629740333217643,default_credit_card_clients,4.323215686035157,29,65537,3.0,ha_uniform,0.6710256247487252,0.4475622638911463,0.0037593984962406013
0.5,2.3023745856405555,default_credit_card_clients,4.323215686035157,30,65537,3.0,ha_uniform,0.6722932089528928,0.44965417245642514,0.0037593984962406013
0.5,2.3412271868341294,default_credit_card_clients,4.323215686035157,31,65537,3.0,ha_uniform,0.6741578071800887,0.45131409033069714,0.0037593984962406013
0.5,2.379556832260238,default_credit_card_clients,4.323215686035157,32,65537,3.0,ha_uniform,0.6760879006165619,0.45228692182632,0.0037593984962406013
0.5,2.4173814753758047,default_credit_card_clients,4.323215686035157,33,65537,3.0,ha_uniform,0.6777071437136187,0.45361619856866464,0.0037593984962406013
0.5,2.454719850653108,default_credit_card_clients,4.323215686035157,34,65537,3.0,ha_uniform,0.6792195792386232,0.45503735546101576,0.00375234521575985
0.5,2.49159152721566,default_credit_card_clients,4.323215686035157,35,65537,3.0,ha_uniform,0.6809053251635617,0.45601604643936666,0.003745318352059925
0.5,2.528016966792081,default_credit_card_clients,4.323215686035157,36,65537,3.0,ha_uniform,0.682129581767746,0.4568321900953819,0.003745318352059925
0.5,2.564017586413599,default_credit_card_clients,4.323215686035157,37,65537,3.0,ha_uniform,0.6832984193486955,0.4577089816078774,0.0111731843575419
0.5,2.5996158262899285,default_credit_card_clients,4.323215686035157,38,65537,3.0,ha_uniform,0.6847030396830436,0.458397129162492,0.018518518518518517
0.5,2.6348352233945787,default_credit_card_clients,4.323215686035157,39,65537,3.0,ha_uniform,0.686287016128951,0.45944754912223534,0.025830258302583026
0.5,2.6696586023871993,default_credit_card_clients,4.323215686035157,40,65537,3.0,ha_uniform,0.6878115430772069,0.4607309341418582,0.03656307129798903
0.5,2.7040644841224557,default_credit_card_clients,4.323215686035157,41,65537,3.0,ha_uniform,0.6892262395975973,0.46157464326133296,0.05434782608695652
0.5,2.7381463034458746,default_credit_card_clients,4.323215686035157,42,65537,3.0,ha_uniform,0.6897774069741314,0.462321711520589,0.0683453237410072
0.5,2.7719901111918817,default_credit_card_clients,4.323215686035157,43,65537,3.0,ha_uniform,0.6909129931411402,0.4629854699437085,0.1012216404886562
0.5,2.8054398057049523,default_credit_card_clients,4.323215686035157,44,65537,3.0,ha_uniform,0.6915457776246198,0.463936152587099,0.11683848797250859
0.5,2.8385582541976135,default_credit_card_clients,4.323215686035157,45,65537,3.0,ha_uniform,0.6928944751264309,0.4653087274242568,0.1292517006802721
0.5,2.8714375297152452,default_credit_card_clients,4.323215686035157,46,65537,3.0,ha_uniform,0.6940547479492442,0.4661768759618195,0.16
0.5,2.9039780296811175,default_credit_card_clients,4.323215686035157,47,65537,3.0,ha_uniform,0.6951127474837244,0.46656029716374026,0.180623973727422
0.5,2.93619681314875,default_credit_card_clients,4.323215686035157,48,65537,3.0,ha_uniform,0.6960458023112754,0.4679631676448616,0.20388349514563106
0.5,2.968243010471963,default_credit_card_clients,4.323215686035157,49,65537,3.0,ha_uniform,0.6965788325529327,0.4684218869685153,0.21474358974358973
0.5,2.999877900918758,default_credit_card_clients,4.323215686035157,50,65537,3.0,ha_uniform,0.6984066527010728,0.4701636498563697,0.21474358974358973
0.1,0.6810333847131051,default_credit_card_clients,6.20730009765625,1,42,3.0,dp_uniform,0.4666997165568867,0.2065639225304182,0.0
0.1,0.7535695003987806,default_credit_card_clients,6.20730009765625,2,42,3.0,dp_uniform,0.4598388414804335,0.20458257831545035,0.0
0.1,0.826105616084456,default_credit_card_clients,6.20730009765625,3,42,3.0,dp_uniform,0.4546747961335659,0.201694219081432,0.0
0.1,0.8986417317701314,default_credit_card_clients,6.20730009765625,4,42,3.0,dp_uniform,0.4539775240594133,0.2018883487136839,0.0
0.1,0.9711778474558068,default_credit_card_clients,6.20730009765625,5,42,3.0,dp_uniform,0.453278236748052,0.20318573198199258,0.0
0.1,1.0437139631414822,default_credit_card_clients,6.20730009765625,6,42,3.0,dp_uniform,0.4587899105133918,0.20791751942676764,0.0
0.1,1.1081684246507992,default_credit_card_clients,6.20730009765625,7,42,3.0,dp_uniform,0.46674908986849567,0.21568037691827477,0.0
0.1,1.1713893470363153,default_credit_card_clients,6.20730009765625,8,42,3.0,dp_uniform,0.4783316657245432,0.22773570560273976,0.0
0.1,1.234610269421831,default_credit_card_clients,6.20730009765625,9,42,3.0,dp_uniform,0.49512060690883775,0.2430285945399622,0.0
0.1,1.2978311918073469,default_credit_card_clients,6.20730009765625,10,42,3.0,dp_uniform,0.510002126075255,0.2548249165943931,0.0
0.1,1.3610521141928629,default_credit_card_clients,6.20730009765625,11,42,3.0,dp_uniform,0.5202606910852958,0.26560399028514464,0.0
0.1,1.4212903898808622,default_credit_card_clients,6.20730009765625,12,42,3.0,dp_uniform,0.5289473710726805,0.2724630277604358,0.0
0.1,1.4785881218535377,default_credit_card_clients,6.20730009765625,13,42,3.0,dp_uniform,0.5448244174201134,0.2863975506278872,0.0
0.1,1.5358858538262137,default_credit_card_clients,6.20730009765625,14,42,3.0,dp_uniform,0.5552603233045054,0.29468356164620646,0.0
0.1,1.5931835857988892,default_credit_card_clients,6.20730009765625,15,42,3.0,dp_uniform,0.5689866077411307,0.31071171506088335,0.0
0.1,1.6445643878757474,default_credit_card_clients,6.20730009765625,16,42,3.0,dp_uniform,0.5798704000951191,0.323031736704353,0.0
0.1,1.6957618770296037,default_credit_card_clients,6.20730009765625,17,42,3.0,dp_uniform,0.5909924942490168,0.33572089608438577,0.0
0.1,1.7465038986290933,default_credit_card_clients,6.20730009765625,18,42,3.0,dp_uniform,0.6006580757104467,0.3478818978251363,0.0
0.1,1.7960621805363144,default_credit_card_clients,6.20730009765625,19,42,3.0,dp_uniform,0.6080968200564467,0.3602988661604059,0.0
0.1,1.8445097755238808,default_credit_card_clients,6.20730009765625,20,42,3.0,dp_uniform,0.6133908482032648,0.36828080905343624,0.0
0.1,1.8919245067589154,default_credit_card_clients,6.20730009765625,21,42,3.0,dp_uniform,0.6193806369963293,0.3767884144182584,0.0
0.1,1.938389514777474,default_credit_card_clients,6.20730009765625,22,42,3.0,dp_uniform,0.6254747143149353,0.3859879563731361,0.0
0.1,1.9839601031909653,default_credit_card_clients,6.20730009765625,23,42,3.0,dp_uniform,0.6289101899461831,0.3914156618812552,0.0
0.1,2.0286474213347616,default_credit_card_clients,6.20730009765625,24,42,3.0,dp_uniform,0.6319945104938438,0.3959550482736788,0.0
0.1,2.0726024225312965,default_credit_card_clients,6.20730009765625,25,42,3.0,dp_uniform,0.6362930114596463,0.4020150552788829,0.0
0.1,2.1157454524017556,default_credit_card_clients,6.20730009765625,26,42,3.0,dp_uniform,0.6390473369144098,0.4062463304341313,0.0
0.1,2.158215149295554,default_credit_card_clients,6.20730009765625,27,42,3.0,dp_uniform,0.6422646631178339,0.411350469694724,0.0
0.1,2.200049953418622,default_credit_card_clients,6.20730009765625,28,42,3.0,dp_uniform,0.6458749605769221,0.41385380755531764,0.0
0.1,2.241204563428677,default_credit_card_clients,6.20730009765625,29,42,3.0,dp_uniform,0.6495295932545979,0.42206217463979007,0.0
0.1,2.281753095257625,default_credit_card_clients,6.20730009765625,30,42,3.0,dp_uniform,0.6524008024674565,0.4261706177244389,0.0
0.1,2.3217403821812055,default_credit_card_clients,6.20730009765625,31,42,3.0,dp_uniform,0.6563688045310594,0.43022184369734484,0.0
0.1,2.3611871085867784,default_credit_card_clients,6.20730009765625,32,42,3.0,dp_uniform,0.6587508149115462,0.43240647721113357,0.0
0.1,2.4001148283163416,default_credit_card_clients,6.20730009765625,33,42,3.0,dp_uniform,0.6616109403197576,0.4343541940894311,0.0
0.1,2.4385460282680613,default_credit_card_clients,6.20730009765625,34,42,3.0,dp_uniform,0.6647985417743558,0.4403927834670023,0.0
0.1,2.476504196913632,default_credit_card_clients,6.20730009765625,35,42,3.0,dp_uniform,0.6661185221459456,0.44298640629262176,0.0
0.1,2.5140138986425384,default_credit_card_clients,6.20730009765625,36,42,3.0,dp_uniform,0.6690960351215541,0.4466089814626852,0.0
0.1,2.55110085426838,default_credit_card_clients,6.20730009765625,37,42,3.0,dp_uniform,0.6719022529344372,0.4507294560424493,0.0
0.1,2.5877484238656185,default_credit_card_clients,6.20730009765625,38,42,3.0,dp_uniform,0.674476214659037,0.45187214808314474,0.0
0.1,2.623941577386146,default_credit_card_clients,6.20730009765625,39,42,3.0,dp_uniform,0.6756112970167436,0.45343624480378736,0.0
0.1,2.659768608549608,default_credit_card_clients,6.20730009765625,40,42,3.0,dp_uniform,0.6767619974628163,0.45622530584394666,0.0
0.1,2.695259251990498,default_credit_card_clients,6.20730009765625,41,42,3.0,dp_uniform,0.6782190139645863,0.4567461085936846,0.0
0.1,2.730416815866224,default_credit_card_clients,6.20730009765625,42,42,3.0,dp_uniform,0.6808982718333318,0.4599023596695597,0.0
0.1,2.765108374970002,default_credit_card_clients,6.20730009765625,43,42,3.0,dp_uniform,0.6824500044839028,0.46307423947117465,0.0
0.1,2.7995291267095834,default_credit_card_clients,6.20730009765625,44,42,3.0,dp_uniform,0.682299869311867,0.46180542299528893,0.0
0.1,2.8337000418856193,default_credit_card_clients,6.20730009765625,45,42,3.0,dp_uniform,0.682922577609304,0.4636688189793957,0.0
0.1,2.8673934059156005,default_credit_card_clients,6.20730009765625,46,42,3.0,dp_uniform,0.6839372495438006,0.46590595156407777,0.0
0.1,2.90088876275669,default_credit_card_clients,6.20730009765625,47,42,3.0,dp_uniform,0.6848098472550956,0.4688900936402852,0.0
0.1,2.934078282304188,default_credit_card_clients,6.20730009765625,48,42,3.0,dp_uniform,0.6875838212726424,0.4715951510204613,0.0
0.1,2.9669269586460127,default_credit_card_clients,6.20730009765625,49,42,3.0,dp_uniform,0.6895517004067755,0.4720159678387178,0.0
0.1,2.999888657989431,default_credit_card_clients,6.20730009765625,50,42,3.0,dp_uniform,0.6904605723878243,0.4729856962159774,0.0
0.1,0.11394700822522269,default_credit_card_clients,31.543149596088295,1,42,3.0,scheduler,0.46890337844441826,0.2036103751317318,0.0
0.1,0.1361065222531086,default_credit_card_clients,22.304374979375744,2,42,3.0,scheduler,0.46411114436252504,0.20781343562162993,0.0
0.1,0.16934579329493749,default_credit_card_clients,18.211445910390214,3,42,3.0,scheduler,0.46206970907028033,0.20716164701937212,0.0
0.1,0.2136648213507093,default_credit_card_clients,15.771574798044147,4,42,3.0,scheduler,0.46451217656702326,0.20887925638939586,0.0
0.1,0.2657230445763909,default_credit_card_clients,14.106525344259694,5,42,3.0,scheduler,0.46154070930304025,0.2086506417375696,0.0
0.1,0.3186587821263203,default_credit_card_clients,12.877436898448938,6,42,3.0,scheduler,0.4634073227674447,0.21147745389597908,0.0
0.1,0.37218901684257044,default_credit_card_clients,11.922189914136732,7,42,3.0,scheduler,0.4671219087520744,0.2151324356018985,0.0
0.1,0.42631002522053363,default_credit_card_clients,11.152187489687872,8,42,3.0,scheduler,0.4752826118280317,0.22359958286348075,0.0
0.1,0.48090710186067964,default_credit_card_clients,10.514383198696098,9,42,3.0,scheduler,0.4891645733390163,0.23606334976851784,0.0
0.1,0.5359973220876351,default_credit_card_clients,9.974819729905928,10,42,3.0,scheduler,0.5016691202179681,0.24561998119952538,0.0
0.1,0.5916282265638603,default_credit_card_clients,9.510617446934123,11,42,3.0,scheduler,0.5095738881684416,0.2534749871397216,0.0
0.1,0.647635098278261,default_credit_card_clients,9.105722955195107,12,42,3.0,scheduler,0.5169244658865684,0.26046762282139846,0.0
0.1,0.7039243519756737,default_credit_card_clients,8.748495635255967,13,42,3.0,scheduler,0.5325596837689772,0.27508672475889395,0.0
0.1,0.7607797897150115,default_credit_card_clients,8.430261334879946,14,42,3.0,scheduler,0.5405319621659366,0.28122861591948184,0.0
0.1,0.8178202677506267,default_credit_card_clients,8.14440620483861,15,42,3.0,scheduler,0.5555888069694964,0.29263272654457606,0.0
0.1,0.8753441438244753,default_credit_card_clients,7.885787399022074,16,42,3.0,scheduler,0.5663169222491257,0.30602245739240497,0.0
0.1,0.933211450790763,default_credit_card_clients,7.650337502901829,17,42,3.0,scheduler,0.5791439070814428,0.3198240471631411,0.0
0.1,0.9913758990052851,default_credit_card_clients,7.434791659791912,18,42,3.0,scheduler,0.5899168613889619,0.3328743605404658,0.0
0.1,1.049914769153957,default_credit_card_clients,7.236494813175509,19,42,3.0,scheduler,0.5996484418689714,0.34781790723981054,0.0
0.1,1.1090709691214165,default_credit_card_clients,7.053262672129847,20,42,3.0,scheduler,0.6063224036943329,0.35729813484268674,0.0
0.1,1.1681630065291122,default_credit_card_clients,6.883279556256683,21,42,3.0,scheduler,0.6145949524353638,0.3698263424052713,0.0
0.1,1.2273502484387568,default_credit_card_clients,6.725022089998208,22,42,3.0,scheduler,0.6220513301069386,0.3805026626685624,0.0
0.1,1.2880251082770158,default_credit_card_clients,6.577201355543005,23,42,3.0,scheduler,0.6260112712217074,0.3865803004962418,0.0
0.1,1.3471477366236269,default_credit_card_clients,6.438718449224469,24,42,3.0,scheduler,0.6302755131549647,0.3940612773080056,0.0
0.1,1.4086691645221723,default_credit_card_clients,6.30862991921766,25,42,3.0,scheduler,0.635246095729813,0.40171856029453595,0.0
0.1,1.468112940247771,default_credit_card_clients,6.186120588870407,26,42,3.0,scheduler,0.6385823209285407,0.40653235057193937,0.0
0.1,1.5298430150397389,default_credit_card_clients,6.07048197013007,27,42,3.0,scheduler,0.6421392146016027,0.4123956927312439,0.0
0.1,1.5905521486203438,default_credit_card_clients,5.961094957068366,28,42,3.0,scheduler,0.646588354548743,0.41552604977603724,0.0
0.1,1.6517546159354572,default_credit_card_clients,5.8574158314149525,29,42,3.0,scheduler,0.6505437613797926,0.4225747567514889,0.0
0.1,1.7150675131579884,default_credit_card_clients,5.758964856179176,30,42,3.0,scheduler,0.6538154989878471,0.42683231016245976,0.0
0.1,1.7762235823693024,default_credit_card_clients,5.665316910081181,31,42,3.0,scheduler,0.6577371505956537,0.4318207858862585,0.0
0.1,1.8375667450115771,default_credit_card_clients,5.576093744843936,32,42,3.0,scheduler,0.660241586636559,0.4341719025460947,0.0
0.1,1.9000734154612187,default_credit_card_clients,5.490957543146968,33,42,3.0,scheduler,0.6633576471702542,0.4374064819025143,0.0
0.1,1.9628332662547132,default_credit_card_clients,5.409605526667642,34,42,3.0,scheduler,0.6666968952247947,0.4430847771827057,0.0
0.1,2.02582632073471,default_credit_card_clients,5.331765417734422,35,42,3.0,scheduler,0.6681387974475006,0.44545901726374687,0.0
0.1,2.0890911881641285,default_credit_card_clients,5.257191599348049,36,42,3.0,scheduler,0.6713289179486094,0.44743966775519195,0.0
0.1,2.1526214389611615,default_credit_card_clients,5.185661850018306,37,42,3.0,scheduler,0.6744676499009007,0.4511173855227812,0.0
0.1,2.216356267726092,default_credit_card_clients,5.116974554417682,38,42,3.0,scheduler,0.6773010734160991,0.45398951511045715,0.0
0.1,2.280348484230908,default_credit_card_clients,5.0509463100193,39,42,3.0,scheduler,0.6787913413318097,0.4566626117028169,0.0
0.1,2.3445939683597574,default_credit_card_clients,4.987409864952964,40,42,3.0,scheduler,0.6799228970244015,0.4594916175778391,0.0
0.1,2.4090962467163126,default_credit_card_clients,4.926212334236174,41,42,3.0,scheduler,0.6815703534423778,0.4588490447174055,0.0
0.1,2.4737770858650197,default_credit_card_clients,4.867213651031831,42,42,3.0,scheduler,0.6845125997668371,0.46117233350914716,0.0
0.1,2.53871533770467,default_credit_card_clients,4.810285217190942,43,42,3.0,scheduler,0.686252757096406,0.46480003802271225,0.0
0.1,2.6039507741228727,default_credit_card_clients,4.755308723467062,44,42,3.0,scheduler,0.686245703766176,0.4635300798965136,0.0
0.1,2.6693249947035333,default_credit_card_clients,4.702175114753232,45,42,3.0,scheduler,0.6865147379335154,0.465395559151629,0.0
0.1,2.735025654457894,default_credit_card_clients,4.650783679733813,46,42,3.0,scheduler,0.6876926440819032,0.4673364402560276,0.0
0.1,2.8008584963782286,default_credit_card_clients,4.601041247650236,47,42,3.0,scheduler,0.6887506436163834,0.46966633407597935,0.0
0.1,2.8670117543158278,default_credit_card_clients,4.5528614775975536,48,42,3.0,scheduler,0.6917130423129281,0.4712444363542855,0.0
0.1,2.9333507288022624,default_credit_card_clients,4.506164228012614,49,42,3.0,scheduler,0.6932254778379325,0.47189792011496495,0.0
0.1,2.9998822110524985,default_credit_card_clients,4.460874995875149,50,42,3.0,scheduler,0.6939378641911493,0.4709750896309336,0.0
0.1,0.7402123119516951,default_credit_card_clients,6.3930448486328135,1,42,3.0,ha_uniform,0.6475390427018688,0.4129602837935547,0.0075046904315197
0.1,0.8204978336854831,default_credit_card_clients,6.3930448486328135,2,42,3.0,ha_uniform,0.672452916501669,0.45121734429195215,0.043795620437956206
0.1,0.9007833554192711,default_credit_card_clients,6.3930448486328135,3,42,3.0,ha_uniform,0.6785797414249137,0.4598070480477898,0.2599388379204893
0.1,0.9668794339692869,default_credit_card_clients,6.3930448486328135,4,42,3.0,ha_uniform,0.6808549442333482,0.4631551169335984,0.3268698060941828
0.1,1.0314749752047512,default_credit_card_clients,6.3930448486328135,5,42,3.0,ha_uniform,0.6818968218701603,0.4642556344992509,0.3934010152284264
0.1,1.0960705164402154,default_credit_card_clients,6.3930448486328135,6,42,3.0,ha_uniform,0.6832540841301078,0.46533503886006256,0.4111245465538089
0.1,1.1606660576756798,default_credit_card_clients,6.3930448486328135,7,42,3.0,ha_uniform,0.6853328013107103,0.4664151997419926,0.4574712643678161
0.1,1.2252615989111442,default_credit_card_clients,6.3930448486328135,8,42,3.0,ha_uniform,0.6878599087702115,0.4681707612120312,0.4730473047304731
0.1,1.2898571401466083,default_credit_card_clients,6.3930448486328135,9,42,3.0,ha_uniform,0.6892050796069078,0.4690312621960821,0.47783783783783784
0.1,1.3533092082244047,default_credit_card_clients,6.3930448486328135,10,42,3.0,ha_uniform,0.6913271243874939,0.46804617255884523,0.4808510638297872
0.1,1.4120779322516261,default_credit_card_clients,6.3930448486328135,11,42,3.0,ha_uniform,0.6936003119587199,0.46940767463192,0.4836325237592397
0.1,1.470846656278848,default_credit_card_clients,6.3930448486328135,12,42,3.0,ha_uniform,0.6964201326227606,0.47007660061991735,0.4836325237592397
0.1,1.528929508112673,default_credit_card_clients,6.3930448486328135,13,42,3.0,ha_uniform,0.6989215458078532,0.47166564750934414,0.48523206751054854
0.1,1.5824073467206667,default_credit_card_clients,6.3930448486328135,14,42,3.0,ha_uniform,0.7008319906815431,0.47348291720563235,0.4878048780487805
0.1,1.6358851853286605,default_credit_card_clients,6.3930448486328135,15,42,3.0,ha_uniform,0.7029545392714313,0.4755678419548085,0.49141630901287553
0.1,1.6893630239366542,default_credit_card_clients,6.3930448486328135,16,42,3.0,ha_uniform,0.7041500787453938,0.4762834151675852,0.48869752421959095
0.1,1.739314623099308,default_credit_card_clients,6.3930448486328135,17,42,3.0,ha_uniform,0.7059758836563255,0.4780046144899315,0.49356223175965663
0.1,1.7871916855513819,default_credit_card_clients,6.3930448486328135,18,42,3.0,ha_uniform,0.7077372009765839,0.47889861165351466,0.4940923737916219
0.1,1.8349811805777532,default_credit_card_clients,6.3930448486328135,19,42,3.0,ha_uniform,0.7102310570221444,0.4812364704929433,0.49464668094218417
0.1,1.8818887010129193,default_credit_card_clients,6.3930448486328135,20,42,3.0,ha_uniform,0.7123571322771475,0.48230663168954596,0.48869752421959095
0.1,1.9277944218022287,default_credit_card_clients,6.3930448486328135,21,42,3.0,ha_uniform,0.7141280219741466,0.4834012093235291,0.4924731182795699
0.1,1.9727712125864783,default_credit_card_clients,6.3930448486328135,22,42,3.0,ha_uniform,0.714582961773973,0.484280304470593,0.49032258064516127
0.1,2.016894604141933,default_credit_card_clients,6.3930448486328135,23,42,3.0,ha_uniform,0.7155074518433877,0.4856904082891722,0.49036402569593146
0.1,2.0601379075708084,default_credit_card_clients,6.3930448486328135,24,42,3.0,ha_uniform,0.7164279114383856,0.48670957107866575,0.49194414607948445
0.1,2.102660534228719,default_credit_card_clients,6.3930448486328135,25,42,3.0,ha_uniform,0.7178128832099503,0.4873489959478852,0.49353448275862066
0.1,2.1444248889609847,default_credit_card_clients,6.3930448486328135,26,42,3.0,ha_uniform,0.7187096637677479,0.4876289360227426,0.49406688241639696
0.1,2.18556253878196,default_credit_card_clients,6.3930448486328135,27,42,3.0,ha_uniform,0.7196371766929757,0.4888528284712961,0.4972972972972973
0.1,2.2259714892512874,default_credit_card_clients,6.3930448486328135,28,42,3.0,ha_uniform,0.7205364762972839,0.48922043203287935,0.4972972972972973
0.1,2.265798560474178,default_credit_card_clients,6.3930448486328135,29,42,3.0,ha_uniform,0.7208045028460187,0.4894884284779195,0.49782608695652175
0.1,2.305060209743446,default_credit_card_clients,6.3930448486328135,30,42,3.0,ha_uniform,0.7204437753856913,0.4897053395003776,0.4989059080962801
0.1,2.34377352250024,default_credit_card_clients,6.3930448486328135,31,42,3.0,ha_uniform,0.7211813522040145,0.49028883752435043,0.495092693565976
0.1,2.3819562556079643,default_credit_card_clients,6.3930448486328135,32,42,3.0,ha_uniform,0.7217239548224123,0.49062569132480305,0.499457111834962
0.1,2.419608378032916,default_credit_card_clients,6.3930448486328135,33,42,3.0,ha_uniform,0.7213899292550978,0.4904868169159674,0.49836779107725787
0.1,2.4567841472339715,default_credit_card_clients,6.3930448486328135,34,42,3.0,ha_uniform,0.721250877887709,0.49053928064029184,0.49836779107725787
0.1,2.4935068704448753,default_credit_card_clients,6.3930448486328135,35,42,3.0,ha_uniform,0.722006088031607,0.4904195147783592,0.4989106753812636
0.1,2.529762740155419,default_credit_card_clients,6.3930448486328135,36,42,3.0,ha_uniform,0.7224373487942332,0.49121279316451794,0.49836779107725787
0.1,2.5655858987332585,default_credit_card_clients,6.3930448486328135,37,42,3.0,ha_uniform,0.7223683269198409,0.49087906345899746,0.49836779107725787
0.1,2.601001997925933,default_credit_card_clients,6.3930448486328135,38,42,3.0,ha_uniform,0.7226806886871637,0.4912586221747979,0.499457111834962
0.1,2.636035025228139,default_credit_card_clients,6.3930448486328135,39,42,3.0,ha_uniform,0.7221552155850384,0.49113613634948333,0.5
0.1,2.6707101342454242,default_credit_card_clients,6.3930448486328135,40,42,3.0,ha_uniform,0.7212614578830538,0.4907817163825859,0.4989106753812636
0.1,2.7050537317408794,default_credit_card_clients,6.3930448486328135,41,42,3.0,ha_uniform,0.7213904330643999,0.4905590091665941,0.4989106753812636
0.1,2.7389792089090585,default_credit_card_clients,6.3930448486328135,42,42,3.0,ha_uniform,0.7216498948549988,0.4904989403337683,0.500544069640914
0.1,2.7725564372684413,default_credit_card_clients,6.3930448486328135,43,42,3.0,ha_uniform,0.7210614455901068,0.49033405394625346,0.500544069640914
0.1,2.8058602507790074,default_credit_card_clients,6.3930448486328135,44,42,3.0,ha_uniform,0.7218529300037584,0.491582524200927,0.501628664495114
0.1,2.838861639817491,default_credit_card_clients,6.3930448486328135,45,42,3.0,ha_uniform,0.7223592583524026,0.4919251162714393,0.5032537960954447
0.1,2.8714624521902063,default_credit_card_clients,6.3930448486328135,46,42,3.0,ha_uniform,0.7216171472503599,0.49164260023124906,0.501628664495114
0.1,2.9038541785116716,default_credit_card_clients,6.3930448486328135,47,42,3.0,ha_uniform,0.7216755891294075,0.4916825235459503,0.501628664495114
0.1,2.9359359938211957,default_credit_card_clients,6.3930448486328135,48,42,3.0,ha_uniform,0.7232298408264891,0.4920569519200195,0.504875406283857
0.1,2.967694780213218,default_credit_card_clients,6.3930448486328135,49,42,3.0,ha_uniform,0.7231064075474665,0.49217797692649967,0.5032537960954447
0.1,2.9998347846064015,default_credit_card_clients,6.3930448486328135,50,42,3.0,ha_uniform,0.7237507796448951,0.4927564997377807,0.504875406283857
0.1,0.21329672877269965,default_credit_card_clients,32.478156881196945,1,42,3.0,full_ha_dp,0.5874955538829087,0.2962977973432866,0.0
0.1,0.23415568389553948,default_credit_card_clients,22.965524971134894,2,42,3.0,full_ha_dp,0.6301676979643082,0.37659122681003465,0.0
0.1,0.2654441165797992,default_credit_card_clients,18.75127261814196,3,42,3.0,full_ha_dp,0.6532361182903939,0.42157818764508054,0.00749063670411985
0.1,0.3071620268254789,default_credit_card_clients,16.239078440598472,4,42,3.0,full_ha_dp,0.6653411443927537,0.44151574936160837,0.022222222222222223
0.1,0.3571789003023462,default_credit_card_clients,14.524673314051785,5,42,3.0,full_ha_dp,0.6706593553860741,0.44948893171125015,0.06440071556350627
0.1,0.40840811378621256,default_credit_card_clients,13.259152024165804,6,42,3.0,full_ha_dp,0.67420063097077,0.45507587422936097,0.19093851132686085
0.1,0.4602264160720022,default_credit_card_clients,12.275589449912612,7,42,3.0,full_ha_dp,0.6775015895183482,0.4582434434751792,0.29239766081871343
0.1,0.5126101897544545,default_credit_card_clients,11.482762485567447,8,42,3.0,full_ha_dp,0.680544093893932,0.46126934908413975,0.33195020746887965
0.1,0.5654514684608999,default_credit_card_clients,10.826052293732317,9,42,3.0,full_ha_dp,0.6819965761119827,0.4632757109855181,0.383916990920882
0.1,0.618766202403035,default_credit_card_clients,10.270494994885306,10,42,3.0,full_ha_dp,0.6838304419717484,0.46430994050141,0.4123456790123457
0.1,0.6725533626231843,default_credit_card_clients,9.792532750657239,11,42,3.0,full_ha_dp,0.6851937499433214,0.4660984395732891,0.43601895734597157
0.1,0.726702293044662,default_credit_card_clients,9.37563630907098,12,42,3.0,full_ha_dp,0.6866084464637121,0.46748779385129346,0.44930875576036866
0.1,0.781381330954875,default_credit_card_clients,9.007819997516862,13,42,3.0,full_ha_dp,0.6883919313932645,0.46838277848284154,0.47216035634743875
0.1,0.8361372067854634,default_credit_card_clients,8.680152543095248,14,42,3.0,full_ha_dp,0.6900686087507646,0.46882314298301603,0.4762954796030871
0.1,0.8915668065394614,default_credit_card_clients,8.385824047759176,15,42,3.0,full_ha_dp,0.6919075127035516,0.4702708829969039,0.4762954796030871
0.1,0.9472685865091947,default_credit_card_clients,8.119539220299236,16,42,3.0,full_ha_dp,0.6935811672052388,0.47107748983500003,0.4826086956521739
0.1,1.0032056989100568,default_credit_card_clients,7.87711007920918,17,42,3.0,full_ha_dp,0.6956175644044622,0.47073471559266306,0.48320693391115926
0.1,1.059605102896302,default_credit_card_clients,7.655174990378297,18,42,3.0,full_ha_dp,0.6979512090919442,0.47107587498762976,0.4887459807073955
0.1,1.1162222668011532,default_credit_card_clients,7.451000195663033,19,42,3.0,full_ha_dp,0.7004823470258625,0.473399132173167,0.4925373134328358
0.1,1.172861114221153,default_credit_card_clients,7.262336657025893,20,42,3.0,full_ha_dp,0.7031485058527527,0.4751567719932567,0.4897959183673469
0.1,1.2300132786477604,default_credit_card_clients,7.087314873368376,21,42,3.0,full_ha_dp,0.7053169010891349,0.47653599251824413,0.4892703862660944
0.1,1.2881786528462973,default_credit_card_clients,6.924366312981088,22,42,3.0,full_ha_dp,0.7065199977026297,0.4774867906841842,0.4897959183673469
0.1,1.3452924585397874,default_credit_card_clients,6.772163851736532,23,42,3.0,full_ha_dp,0.7080727379718048,0.47892516527023155,0.4849137931034483
0.1,1.4037957731220907,default_credit_card_clients,6.629576012082902,24,42,3.0,full_ha_dp,0.7090259451714412,0.4800844616178406,0.4881720430107527
0.1,1.461737315129979,default_credit_card_clients,6.49563137623939,25,42,3.0,full_ha_dp,0.7108739176916667,0.48130773351251427,0.4864864864864865
0.1,1.5210141284721734,default_credit_card_clients,6.369490603951962,26,42,3.0,full_ha_dp,0.711966176258692,0.48183072878101296,0.48268398268398266
0.1,1.5791212177429417,default_credit_card_clients,6.250424206047318,27,42,3.0,full_ha_dp,0.713537053662744,0.48309689364605196,0.48596112311015116
0.1,1.6393804214311456,default_credit_card_clients,6.137794724956306,28,42,3.0,full_ha_dp,0.7148449426110823,0.4841723089167005,0.4854368932038835
0.1,1.6978743184406908,default_credit_card_clients,6.031042325421212,29,42,3.0,full_ha_dp,0.7156999069968029,0.48500812620085587,0.4908108108108108
0.1,1.7574713330773757,default_credit_card_clients,5.929673050007734,30,42,3.0,full_ha_dp,0.7160752449268922,0.4864418232372929,0.4924078091106291
0.1,1.8190549148686173,default_credit_card_clients,5.833249175920355,31,42,3.0,full_ha_dp,0.7173362796101322,0.48767114889866203,0.492972972972973
0.1,1.8781621687391867,default_credit_card_clients,5.741381242783723,32,42,3.0,full_ha_dp,0.7182088773214272,0.4880821597383938,0.49513513513513513
0.1,1.937709519197008,default_credit_card_clients,5.653721419640183,33,42,3.0,full_ha_dp,0.71893688176301,0.48838829799733047,0.4956521739130435
0.1,1.9983564618225236,default_credit_card_clients,5.569957953161713,34,42,3.0,full_ha_dp,0.7191459626233955,0.4893020439747105,0.49891540130151846
0.1,2.059220577050654,default_credit_card_clients,5.489810494776769,35,42,3.0,full_ha_dp,0.7199278746603065,0.48919838035912777,0.499457111834962
0.1,2.120341080812935,default_credit_card_clients,5.413026146866159,36,42,3.0,full_ha_dp,0.7206961838460599,0.4899334901295489,0.49891540130151846
0.1,2.181674760997187,default_credit_card_clients,5.3393761008133,37,42,3.0,full_ha_dp,0.7207188552646561,0.4903089474270882,0.49782608695652175
0.1,2.243262072753887,default_credit_card_clients,5.268652764975623,38,42,3.0,full_ha_dp,0.721364234980689,0.49069505819718284,0.49891540130151846
0.1,2.305083543576888,default_credit_card_clients,5.200667300378054,39,42,3.0,full_ha_dp,0.7210332322691874,0.4907261781853146,0.5
0.1,2.3671275612205402,default_credit_card_clients,5.135247497442653,40,42,3.0,full_ha_dp,0.7200820403067594,0.49013138469528883,0.499457111834962
0.1,2.429391359574725,default_credit_card_clients,5.0722359393448455,41,42,3.0,full_ha_dp,0.7207667171483587,0.4899357873997958,0.4989106753812636
0.1,2.4918821561721853,default_credit_card_clients,5.011488407363056,42,42,3.0,full_ha_dp,0.7211294598458949,0.48993872216366113,0.5032537960954447
0.1,2.554618469178685,default_credit_card_clients,4.952872491420582,43,42,3.0,full_ha_dp,0.7206065057902803,0.4896035488875943,0.5021739130434782
0.1,2.6175874483102666,default_credit_card_clients,4.8962663753286195,44,42,3.0,full_ha_dp,0.7216841538875438,0.4908225022988107,0.5032537960954447
0.1,2.6807180571774745,default_credit_card_clients,4.841557771350596,45,42,3.0,full_ha_dp,0.7226499563197334,0.49188808538457945,0.5021645021645021
0.1,2.744167490300431,default_credit_card_clients,4.788642982869311,46,42,3.0,full_ha_dp,0.7221149108408678,0.49126766871837846,0.5032537960954447
0.1,2.807713010649615,default_credit_card_clients,4.737426077343078,47,42,3.0,full_ha_dp,0.7221395974966724,0.49202373947840317,0.5032537960954447
0.1,2.8715778170175743,default_credit_card_clients,4.68781815453549,48,42,3.0,full_ha_dp,0.7238344119890492,0.49242916891312344,0.5032537960954447
0.1,2.935603229901087,default_credit_card_clients,4.63973669731385,49,42,3.0,full_ha_dp,0.7234454712078021,0.49257864844331833,0.5043290043290043
0.1,2.9999352081982456,default_credit_card_clients,4.593104994226978,50,42,3.0,full_ha_dp,0.7247039868445315,0.49311386256078615,0.5054229934924078
0.1,0.6395208354902016,default_credit_card_clients,5.246714001464844,1,123,3.0,dp_uniform,0.5952647971311082,0.3113906163992137,0.0
0.1,0.7191148807624961,default_credit_card_clients,5.246714001464844,2,123,3.0,dp_uniform,0.5445483299225444,0.23577843992899106,0.0
0.1,0.7987089260347905,default_credit_card_clients,5.246714001464844,3,123,3.0,dp_uniform,0.5153556037197248,0.2144540083573211,0.0
0.1,0.878302971307085,default_credit_card_clients,5.246714001464844,4,123,3.0,dp_uniform,0.4963630006478988,0.20562771069556193,0.0
0.1,0.953148847387405,default_credit_card_clients,5.246714001464844,5,123,3.0,dp_uniform,0.4829747722530049,0.2001298285698649,0.0
0.1,1.0220791630594002,default_credit_card_clients,5.246714001464844,6,123,3.0,dp_uniform,0.4744352045818433,0.19708999015814044,0.0
0.1,1.0910094787313953,default_credit_card_clients,5.246714001464844,7,123,3.0,dp_uniform,0.4647973326320307,0.19389376613612447,0.0
0.1,1.1599397944033905,default_credit_card_clients,5.246714001464844,8,123,3.0,dp_uniform,0.4649444449482537,0.19455970095327796,0.0
0.1,1.2288701100753856,default_credit_card_clients,5.246714001464844,9,123,3.0,dp_uniform,0.46589059881766026,0.19524994122408032,0.0
0.1,1.2938115287564678,default_credit_card_clients,5.246714001464844,10,123,3.0,dp_uniform,0.46793203410990497,0.19651640476451754,0.0
0.1,1.3566304848368957,default_credit_card_clients,5.246714001464844,11,123,3.0,dp_uniform,0.4710511174994131,0.1986090189676909,0.0
0.1,1.419240782257308,default_credit_card_clients,5.246714001464844,12,123,3.0,dp_uniform,0.4743122751121228,0.19979393395277198,0.0
0.1,1.4763677135946875,default_credit_card_clients,5.246714001464844,13,123,3.0,dp_uniform,0.47796338112468373,0.20166587681139314,0.0
0.1,1.533494644932067,default_credit_card_clients,5.246714001464844,14,123,3.0,dp_uniform,0.48460509915470873,0.20482940498258978,0.0
0.1,1.5906215762694464,default_credit_card_clients,5.246714001464844,15,123,3.0,dp_uniform,0.49150980564044744,0.2084402775367583,0.0
0.1,1.6430562396558064,default_credit_card_clients,5.246714001464844,16,123,3.0,dp_uniform,0.4970406241592682,0.21131813433761518,0.0
0.1,1.6941594695459163,default_credit_card_clients,5.246714001464844,17,123,3.0,dp_uniform,0.5034264070638095,0.21461309503424128,0.0
0.1,1.7449791165455317,default_credit_card_clients,5.246714001464844,18,123,3.0,dp_uniform,0.5084906981688547,0.21730080605966812,0.0
0.1,1.7946193420874674,default_credit_card_clients,5.246714001464844,19,123,3.0,dp_uniform,0.5160266777101665,0.2229091366444626,0.0
0.1,1.8431528836474715,default_credit_card_clients,5.246714001464844,20,123,3.0,dp_uniform,0.5230245889167999,0.22752834331653296,0.0
0.1,1.8906571588475791,default_credit_card_clients,5.246714001464844,21,123,3.0,dp_uniform,0.5274530726825528,0.23110396025850477,0.0
0.1,1.9372126185678167,default_credit_card_clients,5.246714001464844,22,123,3.0,dp_uniform,0.5334937462151326,0.23605822305512456,0.0
0.1,1.9828077611152013,default_credit_card_clients,5.246714001464844,23,123,3.0,dp_uniform,0.5433930951927525,0.24342847571818063,0.0
0.1,2.0275946925198536,default_credit_card_clients,5.246714001464844,24,123,3.0,dp_uniform,0.5503960444924072,0.2518667506375331,0.0
0.1,2.071579718219908,default_credit_card_clients,5.246714001464844,25,123,3.0,dp_uniform,0.5591804634844055,0.26154819220185377,0.0
0.1,2.1148275591112764,default_credit_card_clients,5.246714001464844,26,123,3.0,dp_uniform,0.5659073252864911,0.2679984685430495,0.0
0.1,2.157333675225101,default_credit_card_clients,5.246714001464844,27,123,3.0,dp_uniform,0.5701297510476714,0.2757422597202137,0.0
0.1,2.1992076133953624,default_credit_card_clients,5.246714001464844,28,123,3.0,dp_uniform,0.5777302181796564,0.2838481393949524,0.0
0.1,2.2404669236202905,default_credit_card_clients,5.246714001464844,29,123,3.0,dp_uniform,0.5854430347860171,0.29612692672857066,0.0
0.1,2.28106550951096,default_credit_card_clients,5.246714001464844,30,123,3.0,dp_uniform,0.5893334502170915,0.301776079177187,0.0
0.1,2.3210987434459835,default_credit_card_clients,5.246714001464844,31,123,3.0,dp_uniform,0.5920600661602375,0.3074390206356299,0.0
0.1,2.3605933287214778,default_credit_card_clients,5.246714001464844,32,123,3.0,dp_uniform,0.5936188521410384,0.30921418679436385,0.0
0.1,2.399570657656762,default_credit_card_clients,5.246714001464844,33,123,3.0,dp_uniform,0.5975999532464968,0.31333269558348464,0.0
0.1,2.4380530607393496,default_credit_card_clients,5.246714001464844,34,123,3.0,dp_uniform,0.5999426665014173,0.316168555925426,0.0
0.1,2.476063875009735,default_credit_card_clients,5.246714001464844,35,123,3.0,dp_uniform,0.6044175007229664,0.32040343007674826,0.0
0.1,2.5136275181239824,default_credit_card_clients,5.246714001464844,36,123,3.0,dp_uniform,0.6078005801867923,0.32714422960546935,0.0
0.1,2.5507637424418057,default_credit_card_clients,5.246714001464844,37,123,3.0,dp_uniform,0.6131117378498829,0.3348860624038933,0.0
0.1,2.5874081846016503,default_credit_card_clients,5.246714001464844,38,123,3.0,dp_uniform,0.61396116033328,0.33661501177313646,0.0
0.1,2.623659160840283,default_credit_card_clients,5.246714001464844,39,123,3.0,dp_uniform,0.6155531977280215,0.3404100304133774,0.0
0.1,2.659544831320858,default_credit_card_clients,5.246714001464844,40,123,3.0,dp_uniform,0.6152680416630141,0.34038856077441004,0.0
0.1,2.695094802425475,default_credit_card_clients,5.246714001464844,41,123,3.0,dp_uniform,0.6184682383501656,0.34589976498471753,0.0
0.1,2.7302483553362005,default_credit_card_clients,5.246714001464844,42,123,3.0,dp_uniform,0.6220261396418318,0.35054293326440683,0.0
0.1,2.7650013274817087,default_credit_card_clients,5.246714001464844,43,123,3.0,dp_uniform,0.6235194304133554,0.3542296362060756,0.0
0.1,2.799483874724109,default_credit_card_clients,5.246714001464844,44,123,3.0,dp_uniform,0.6265503471749901,0.35817330999895824,0.0
0.1,2.833653761445929,default_credit_card_clients,5.246714001464844,45,123,3.0,dp_uniform,0.6302231169875429,0.3655973392404259,0.0
0.1,2.8674105894131117,default_credit_card_clients,5.246714001464844,46,123,3.0,dp_uniform,0.6316892020567512,0.3667342566220194,0.0
0.1,2.900969506213294,default_credit_card_clients,5.246714001464844,47,123,3.0,dp_uniform,0.6352652404832941,0.37301338813543683,0.0
0.1,2.9341607437066775,default_credit_card_clients,5.246714001464844,48,123,3.0,dp_uniform,0.6362794086084889,0.3739093407598152,0.0
0.1,2.967073014118581,default_credit_card_clients,5.246714001464844,49,123,3.0,dp_uniform,0.639150114012045,0.3771907036817379,0.0
0.1,2.999888657989431,default_credit_card_clients,5.246714001464844,50,123,3.0,dp_uniform,0.642192618387629,0.3825657352084192,0.0
0.1,0.11394700822522269,default_credit_card_clients,26.701675437333847,1,123,3.0,scheduler,0.6189468571871923,0.3621388574947463,0.0
0.1,0.1361065222531086,default_credit_card_clients,18.880935770781036,2,123,3.0,scheduler,0.5769266423427536,0.27861283476239557,0.0
0.1,0.16934579329493749,default_credit_card_clients,15.416219501558711,3,123,3.0,scheduler,0.5480346902933078,0.23613882944102743,0.0
0.1,0.2136648213507093,default_credit_card_clients,13.350837718666924,4,123,3.0,scheduler,0.5286853902355712,0.2219089817012936,0.0
0.1,0.2657230445763909,default_credit_card_clients,11.94135227820298,5,123,3.0,scheduler,0.5151097447802837,0.214487761584951,0.0
0.1,0.3186587821263203,default_credit_card_clients,10.900913349812464,6,123,3.0,scheduler,0.503111022440674,0.20834610200177056,0.0
0.1,0.37218901684257044,default_credit_card_clients,10.092284685135313,7,123,3.0,scheduler,0.4899772177433575,0.20289993143854296,0.0
0.1,0.42631002522053363,default_credit_card_clients,9.440467885390518,8,123,3.0,scheduler,0.4849411399592317,0.2013331542495768,0.0
0.1,0.48090710186067964,default_credit_card_clients,8.900558479111282,9,123,3.0,scheduler,0.48034841436098336,0.19968872500970608,0.0
0.1,0.5359973220876351,default_credit_card_clients,8.443811172454756,10,123,3.0,scheduler,0.4773744280504898,0.19886498761841576,0.0
0.1,0.5916282265638603,default_credit_card_clients,8.050858063589573,11,123,3.0,scheduler,0.47710640150175476,0.19929166715861035,0.0
0.1,0.647635098278261,default_credit_card_clients,7.7081097507793555,12,123,3.0,scheduler,0.4768021006832662,0.19929767887411456,0.0
0.1,0.7039243519756737,default_credit_card_clients,7.405712302315733,13,123,3.0,scheduler,0.4779276106642323,0.2001078282339853,0.0
0.1,0.7607797897150115,default_credit_card_clients,7.13632293852432,14,123,3.0,scheduler,0.4820749688393946,0.20198719626162176,0.0
0.1,0.8178202677506267,default_credit_card_clients,6.894342952308643,15,123,3.0,scheduler,0.4877075568372464,0.20446353380959698,0.0
0.1,0.8753441438244753,default_credit_card_clients,6.675418859333462,16,123,3.0,scheduler,0.4928927621748037,0.2064824832520717,0.0
0.1,0.933211450790763,default_credit_card_clients,6.476107541711063,17,123,3.0,scheduler,0.4986225853679672,0.2095670656564922,0.0
0.1,0.9913758990052851,default_credit_card_clients,6.293645256927012,18,123,3.0,scheduler,0.5022772180456431,0.2115743349215211,0.0
0.1,1.049914769153957,default_credit_card_clients,6.125784466029496,19,123,3.0,scheduler,0.5098162204427678,0.21551732057079942,0.0
0.1,1.1090709691214165,default_credit_card_clients,5.97067613910149,20,123,3.0,scheduler,0.5167486364401238,0.21999284750909814,0.0
0.1,1.1681630065291122,default_credit_card_clients,5.8267832797012105,21,123,3.0,scheduler,0.5213141563360568,0.22370963135727767,0.0
0.1,1.2273502484387568,default_credit_card_clients,5.692816331134583,22,123,3.0,scheduler,0.5281518561846118,0.22837021703256605,0.0
0.1,1.2880251082770158,default_credit_card_clients,5.567684208157852,23,123,3.0,scheduler,0.5404070174590075,0.2374164865623007,0.0
0.1,1.3471477366236269,default_credit_card_clients,5.450456674906232,24,123,3.0,scheduler,0.5490095612929358,0.24476838550785623,0.0
0.1,1.4086691645221723,default_credit_card_clients,5.3403350874667685,25,123,3.0,scheduler,0.5603105077490909,0.25432143550678343,0.0
0.1,1.468112940247771,default_credit_card_clients,5.2366293884840935,26,123,3.0,scheduler,0.568629406945918,0.2630852740054082,0.0
0.1,1.5298430150397389,default_credit_card_clients,5.138739833852904,27,123,3.0,scheduler,0.5742861777902722,0.2730550190319643,0.0
0.1,1.5905521486203438,default_credit_card_clients,5.046142342567657,28,123,3.0,scheduler,0.582505322745277,0.2829058812966848,0.0
0.1,1.6517546159354572,default_credit_card_clients,4.958376650229587,29,123,3.0,scheduler,0.5927870629832162,0.2999781415470671,0.0
0.1,1.7150675131579884,default_credit_card_clients,4.875036653403123,30,123,3.0,scheduler,0.5977687293627115,0.30810422702272,0.0
0.1,1.7762235823693024,default_credit_card_clients,4.795762481543261,31,123,3.0,scheduler,0.6015911305379978,0.31750281093345023,0.0
0.1,1.8375667450115771,default_credit_card_clients,4.720233942695259,32,123,3.0,scheduler,0.6035615287186417,0.31920216519411937,0.0
0.1,1.9000734154612187,default_credit_card_clients,4.64816507022091,33,123,3.0,scheduler,0.6083557780377433,0.326396658767546,0.0
0.1,1.9628332662547132,default_credit_card_clients,4.579299558437235,34,123,3.0,scheduler,0.6117045984690243,0.33096124365128177,0.0
0.1,2.02582632073471,default_credit_card_clients,4.513406920848524,35,123,3.0,scheduler,0.6175548320853976,0.3380032097142323,0.0
0.1,2.0890911881641285,default_credit_card_clients,4.450279239555641,36,123,3.0,scheduler,0.6222196024138511,0.34643115505248145,0.0
0.1,2.1526214389611615,default_credit_card_clients,4.3897284012540165,37,123,3.0,scheduler,0.6292356507553613,0.35686803164480985,0.0
0.1,2.216356267726092,default_credit_card_clients,4.331583736016672,38,123,3.0,scheduler,0.6305969434897258,0.3587427328510385,0.0
0.1,2.280348484230908,default_credit_card_clients,4.275689991282912,39,123,3.0,scheduler,0.6330484795539071,0.3641571222148763,0.0
0.1,2.3445939683597574,default_credit_card_clients,4.221905586227378,40,123,3.0,scheduler,0.6330152281399664,0.3660962574237884,0.0
0.1,2.4090962467163126,default_credit_card_clients,4.170101101777017,41,123,3.0,scheduler,0.6371560367942011,0.3738312210774309,0.0
0.1,2.4737770858650197,default_credit_card_clients,4.120157969581117,42,123,3.0,scheduler,0.642000667043516,0.38155662880177343,0.0
0.1,2.53871533770467,default_credit_card_clients,4.071967329678638,43,123,3.0,scheduler,0.6442577327170738,0.3866965812035654,0.0
0.1,2.6039507741228727,default_credit_card_clients,4.025429031794786,44,123,3.0,scheduler,0.6469818296137093,0.3915521656088311,0.0
0.1,2.6693249947035333,default_credit_card_clients,3.980450759400994,45,123,3.0,scheduler,0.6516108294817112,0.39890819181355885,0.0
0.1,2.735025654457894,default_credit_card_clients,3.93694725909367,46,123,3.0,scheduler,0.6534144667833489,0.40152369335000787,0.0
0.1,2.8008584963782286,default_credit_card_clients,3.894839660646241,47,123,3.0,scheduler,0.657386499321369,0.40894188872229054,0.0
0.1,2.8670117543158278,default_credit_card_clients,3.8540548753896777,48,123,3.0,scheduler,0.6588505691533687,0.4100885343489883,0.0
0.1,2.9333507288022624,default_credit_card_clients,3.814525062476264,49,123,3.0,scheduler,0.6624069590171285,0.41551537542606054,0.0
0.1,2.9998822110524985,default_credit_card_clients,3.7761871541562066,50,123,3.0,scheduler,0.6656832309089022,0.4210859492426507,0.0
0.1,0.7050169698127076,default_credit_card_clients,5.402578454589843,1,123,3.0,ha_uniform,0.6082570314145253,0.33787120107533525,0.0
0.1,0.7918833445809564,default_credit_card_clients,5.402578454589843,2,123,3.0,ha_uniform,0.5593693919727056,0.25042511612012786,0.0
0.1,0.8698334871795956,default_credit_card_clients,5.402578454589843,3,123,3.0,ha_uniform,0.5291509100307424,0.22236300487192773,0.0
0.1,0.9398023861668252,default_credit_card_clients,5.402578454589843,4,123,3.0,ha_uniform,0.5094791720196404,0.21163538201740925,0.0
0.1,1.0097712851540548,default_credit_card_clients,5.402578454589843,5,123,3.0,ha_uniform,0.4951306830948804,0.20523724595123619,0.0
0.1,1.0797401841412844,default_credit_card_clients,5.402578454589843,6,123,3.0,ha_uniform,0.4846262591453983,0.20083845320490804,0.0
0.1,1.1497090831285142,default_credit_card_clients,5.402578454589843,7,123,3.0,ha_uniform,0.4741057132982481,0.1972011391729197,0.0
0.1,1.2196779821157435,default_credit_card_clients,5.402578454589843,8,123,3.0,ha_uniform,0.471201756480751,0.1963452714570078,0.0
0.1,1.2843135283622111,default_credit_card_clients,5.402578454589843,9,123,3.0,ha_uniform,0.4691925649838428,0.19610412823751705,0.0
0.1,1.3482931127327424,default_credit_card_clients,5.402578454589843,10,123,3.0,ha_uniform,0.46896685841648705,0.19621698956144046,0.0
0.1,1.4099289617615285,default_credit_card_clients,5.402578454589843,11,123,3.0,ha_uniform,0.46983341041615656,0.19716457310608998,0.0
0.1,1.468502324835105,default_credit_card_clients,5.402578454589843,12,123,3.0,ha_uniform,0.47128337358769656,0.1977881182717301,0.0
0.1,1.5270756879086813,default_credit_card_clients,5.402578454589843,13,123,3.0,ha_uniform,0.47312479658699425,0.19881969039113226,0.0
0.1,1.5808101374716883,default_credit_card_clients,5.402578454589843,14,123,3.0,ha_uniform,0.4776379203155055,0.20072250608825976,0.0
0.1,1.6341738897047553,default_credit_card_clients,5.402578454589843,15,123,3.0,ha_uniform,0.48293648274604284,0.20350016784310557,0.0
0.1,1.6875376419378219,default_credit_card_clients,5.402578454589843,16,123,3.0,ha_uniform,0.4871891370653511,0.20550361826958768,0.0
0.1,1.7381781015054125,default_credit_card_clients,5.402578454589843,17,123,3.0,ha_uniform,0.4922428481750516,0.20826006999852556,0.0
0.1,1.785988309746081,default_credit_card_clients,5.402578454589843,18,123,3.0,ha_uniform,0.49651565486644517,0.2107565103280179,0.0
0.1,1.8337751593320633,default_credit_card_clients,5.402578454589843,19,123,3.0,ha_uniform,0.5026817769152562,0.21408026329393498,0.0
0.1,1.8807476247123032,default_credit_card_clients,5.402578454589843,20,123,3.0,ha_uniform,0.5084826372200205,0.2172515558688209,0.0
0.1,1.9267223719104138,default_credit_card_clients,5.402578454589843,21,123,3.0,ha_uniform,0.5123428240929669,0.21966275269671157,0.0
0.1,1.97177176162679,default_credit_card_clients,5.402578454589843,22,123,3.0,ha_uniform,0.5177829569374037,0.22315629675998713,0.0
0.1,2.0159112589318537,default_credit_card_clients,5.402578454589843,23,123,3.0,ha_uniform,0.5263013646178757,0.22908389148252806,0.0
0.1,2.0592341382061954,default_credit_card_clients,5.402578454589843,24,123,3.0,ha_uniform,0.53287909886653,0.23460974342933888,0.0
0.1,2.1018312394856826,default_credit_card_clients,5.402578454589843,25,123,3.0,ha_uniform,0.5408644763053447,0.24112188878824997,0.0
0.1,2.143629153993867,default_credit_card_clients,5.402578454589843,26,123,3.0,ha_uniform,0.5471651154378254,0.2460470860501967,0.0
0.1,2.184795780243486,default_credit_card_clients,5.402578454589843,27,123,3.0,ha_uniform,0.5514485021245639,0.25204323807496376,0.0
0.1,2.225293627026985,default_credit_card_clients,5.402578454589843,28,123,3.0,ha_uniform,0.5584363371451545,0.2593340302071013,0.0
0.1,2.2651543658194124,default_credit_card_clients,5.402578454589843,29,123,3.0,ha_uniform,0.5660609871236418,0.26838160379788745,0.0
0.1,2.304451723543963,default_credit_card_clients,5.402578454589843,30,123,3.0,ha_uniform,0.5703897166475722,0.2738838337397122,0.0
0.1,2.3432026434833633,default_credit_card_clients,5.402578454589843,31,123,3.0,ha_uniform,0.5736382790277287,0.27986895955490343,0.0
0.1,2.3814247446168904,default_credit_card_clients,5.402578454589843,32,123,3.0,ha_uniform,0.5757457133385527,0.280696573816853,0.0
0.1,2.4191363679922935,default_credit_card_clients,5.402578454589843,33,123,3.0,ha_uniform,0.5801394342624584,0.28692765574366946,0.0
0.1,2.4563566267171026,default_credit_card_clients,5.402578454589843,34,123,3.0,ha_uniform,0.5828851949590856,0.28927468062240547,0.0
0.1,2.4931054598695503,default_credit_card_clients,5.402578454589843,35,123,3.0,ha_uniform,0.5874587758038529,0.29474931242964064,0.0
0.1,2.529403690714584,default_credit_card_clients,5.402578454589843,36,123,3.0,ha_uniform,0.5910343104210938,0.30037736868945214,0.0
0.1,2.565273089651727,default_credit_card_clients,5.402578454589843,37,123,3.0,ha_uniform,0.5965293584794632,0.3072520836007884,0.0
0.1,2.6007364423379324,default_credit_card_clients,5.402578454589843,38,123,3.0,ha_uniform,0.597800469348746,0.30970928495357747,0.0
0.1,2.635817623516546,default_credit_card_clients,5.402578454589843,39,123,3.0,ha_uniform,0.5999698722037324,0.31408700727575195,0.0
0.1,2.670541677043728,default_credit_card_clients,5.402578454589843,40,123,3.0,ha_uniform,0.60025502826874,0.3153855280927107,0.0
0.1,2.7049266994905574,default_credit_card_clients,5.402578454589843,41,123,3.0,ha_uniform,0.6037952962348315,0.32192581068522397,0.0
0.1,2.7388574818330187,default_credit_card_clients,5.402578454589843,42,123,3.0,ha_uniform,0.6076695897682376,0.32636476263179226,0.0
0.1,2.7724861829155136,default_credit_card_clients,5.402578454589843,43,123,3.0,ha_uniform,0.6095810422605319,0.33118254847697626,0.0
0.1,2.8058419001166985,default_credit_card_clients,5.402578454589843,44,123,3.0,ha_uniform,0.6126230428268136,0.3351433126641983,0.0
0.1,2.8388428720946752,default_credit_card_clients,5.402578454589843,45,123,3.0,ha_uniform,0.6165577934764757,0.34311772088826686,0.0
0.1,2.8714970915938043,default_credit_card_clients,5.402578454589843,46,123,3.0,ha_uniform,0.6183624383967177,0.34396029759833835,0.0
0.1,2.9039424175817183,default_credit_card_clients,5.402578454589843,47,123,3.0,ha_uniform,0.6220629177208876,0.35041358799595157,0.0
0.1,2.9360914795106354,default_credit_card_clients,5.402578454589843,48,123,3.0,ha_uniform,0.623155176287913,0.3512760947133333,0.0
0.1,2.9681765341053565,default_credit_card_clients,5.402578454589843,49,123,3.0,ha_uniform,0.6264485776959592,0.35586394734761456,0.0
0.1,2.9998401895114832,default_credit_card_clients,5.402578454589843,50,123,3.0,ha_uniform,0.6295999048808039,0.36192534260838477,0.0
0.1,0.21329672877269965,default_credit_card_clients,27.485547859714462,1,123,3.0,full_ha_dp,0.6253815095940406,0.37371707313982316,0.0
0.1,0.23415568389553948,default_credit_card_clients,19.43521727623149,2,123,3.0,full_ha_dp,0.5888729685149415,0.3048048134952419,0.0
0.1,0.2654441165797992,default_credit_card_clients,15.868788455630488,3,123,3.0,full_ha_dp,0.5595457252284524,0.2488895545269867,0.0
0.1,0.3071620268254789,default_credit_card_clients,13.742773929857231,4,123,3.0,full_ha_dp,0.5389600771432803,0.22853880053925157,0.0
0.1,0.3571789003023462,default_credit_card_clients,12.291910682629076,5,123,3.0,full_ha_dp,0.5248987595207363,0.21985897694134293,0.0
0.1,0.40840811378621256,default_credit_card_clients,11.220927926191116,6,123,3.0,full_ha_dp,0.5125634925673014,0.21272814605233498,0.0
0.1,0.4602264160720022,default_credit_card_clients,10.38856061216687,7,123,3.0,full_ha_dp,0.498708736758632,0.20645025025652552,0.0
0.1,0.5126101897544545,default_credit_card_clients,9.717608638115745,8,123,3.0,full_ha_dp,0.4932645734397782,0.2045214727737722,0.0
0.1,0.5654514684608999,default_credit_card_clients,9.161849286571487,9,123,3.0,full_ha_dp,0.4870324523723877,0.2020793301923573,0.0
0.1,0.618766202403035,default_credit_card_clients,8.691693397426386,10,123,3.0,full_ha_dp,0.48246642866715234,0.2004752639535733,0.0
0.1,0.6725533626231843,default_credit_card_clients,8.287204491638981,11,123,3.0,full_ha_dp,0.4802698201098506,0.20027634441450676,0.0
0.1,0.726702293044662,default_credit_card_clients,7.934394227815244,12,123,3.0,full_ha_dp,0.47822183529667817,0.19948762447504698,0.0
0.1,0.781381330954875,default_credit_card_clients,7.623119395570768,13,123,3.0,full_ha_dp,0.47771349171082556,0.19972741368787755,0.0
0.1,0.8361372067854634,default_credit_card_clients,7.345821655630665,14,123,3.0,full_ha_dp,0.4796375394356731,0.2005987626152635,0.0
0.1,0.8915668065394614,default_credit_card_clients,7.096737941470735,15,123,3.0,full_ha_dp,0.4833133321040386,0.20218533080934947,0.0
0.1,0.9472685865091947,default_credit_card_clients,6.8713869649286154,16,123,3.0,full_ha_dp,0.48721684657696845,0.20370584743179018,0.0
0.1,1.0032056989100568,default_credit_card_clients,6.666224529621891,17,123,3.0,full_ha_dp,0.49151232468695805,0.20583037843155072,0.0
0.1,1.059605102896302,default_credit_card_clients,6.478405758743831,18,123,3.0,full_ha_dp,0.4943447405835522,0.2074394518134369,0.0
0.1,1.1162222668011532,default_credit_card_clients,6.305617133070841,19,123,3.0,full_ha_dp,0.5003128655766249,0.21013314849221273,0.0
0.1,1.172861114221153,default_credit_card_clients,6.145955341314538,20,123,3.0,full_ha_dp,0.5057807079326789,0.2132616390325126,0.0
0.1,1.2300132786477604,default_credit_card_clients,5.997838265927284,21,123,3.0,full_ha_dp,0.5097628166567416,0.21679584047588396,0.0
0.1,1.2881786528462973,default_credit_card_clients,5.8599384931175384,22,123,3.0,full_ha_dp,0.5159480834590336,0.219744285716013,0.0
0.1,1.3452924585397874,default_credit_card_clients,5.731132907006047,23,123,3.0,full_ha_dp,0.5263341122225145,0.22673771242685062,0.0
0.1,1.4037957731220907,default_credit_card_clients,5.610463963095558,24,123,3.0,full_ha_dp,0.5339638002940231,0.2320629295098215,0.0
0.1,1.461737315129979,default_credit_card_clients,5.497109571942892,25,123,3.0,full_ha_dp,0.543965422559976,0.23945084764993255,0.0
0.1,1.5210141284721734,default_credit_card_clients,5.390359418402786,26,123,3.0,full_ha_dp,0.5515553096966161,0.24583958444719445,0.0
0.1,1.5791212177429417,default_credit_card_clients,5.289596151876828,27,123,3.0,full_ha_dp,0.5570891510712497,0.2518733907306804,0.0
0.1,1.6393804214311456,default_credit_card_clients,5.194280306083435,28,123,3.0,full_ha_dp,0.5648100286264446,0.2590523168346126,0.0
0.1,1.6978743184406908,default_credit_card_clients,5.103938104791221,29,123,3.0,full_ha_dp,0.5746453938226934,0.27126242258554545,0.0
0.1,1.7574713330773757,default_credit_card_clients,5.018151522717817,30,123,3.0,full_ha_dp,0.5800487485880744,0.27972501210171685,0.0
0.1,1.8190549148686173,default_credit_card_clients,4.936550124715392,31,123,3.0,full_ha_dp,0.5844061952422265,0.2887869685114396,0.0
0.1,1.8781621687391867,default_credit_card_clients,4.858804319057873,32,123,3.0,full_ha_dp,0.5869317912738213,0.2910553890434965,0.0
0.1,1.937709519197008,default_credit_card_clients,4.784619744077242,33,123,3.0,full_ha_dp,0.5922837574903848,0.29905423920741725,0.0
0.1,1.9983564618225236,default_credit_card_clients,4.713732569807741,34,123,3.0,full_ha_dp,0.5958739025773876,0.30412562524467657,0.0
0.1,2.059220577050654,default_credit_card_clients,4.64590554343639,35,123,3.0,full_ha_dp,0.6018279209100005,0.3115686590047688,0.0
0.1,2.120341080812935,default_credit_card_clients,4.580924643285743,36,123,3.0,full_ha_dp,0.6065974835732977,0.31992977197305905,0.0
0.1,2.181674760997187,default_credit_card_clients,4.518596233669988,37,123,3.0,full_ha_dp,0.6138412537193721,0.3300034946635964,0.0
0.1,2.243262072753887,default_credit_card_clients,4.458744634360468,38,123,3.0,full_ha_dp,0.615845407123259,0.3331712663080815,0.0
0.1,2.305083543576888,default_credit_card_clients,4.401210035097441,39,123,3.0,full_ha_dp,0.6186445716059124,0.33867308100923166,0.0
0.1,2.3671275612205402,default_credit_card_clients,4.345846698713193,40,123,3.0,full_ha_dp,0.6195262378846458,0.34242397028511573,0.0
0.1,2.429391359574725,default_credit_card_clients,4.292521406820933,41,123,3.0,full_ha_dp,0.6240796663573278,0.35142250606693604,0.0
0.1,2.4918821561721853,default_credit_card_clients,4.241112110297347,42,123,3.0,full_ha_dp,0.6292401850390805,0.35922203548442705,0.0
0.1,2.554618469178685,default_credit_card_clients,4.191506753414838,43,123,3.0,full_ha_dp,0.6317043163358151,0.365598052621584,0.0
0.1,2.6175874483102666,default_credit_card_clients,4.1436022458194905,44,123,3.0,full_ha_dp,0.6352178824088935,0.37123473354079717,0.0
0.1,2.6807180571774745,default_credit_card_clients,4.09730356087636,45,123,3.0,full_ha_dp,0.6401531983325927,0.38013222068884556,0.0
0.1,2.744167490300431,default_credit_card_clients,4.052522942425347,46,123,3.0,full_ha_dp,0.6423457764154774,0.3832455942886026,0.0
0.1,2.807713010649615,default_credit_card_clients,4.009179204872224,47,123,3.0,full_ha_dp,0.6469586543858111,0.390934979498858,0.0
0.1,2.8715778170175743,default_credit_card_clients,3.967197113907622,48,123,3.0,full_ha_dp,0.6488308097525389,0.39409050728167305,0.0
0.1,2.935603229901087,default_credit_card_clients,3.926506837102066,49,123,3.0,full_ha_dp,0.6526552261650338,0.4002425927701078,0.0
0.1,2.999834784606401,default_credit_card_clients,3.8870434552462982,50,123,3.0,full_ha_dp,0.656084656084656,0.40604310655175047,0.0
0.1,0.57056698509684,default_credit_card_clients,5.333086401367188,1,2026,3.0,dp_uniform,0.5141938194690052,0.22535005102217037,0.0
0.1,0.6592765844529891,default_credit_card_clients,5.333086401367188,2,2026,3.0,dp_uniform,0.5344953191077739,0.23133013573541128,0.0
0.1,0.7479861838091382,default_credit_card_clients,5.333086401367188,3,2026,3.0,dp_uniform,0.5323495952899877,0.23084657204709952,0.0
0.1,0.8366957831652873,default_credit_card_clients,5.333086401367188,4,2026,3.0,dp_uniform,0.5224190101356355,0.22679050621728436,0.0
0.1,0.9196897699656265,default_credit_card_clients,5.333086401367188,5,2026,3.0,dp_uniform,0.5147208039990367,0.22350957284416378,0.0
0.1,0.9999976049498599,default_credit_card_clients,5.333086401367188,6,2026,3.0,dp_uniform,0.5106208038982749,0.2229442398371023,0.0
0.1,1.078278193584967,default_credit_card_clients,5.333086401367188,7,2026,3.0,dp_uniform,0.507831211792362,0.2229982487717182,0.0
0.1,1.1523283940659756,default_credit_card_clients,5.333086401367188,8,2026,3.0,dp_uniform,0.5101190098333499,0.22733061722476125,0.0
0.1,1.221610768196626,default_credit_card_clients,5.333086401367188,9,2026,3.0,dp_uniform,0.5100414232008215,0.2302762970284717,0.0
0.1,1.2896291798675525,default_credit_card_clients,5.333086401367188,10,2026,3.0,dp_uniform,0.5138965719807465,0.23495713190235845,0.0
0.1,1.352029901059089,default_credit_card_clients,5.333086401367188,11,2026,3.0,dp_uniform,0.5181290739279694,0.2381292400188945,0.0
0.1,1.4144306222506255,default_credit_card_clients,5.333086401367188,12,2026,3.0,dp_uniform,0.5259900104691574,0.24486643478939538,0.0
0.1,1.472789556272053,default_credit_card_clients,5.333086401367188,13,2026,3.0,dp_uniform,0.531180757709038,0.24989956929544047,0.0
0.1,1.5296412447384604,default_credit_card_clients,5.333086401367188,14,2026,3.0,dp_uniform,0.5358571156514405,0.25352968914791785,0.0
0.1,1.5864929332048683,default_credit_card_clients,5.333086401367188,15,2026,3.0,dp_uniform,0.5412634932726343,0.25770990273545263,0.0
0.1,1.6402702852536697,default_credit_card_clients,5.333086401367188,16,2026,3.0,dp_uniform,0.5472628544424393,0.26373944232139823,0.0
0.1,1.6911993929936462,default_credit_card_clients,5.333086401367188,17,2026,3.0,dp_uniform,0.5547942997000319,0.2724623023578853,0.0
0.1,1.742005564966434,default_credit_card_clients,5.333086401367188,18,2026,3.0,dp_uniform,0.563191793147992,0.2812283695385841,0.0
0.1,1.7917990323951902,default_credit_card_clients,5.333086401367188,19,2026,3.0,dp_uniform,0.5724931204839794,0.29292679622655887,0.0
0.1,1.840464146560687,default_credit_card_clients,5.333086401367188,20,2026,3.0,dp_uniform,0.5819929486850074,0.3050477201594126,0.0
0.1,1.8880744853204834,default_credit_card_clients,5.333086401367188,21,2026,3.0,dp_uniform,0.5864310048275008,0.311015942360339,0.0
0.1,1.934708663814655,default_credit_card_clients,5.333086401367188,22,2026,3.0,dp_uniform,0.5955368541542604,0.3237117773502751,0.0
0.1,1.9804509562629358,default_credit_card_clients,5.333086401367188,23,2026,3.0,dp_uniform,0.6034396068675254,0.3367210378636416,0.0
0.1,2.0253488428286,default_credit_card_clients,5.333086401367188,24,2026,3.0,dp_uniform,0.6093291376094652,0.3445671364895569,0.0
0.1,2.069413017399015,default_credit_card_clients,5.333086401367188,25,2026,3.0,dp_uniform,0.6164933058858025,0.35728965719702505,0.0
0.1,2.1127605185472182,default_credit_card_clients,5.333086401367188,26,2026,3.0,dp_uniform,0.6228876535484801,0.3684971481867162,0.0
0.1,2.15538351365372,default_credit_card_clients,5.333086401367188,27,2026,3.0,dp_uniform,0.6286849871881295,0.3774923899328359,0.0
0.1,2.1973120084545554,default_credit_card_clients,5.333086401367188,28,2026,3.0,dp_uniform,0.6305505930339296,0.3798077645826443,0.0
0.1,2.2386309603855623,default_credit_card_clients,5.333086401367188,29,2026,3.0,dp_uniform,0.6365066266037509,0.3901188048554634,0.0
0.1,2.2793582703555515,default_credit_card_clients,5.333086401367188,30,2026,3.0,dp_uniform,0.6385349628541401,0.3922253682070509,0.0
0.1,2.3195125603799522,default_credit_card_clients,5.333086401367188,31,2026,3.0,dp_uniform,0.6425342010944752,0.3982527172068046,0.0
0.1,2.359087677060476,default_credit_card_clients,5.333086401367188,32,2026,3.0,dp_uniform,0.6450169733353888,0.4028764057772257,0.0
0.1,2.398141777464788,default_credit_card_clients,5.333086401367188,33,2026,3.0,dp_uniform,0.6489376173245912,0.4092772957897429,0.0
0.1,2.4367043970970848,default_credit_card_clients,5.333086401367188,34,2026,3.0,dp_uniform,0.6527217289929155,0.4144540886948359,0.0
0.1,2.4747986047028667,default_credit_card_clients,5.333086401367188,35,2026,3.0,dp_uniform,0.6560770989451241,0.4216566728405031,0.0
0.1,2.5123975964081313,default_credit_card_clients,5.333086401367188,36,2026,3.0,dp_uniform,0.6599085686878489,0.42568804203638727,0.0
0.1,2.5495520321992213,default_credit_card_clients,5.333086401367188,37,2026,3.0,dp_uniform,0.662850311203006,0.4291007892480182,0.0
0.1,2.586288734473797,default_credit_card_clients,5.333086401367188,38,2026,3.0,dp_uniform,0.6651758949416539,0.43105864125419197,0.0
0.1,2.6226342750733593,default_credit_card_clients,5.333086401367188,39,2026,3.0,dp_uniform,0.666883304666584,0.4328678622262516,0.0
0.1,2.658616575248176,default_credit_card_clients,5.333086401367188,40,2026,3.0,dp_uniform,0.667332702564087,0.43387201337423326,0.0
0.1,2.6942406584511343,default_credit_card_clients,5.333086401367188,41,2026,3.0,dp_uniform,0.6688899771169815,0.4375284065715143,0.0
0.1,2.7293983226406513,default_credit_card_clients,5.333086401367188,42,2026,3.0,dp_uniform,0.6695932949027598,0.43820319711415306,0.0
0.1,2.764254227186722,default_credit_card_clients,5.333086401367188,43,2026,3.0,dp_uniform,0.6711777751579695,0.43882714539186674,0.0
0.1,2.798840990405574,default_credit_card_clients,5.333086401367188,44,2026,3.0,dp_uniform,0.6743134842544478,0.44461642000959617,0.0
0.1,2.832996266120155,default_credit_card_clients,5.333086401367188,45,2026,3.0,dp_uniform,0.6769101173976436,0.4472743949702333,0.0
0.1,2.8668610444166474,default_credit_card_clients,5.333086401367188,46,2026,3.0,dp_uniform,0.6790865735828601,0.4492542541645906,0.0
0.1,2.900528676124275,default_credit_card_clients,5.333086401367188,47,2026,3.0,dp_uniform,0.6816287953214253,0.45249042959944186,0.0
0.1,2.9338370551327104,default_credit_card_clients,5.333086401367188,48,2026,3.0,dp_uniform,0.6834888592649019,0.4545483964171122,0.0
0.1,2.9670215491141363,default_credit_card_clients,5.333086401367188,49,2026,3.0,dp_uniform,0.6855635459710875,0.4567324371451825,0.0
0.1,2.999995052516579,default_credit_card_clients,5.333086401367188,50,2026,3.0,dp_uniform,0.6867867949566674,0.4573160667066949,0.0
0.1,0.11394700822522269,default_credit_card_clients,27.13856686646083,1,2026,3.0,scheduler,0.5019391620039115,0.22400412320643287,0.0
0.1,0.1361065222531086,default_credit_card_clients,19.18986466295901,2,2026,3.0,scheduler,0.527076727133859,0.23308748412974023,0.0
0.1,0.16934579329493749,default_credit_card_clients,15.668458885771823,3,2026,3.0,scheduler,0.5454370495315077,0.24059125058142167,0.0
0.1,0.2136648213507093,default_credit_card_clients,13.569283433230416,4,2026,3.0,scheduler,0.5486271700326166,0.24066960984825195,0.0
0.1,0.2657230445763909,default_credit_card_clients,12.136736065065977,5,2026,3.0,scheduler,0.5492317411951767,0.24192821149804672,0.0
0.1,0.3186587821263203,default_credit_card_clients,11.079273528871871,6,2026,3.0,scheduler,0.5470462164425219,0.24271649701672715,0.0
0.1,0.37218901684257044,default_credit_card_clients,10.257414123907543,7,2026,3.0,scheduler,0.5425623136535344,0.2405918614677477,0.0
0.1,0.42631002522053363,default_credit_card_clients,9.594932331479505,8,2026,3.0,scheduler,0.5438550883228088,0.24341746209804718,0.0
0.1,0.48090710186067964,default_credit_card_clients,9.046188955486944,9,2026,3.0,scheduler,0.5400180766777605,0.24336006384426137,0.0
0.1,0.5359973220876351,default_credit_card_clients,8.581968373079489,10,2026,3.0,scheduler,0.542557275560513,0.24895155457313436,0.0
0.1,0.5916282265638603,default_credit_card_clients,8.182585785820152,11,2026,3.0,scheduler,0.5460547197359232,0.2531394613907352,0.0
0.1,0.647635098278261,default_credit_card_clients,7.834229442885912,12,2026,3.0,scheduler,0.5536209278353632,0.2608805818785362,0.0
0.1,0.7039243519756737,default_credit_card_clients,7.526884183048662,13,2026,3.0,scheduler,0.5581592420289812,0.2659800411326991,0.0
0.1,0.7607797897150115,default_credit_card_clients,7.253087084453694,14,2026,3.0,scheduler,0.5616622281067148,0.2697466416275257,0.0
0.1,0.8178202677506267,default_credit_card_clients,7.007147834249281,15,2026,3.0,scheduler,0.566593513555997,0.27616234974047804,0.0
0.1,0.8753441438244753,default_credit_card_clients,6.784641716615208,16,2026,3.0,scheduler,0.5729213583907928,0.2853789146352893,0.0
0.1,0.933211450790763,default_credit_card_clients,6.582069277547395,17,2026,3.0,scheduler,0.5815601764944748,0.2975919984497034,0.0
0.1,0.9913758990052851,default_credit_card_clients,6.39662155431967,18,2026,3.0,scheduler,0.5902745659934767,0.3098608658244819,0.0
0.1,1.049914769153957,default_credit_card_clients,6.226014233864423,19,2026,3.0,scheduler,0.5998988350921316,0.32497610318894876,0.0
0.1,1.1090709691214165,default_credit_card_clients,6.068368032532988,20,2026,3.0,scheduler,0.6101463162975256,0.34336736842177795,0.0
0.1,1.1681630065291122,default_credit_card_clients,5.92212080562749,21,2026,3.0,scheduler,0.6140090222169826,0.3505388529896044,0.0
0.1,1.2273502484387568,default_credit_card_clients,5.785961896794084,22,2026,3.0,scheduler,0.622468484209105,0.36601216500232403,0.0
0.1,1.2880251082770158,default_credit_card_clients,5.658782368508824,23,2026,3.0,scheduler,0.6298900990388326,0.3818563505200791,0.0
0.1,1.3471477366236269,default_credit_card_clients,5.539636764435936,24,2026,3.0,scheduler,0.6349745425159632,0.39089935912045926,0.0
0.1,1.4086691645221723,default_credit_card_clients,5.427713373292166,25,2026,3.0,scheduler,0.64105703222062,0.402857341644095,0.0
0.1,1.468112940247771,default_credit_card_clients,5.322310847039477,26,2026,3.0,scheduler,0.6468120458788903,0.4144436551135293,0.0
0.1,1.5298430150397389,default_credit_card_clients,5.222819628590606,27,2026,3.0,scheduler,0.6514415495561944,0.41988530015772346,0.0
0.1,1.5905521486203438,default_credit_card_clients,5.128707061953771,28,2026,3.0,scheduler,0.6530094041044336,0.4227496098338133,0.0
0.1,1.6517546159354572,default_credit_card_clients,5.039505351907979,29,2026,3.0,scheduler,0.6581190380466708,0.4291320393284494,0.0
0.1,1.7150675131579884,default_credit_card_clients,4.954801750374298,30,2026,3.0,scheduler,0.6599770867529389,0.4286435283683063,0.0
0.1,1.7762235823693024,default_credit_card_clients,4.874230498624523,31,2026,3.0,scheduler,0.6638312279142597,0.4341901869174506,0.0
0.1,1.8375667450115771,default_credit_card_clients,4.797466165739753,32,2026,3.0,scheduler,0.666196108778474,0.4379625001743097,0.0
0.1,1.9000734154612187,default_credit_card_clients,4.72421810611047,33,2026,3.0,scheduler,0.6695686082469552,0.4423136625605901,0.0
0.1,1.9628332662547132,default_credit_card_clients,4.6542258203934015,34,2026,3.0,scheduler,0.6728887115480146,0.4456444096565686,0.0
0.1,2.02582632073471,default_credit_card_clients,4.587255050884744,35,2026,3.0,scheduler,0.6753624152214898,0.4495618129752532,0.0
0.1,2.0890911881641285,default_credit_card_clients,4.523094477743472,36,2026,3.0,scheduler,0.6781998692111053,0.45131539338349347,0.0
0.1,2.1526214389611615,default_credit_card_clients,4.461552909764885,37,2026,3.0,scheduler,0.6808408375728886,0.45425068569116533,0.0
0.1,2.216356267726092,default_credit_card_clients,4.402456884529501,38,2026,3.0,scheduler,0.6827593433954127,0.45467173540594397,0.0
0.1,2.280348484230908,default_credit_card_clients,4.345648609242282,39,2026,3.0,scheduler,0.6843372741296946,0.45558170930733133,0.0
0.1,2.3445939683597574,default_credit_card_clients,4.2909841865397444,40,2026,3.0,scheduler,0.6847332682411716,0.45604511135875075,0.0
0.1,2.4090962467163126,default_credit_card_clients,4.238332079800669,41,2026,3.0,scheduler,0.6858890067802655,0.4583173469287225,0.0
0.1,2.4737770858650197,default_credit_card_clients,4.187571780665138,42,2026,3.0,scheduler,0.6866558045381127,0.4576823929583618,0.0
0.1,2.53871533770467,default_credit_card_clients,4.138592648011072,43,2026,3.0,scheduler,0.6879979525189962,0.45906477619938174,0.0
0.1,2.6039507741228727,default_credit_card_clients,4.091292892910076,44,2026,3.0,scheduler,0.6905633494854595,0.46262401704292233,0.0
0.1,2.6693249947035333,default_credit_card_clients,4.0455786883553255,45,2026,3.0,scheduler,0.6929977560333683,0.4648284964133764,0.0
0.1,2.735025654457894,default_credit_card_clients,4.001363386031462,46,2026,3.0,scheduler,0.694453764916534,0.46525939479325307,0.0
0.1,2.8008584963782286,default_credit_card_clients,3.958566825241352,47,2026,3.0,scheduler,0.6963244088553554,0.46812812174689056,0.0
0.1,2.8670117543158278,default_credit_card_clients,3.917114721442956,48,2026,3.0,scheduler,0.6974574759758535,0.46866033117370903,0.0
0.1,2.9333507288022624,default_credit_card_clients,3.876938123780119,49,2026,3.0,scheduler,0.6983844850917791,0.46997139628657536,0.0
0.1,2.9998822110524985,default_credit_card_clients,3.8379729325918013,50,2026,3.0,scheduler,0.6991452371380004,0.47029208977798687,0.0
0.1,0.6394219369357806,default_credit_card_clients,5.491268823242188,1,2026,3.0,ha_uniform,0.5242891502651548,0.24026414094801446,0.0
0.1,0.7287932461189179,default_credit_card_clients,5.491268823242188,2,2026,3.0,ha_uniform,0.5771075098822194,0.2839336463814203,0.0
0.1,0.8181645553020551,default_credit_card_clients,5.491268823242188,3,2026,3.0,ha_uniform,0.6060160876386358,0.3193997547673235,0.0
0.1,0.9039200551247281,default_credit_card_clients,5.491268823242188,4,2026,3.0,ha_uniform,0.6229974839763451,0.345660517036698,0.0
0.1,0.9844357224707373,default_credit_card_clients,5.491268823242188,5,2026,3.0,ha_uniform,0.6326489587773153,0.3683422151359109,0.0
0.1,1.0649513898167469,default_credit_card_clients,5.491268823242188,6,2026,3.0,ha_uniform,0.6366900131897275,0.38063941703940385,0.0
0.1,1.140254263618334,default_credit_card_clients,5.491268823242188,7,2026,3.0,ha_uniform,0.6399824069791695,0.38961978277066217,0.0
0.1,1.2118304569405487,default_credit_card_clients,5.491268823242188,8,2026,3.0,ha_uniform,0.6411517483694211,0.3949820266268666,0.0
0.1,1.280640118975335,default_credit_card_clients,5.491268823242188,9,2026,3.0,ha_uniform,0.6398357984722486,0.39427791591455164,0.0
0.1,1.3442115467473243,default_credit_card_clients,5.491268823242188,10,2026,3.0,ha_uniform,0.6410540093648073,0.397180055877034,0.0
0.1,1.4070261452601658,default_credit_card_clients,5.491268823242188,11,2026,3.0,ha_uniform,0.6407945475742086,0.3968888560822662,0.0
0.1,1.4653356159245274,default_credit_card_clients,5.491268823242188,12,2026,3.0,ha_uniform,0.6404343239231832,0.3977859350427306,0.0
0.1,1.523645086588889,default_credit_card_clients,5.491268823242188,13,2026,3.0,ha_uniform,0.6400081012535783,0.3981431780747493,0.0
0.1,1.578350579183657,default_credit_card_clients,5.491268823242188,14,2026,3.0,ha_uniform,0.6395828862025776,0.3974859433391376,0.0
0.1,1.6315386486818642,default_credit_card_clients,5.491268823242188,15,2026,3.0,ha_uniform,0.6394125986584566,0.39821177922824963,0.0
0.1,1.6847267181800718,default_credit_card_clients,5.491268823242188,16,2026,3.0,ha_uniform,0.6392735472910678,0.39755060431174105,0.0
0.1,1.7363797280314786,default_credit_card_clients,5.491268823242188,17,2026,3.0,ha_uniform,0.6392664939608379,0.3973326407258486,0.0
0.1,1.7840841495972097,default_credit_card_clients,5.491268823242188,18,2026,3.0,ha_uniform,0.6403134096906711,0.3991201568483828,0.0
0.1,1.8317885711629414,default_credit_card_clients,5.491268823242188,19,2026,3.0,ha_uniform,0.6414620948995354,0.40134565626290364,0.0
0.1,1.87889427312273,default_credit_card_clients,5.491268823242188,20,2026,3.0,ha_uniform,0.6425483077549351,0.40325567194451445,0.0
0.1,1.9249793271852649,default_credit_card_clients,5.491268823242188,21,2026,3.0,ha_uniform,0.6431831074756231,0.40399197541266363,0.0
0.1,1.9701126511896143,default_credit_card_clients,5.491268823242188,22,2026,3.0,ha_uniform,0.6439015395404655,0.40496719988273466,0.0
0.1,2.0143679858394288,default_credit_card_clients,5.491268823242188,23,2026,3.0,ha_uniform,0.6448940438656683,0.4069537384378352,0.0
0.1,2.0578244748277883,default_credit_card_clients,5.491268823242188,24,2026,3.0,ha_uniform,0.6461021785721842,0.4094677145612887,0.0
0.1,2.100462886572535,default_credit_card_clients,5.491268823242188,25,2026,3.0,ha_uniform,0.647340038027526,0.4113000456768624,0.0
0.1,2.1424051708944893,default_credit_card_clients,5.491268823242188,26,2026,3.0,ha_uniform,0.6489058773385569,0.41346426618307563,0.0
0.1,2.183623567738052,default_credit_card_clients,5.491268823242188,27,2026,3.0,ha_uniform,0.6511609277749061,0.41564705140753233,0.0
0.1,2.224236881875349,default_credit_card_clients,5.491268823242188,28,2026,3.0,ha_uniform,0.6525781433418074,0.41778924397142586,0.0
0.1,2.26419516751051,default_credit_card_clients,5.491268823242188,29,2026,3.0,ha_uniform,0.6549057423176639,0.4205076305475813,0.0
0.1,2.3035566299883405,default_credit_card_clients,5.491268823242188,30,2026,3.0,ha_uniform,0.6559808713684167,0.42214652114678675,0.0
0.1,2.3423750312156515,default_credit_card_clients,5.491268823242188,31,2026,3.0,ha_uniform,0.6577008763259001,0.4243075398146323,0.0
0.1,2.380667753908806,default_credit_card_clients,5.491268823242188,32,2026,3.0,ha_uniform,0.658863668195224,0.4261255233117187,0.0
0.1,2.4184529087936353,default_credit_card_clients,5.491268823242188,33,2026,3.0,ha_uniform,0.6602239533109844,0.4275733822293945,0.0
0.1,2.455749384381266,default_credit_card_clients,5.491268823242188,34,2026,3.0,ha_uniform,0.6621948553009303,0.4306451406940103,0.0
0.1,2.4925769006824954,default_credit_card_clients,5.491268823242188,35,2026,3.0,ha_uniform,0.6644499057372797,0.4330406861243582,0.0
0.1,2.528956067245728,default_credit_card_clients,5.491268823242188,36,2026,3.0,ha_uniform,0.6658928155785897,0.4348113749565431,0.0
0.1,2.5649084459292903,default_credit_card_clients,5.491268823242188,37,2026,3.0,ha_uniform,0.6677417957174194,0.43672827294729805,0.0
0.1,2.6004566188553353,default_credit_card_clients,5.491268823242188,38,2026,3.0,ha_uniform,0.669292520749386,0.4385829417510072,0.0
0.1,2.6356242620655395,default_credit_card_clients,5.491268823242188,39,2026,3.0,ha_uniform,0.670829139120893,0.4392455295308295,0.0
0.1,2.6704362254446723,default_credit_card_clients,5.491268823242188,40,2026,3.0,ha_uniform,0.6717934301251764,0.4401646127668899,0.0
0.1,2.704818611601526,default_credit_card_clients,5.491268823242188,41,2026,3.0,ha_uniform,0.6733058656501811,0.4423940668873323,0.0
0.1,2.738840801291475,default_credit_card_clients,5.491268823242188,42,2026,3.0,ha_uniform,0.6741981119242594,0.44283618852072715,0.0
0.1,2.7725619019915193,default_credit_card_clients,5.491268823242188,43,2026,3.0,ha_uniform,0.6756339684353396,0.44398890963741877,0.0
0.1,2.8060108317669843,default_credit_card_clients,5.491268823242188,44,2026,3.0,ha_uniform,0.6774330714532582,0.4466315130083236,0.0
0.1,2.839015643100649,default_credit_card_clients,5.491268823242188,45,2026,3.0,ha_uniform,0.6790074755224251,0.44859732018468956,0.0
0.1,2.8717657132103165,default_credit_card_clients,5.491268823242188,46,2026,3.0,ha_uniform,0.6805395596102128,0.44918341053996025,0.0
0.1,2.904307279575344,default_credit_card_clients,5.491268823242188,47,2026,3.0,ha_uniform,0.6820111865817445,0.4522233037600708,0.0
0.1,2.9363987353330314,default_credit_card_clients,5.491268823242188,48,2026,3.0,ha_uniform,0.6835488125718558,0.45325464771330704,0.0
0.1,2.9683106139589337,default_credit_card_clients,5.491268823242188,49,2026,3.0,ha_uniform,0.6848264729620661,0.45426022052602,0.0
0.1,2.999999046102365,default_credit_card_clients,5.491268823242188,50,2026,3.0,ha_uniform,0.6860935533569319,0.45499387580038514,0.0
0.1,0.21329672877269965,default_credit_card_clients,27.93562381528647,1,2026,3.0,full_ha_dp,0.4921924672448382,0.22094492920251219,0.0
0.1,0.23415568389553948,default_credit_card_clients,19.75346903646548,2,2026,3.0,full_ha_dp,0.5212431192244561,0.2390230808213002,0.0
0.1,0.2654441165797992,default_credit_card_clients,16.128639929735762,3,2026,3.0,full_ha_dp,0.5484125472699077,0.25969812818374,0.0
0.1,0.3071620268254789,default_credit_card_clients,13.967811907643235,4,2026,3.0,full_ha_dp,0.57356774572543,0.27701352665118817,0.0
0.1,0.3571789003023462,default_credit_card_clients,12.493190768968514,5,2026,3.0,full_ha_dp,0.5978886359766191,0.30316536600002686,0.0
0.1,0.40840811378621256,default_credit_card_clients,11.404670665632278,6,2026,3.0,full_ha_dp,0.6116748737201985,0.323129947100011,0.0
0.1,0.4602264160720022,default_credit_card_clients,10.55867333352877,7,2026,3.0,full_ha_dp,0.620504635549389,0.33636681070004476,0.0
0.1,0.5126101897544545,default_credit_card_clients,9.87673451823274,8,2026,3.0,full_ha_dp,0.6274189144118681,0.3526922201930719,0.0
0.1,0.5654514684608999,default_credit_card_clients,9.31187460509549,9,2026,3.0,full_ha_dp,0.6288326033136545,0.3592848411809967,0.0
0.1,0.618766202403035,default_credit_card_clients,8.834019911394815,10,2026,3.0,full_ha_dp,0.633781018279209,0.37249118061836267,0.0
0.1,0.6725533626231843,default_credit_card_clients,8.422907498165618,11,2026,3.0,full_ha_dp,0.636491512324687,0.37922896753190105,0.0
0.1,0.726702293044662,default_credit_card_clients,8.064319964867881,12,2026,3.0,full_ha_dp,0.6389873836074559,0.38481317866218984,0.0
0.1,0.781381330954875,default_credit_card_clients,7.7479480060067925,13,2026,3.0,full_ha_dp,0.6401703278488653,0.3903403438132875,0.0
0.1,0.8361372067854634,default_credit_card_clients,7.466109514471761,14,2026,3.0,full_ha_dp,0.6409401484625252,0.39233263838085,0.0
0.1,0.8915668065394614,default_credit_card_clients,7.21294705350132,15,2026,3.0,full_ha_dp,0.6418782413830976,0.39492003923559926,0.0
0.1,0.9472685865091947,default_credit_card_clients,6.983905953821617,16,2026,3.0,full_ha_dp,0.6430269265919618,0.3980623706650464,0.0
0.1,1.0032056989100568,default_credit_card_clients,6.775383982820372,17,2026,3.0,full_ha_dp,0.6437292367591358,0.4005314669345575,0.0
0.1,1.059605102896302,default_credit_card_clients,6.584489678821825,18,2026,3.0,full_ha_dp,0.645561087381693,0.4051942898157062,0.0
0.1,1.1162222668011532,default_credit_card_clients,6.408871638715887,19,2026,3.0,full_ha_dp,0.6474433189344635,0.4092438209291833,0.0
0.1,1.172861114221153,default_credit_card_clients,6.246595384484257,20,2026,3.0,full_ha_dp,0.6490665925059373,0.4119558439050053,0.0
0.1,1.2300132786477604,default_credit_card_clients,6.096052891398156,21,2026,3.0,full_ha_dp,0.6502152777148016,0.414266372022289,0.0
0.1,1.2881786528462973,default_credit_card_clients,5.955895009259926,22,2026,3.0,full_ha_dp,0.651477823825948,0.4165365758875458,0.0
0.1,1.3452924585397874,default_credit_card_clients,5.824980231163321,23,2026,3.0,full_ha_dp,0.6527877280114949,0.418565967526823,0.0
0.1,1.4037957731220907,default_credit_card_clients,5.702335332816139,24,2026,3.0,full_ha_dp,0.6543938720666962,0.422930483369305,0.0
0.1,1.461737315129979,default_credit_card_clients,5.587124763057294,25,2026,3.0,full_ha_dp,0.6559551770940077,0.42597086292434194,0.0
0.1,1.5210141284721734,default_credit_card_clients,5.478626575328192,26,2026,3.0,full_ha_dp,0.6578268286514335,0.4282386403399524,0.0
0.1,1.5791212177429417,default_credit_card_clients,5.37621330991192,27,2026,3.0,full_ha_dp,0.6605151550876174,0.43092532612460643,0.0
0.1,1.6393804214311456,default_credit_card_clients,5.279336666764385,28,2026,3.0,full_ha_dp,0.6623540590404045,0.4333969979622967,0.0
0.1,1.6978743184406908,default_credit_card_clients,5.187515111566524,29,2026,3.0,full_ha_dp,0.6650010731138135,0.436091805514939,0.0
0.1,1.7574713330773757,default_credit_card_clients,5.1003237738703096,30,2026,3.0,full_ha_dp,0.6660570574110851,0.4368715405647781,0.0
0.1,1.8190549148686173,default_credit_card_clients,5.017386152650891,31,2026,3.0,full_ha_dp,0.6680118375033629,0.4394591197228612,0.0
0.1,1.8781621687391867,default_credit_card_clients,4.93836725911637,32,2026,3.0,full_ha_dp,0.6695172196981376,0.44132087966374595,0.0
0.1,1.937709519197008,default_credit_card_clients,4.862967911425238,33,2026,3.0,full_ha_dp,0.6710185714184952,0.4427355861224383,0.0
0.1,1.9983564618225236,default_credit_card_clients,4.790919959395003,34,2026,3.0,full_ha_dp,0.6732655609060104,0.44414190902543527,0.0
0.1,2.059220577050654,default_credit_card_clients,4.721982265196926,35,2026,3.0,full_ha_dp,0.6753921399703156,0.44654900751692755,0.0
0.1,2.120341080812935,default_credit_card_clients,4.655937302547745,36,2026,3.0,full_ha_dp,0.676964528802274,0.44748425894831734,0.0
0.1,2.181674760997187,default_credit_card_clients,4.592588264976517,37,2026,3.0,full_ha_dp,0.6788311422666784,0.44943114601564915,0.0
0.1,2.243262072753887,default_credit_card_clients,4.531756595490146,38,2026,3.0,full_ha_dp,0.6804322482288584,0.4514876714447723,0.0
0.1,2.305083543576888,default_credit_card_clients,4.473279866935247,39,2026,3.0,full_ha_dp,0.6822897931258244,0.4528865593380941,0.0
0.1,2.3671275612205402,default_credit_card_clients,4.417009955697408,40,2026,3.0,full_ha_dp,0.6833654259858792,0.453705077782658,0.0
0.1,2.429391359574725,default_credit_card_clients,4.362811461938223,41,2026,3.0,full_ha_dp,0.684644093994694,0.4553963776398109,0.0
0.1,2.4918821561721853,default_credit_card_clients,4.3105603379794974,42,2026,3.0,full_ha_dp,0.6855524621664404,0.4555149068160341,0.0
0.1,2.554618469178685,default_credit_card_clients,4.260142693180649,43,2026,3.0,full_ha_dp,0.6871565909844333,0.45628747706508155,0.0
0.1,2.6175874483102666,default_credit_card_clients,4.211453749082809,44,2026,3.0,full_ha_dp,0.6887103388722128,0.4582698109204359,0.0
0.1,2.6807180571774745,default_credit_card_clients,4.164396922989505,45,2026,3.0,full_ha_dp,0.6902499800995326,0.4609218386931242,0.0
0.1,2.744167490300431,default_credit_card_clients,4.118883021733167,46,2026,3.0,full_ha_dp,0.691414787206065,0.4624283105314798,0.0
0.1,2.807713010649615,default_credit_card_clients,4.074829530305142,47,2026,3.0,full_ha_dp,0.6927297294846333,0.46350289604753236,0.0
0.1,2.8715778170175743,default_credit_card_clients,4.0321599824339405,48,2026,3.0,full_ha_dp,0.6943399040142518,0.4645743923926963,0.0
0.1,2.935603229901087,default_credit_card_clients,3.9908034021837815,49,2026,3.0,full_ha_dp,0.6953243473906204,0.4635216729154415,0.0
0.1,2.999834784606401,default_credit_card_clients,3.950693807293095,50,2026,3.0,full_ha_dp,0.6963768050227772,0.46424692331220563,0.0
0.1,0.7308309602035927,default_credit_card_clients,6.003599084472657,1,31415,3.0,dp_uniform,0.5463685929311525,0.28216743708462644,0.0
0.1,0.7960399524549975,default_credit_card_clients,6.003599084472657,2,31415,3.0,dp_uniform,0.5128627552927686,0.22348442959605813,0.0
0.1,0.8612489447064022,default_credit_card_clients,6.003599084472657,3,31415,3.0,dp_uniform,0.4837586995271246,0.2036551509270159,0.0
0.1,0.926457936957807,default_credit_card_clients,6.003599084472657,4,31415,3.0,dp_uniform,0.4684549881655195,0.1970162916196993,0.0
0.1,0.9916669292092117,default_credit_card_clients,6.003599084472657,5,31415,3.0,dp_uniform,0.4576865681417196,0.19269447976338172,0.0
0.1,1.0568759214606165,default_credit_card_clients,6.003599084472657,6,31415,3.0,dp_uniform,0.4542833363058082,0.19184652159524646,0.0
0.1,1.1220849137120212,default_credit_card_clients,6.003599084472657,7,31415,3.0,dp_uniform,0.458129920327597,0.19368042934996196,0.0
0.1,1.187293905963426,default_credit_card_clients,6.003599084472657,8,31415,3.0,dp_uniform,0.466051817794343,0.1979706511611772,0.0
0.1,1.2518766598104194,default_credit_card_clients,6.003599084472657,9,31415,3.0,dp_uniform,0.47474857396777026,0.20286728996446568,0.0
0.1,1.3094498879883822,default_credit_card_clients,6.003599084472657,10,31415,3.0,dp_uniform,0.4836790976573875,0.20825378000991845,0.0
0.1,1.3670231161663446,default_credit_card_clients,6.003599084472657,11,31415,3.0,dp_uniform,0.4885766278834266,0.21204005841973864,0.0
0.1,1.4245963443443075,default_credit_card_clients,6.003599084472657,12,31415,3.0,dp_uniform,0.49489741938799264,0.21784076193863594,0.0
0.1,1.4821695725222703,default_credit_card_clients,6.003599084472657,13,31415,3.0,dp_uniform,0.4996352420652554,0.22394029297862383,0.0
0.1,1.5397428007002332,default_credit_card_clients,6.003599084472657,14,31415,3.0,dp_uniform,0.5062260753557649,0.23007884540663223,0.0
0.1,1.5950088954250097,default_credit_card_clients,6.003599084472657,15,31415,3.0,dp_uniform,0.5090897274290913,0.23397296805433368,0.0
0.1,1.6463158510257405,default_credit_card_clients,6.003599084472657,16,31415,3.0,dp_uniform,0.5218557513358504,0.2454946366073487,0.0
0.1,1.6976228066264714,default_credit_card_clients,6.003599084472657,17,31415,3.0,dp_uniform,0.5297126574026212,0.2535522010625767,0.0
0.1,1.7482291736416031,default_credit_card_clients,6.003599084472657,18,31415,3.0,dp_uniform,0.5346776980751462,0.2592307079297761,0.0
0.1,1.7976577493948327,default_credit_card_clients,6.003599084472657,19,31415,3.0,dp_uniform,0.5398296519987626,0.26713567212420813,0.0
0.1,1.845978880558018,default_credit_card_clients,6.003599084472657,20,31415,3.0,dp_uniform,0.5470628421494923,0.2774964155859179,0.0
0.1,1.8932688304349583,default_credit_card_clients,6.003599084472657,21,31415,3.0,dp_uniform,0.5558245897228948,0.28878586126082273,0.0
0.1,1.939609893890811,default_credit_card_clients,6.003599084472657,22,31415,3.0,dp_uniform,0.5636512672315376,0.298344989764772,0.0
0.1,1.9850907732983805,default_credit_card_clients,6.003599084472657,23,31415,3.0,dp_uniform,0.5684334251273881,0.30500691272352365,0.0
0.1,2.029704692340447,default_credit_card_clients,6.003599084472657,24,31415,3.0,dp_uniform,0.5764696873057185,0.3153087342969112,0.0
0.1,2.073554604586226,default_credit_card_clients,6.003599084472657,25,31415,3.0,dp_uniform,0.5820000020152372,0.3221012473136219,0.0
0.1,2.1166304050665454,default_credit_card_clients,6.003599084472657,26,31415,3.0,dp_uniform,0.5884412039430131,0.3345140344996569,0.0
0.1,2.159051330062298,default_credit_card_clients,6.003599084472657,27,31415,3.0,dp_uniform,0.591967365248645,0.3391845011592143,0.0
0.1,2.200780616091024,default_credit_card_clients,6.003599084472657,28,31415,3.0,dp_uniform,0.5984216662182764,0.3497751305743215,0.0
0.1,2.241856878038942,default_credit_card_clients,6.003599084472657,29,31415,3.0,dp_uniform,0.6029181642398173,0.3548272318552773,0.0
0.1,2.282349862049966,default_credit_card_clients,6.003599084472657,30,31415,3.0,dp_uniform,0.6057349620480452,0.35730434568708985,0.0
0.1,2.322279630522577,default_credit_card_clients,6.003599084472657,31,31415,3.0,dp_uniform,0.6100767906138311,0.3664163091441035,0.0
0.1,2.3616670499275316,default_credit_card_clients,6.003599084472657,32,31415,3.0,dp_uniform,0.611473349999345,0.3687176469716401,0.0
0.1,2.4005338499173923,default_credit_card_clients,6.003599084472657,33,31415,3.0,dp_uniform,0.6138760165612194,0.3712921045857682,0.0
0.1,2.4389026871466886,default_credit_card_clients,6.003599084472657,34,31415,3.0,dp_uniform,0.6203021042099313,0.3795274262515227,0.0
0.1,2.4767972142026515,default_credit_card_clients,6.003599084472657,35,31415,3.0,dp_uniform,0.6247588012966035,0.38693388162351794,0.0
0.1,2.5142421542101543,default_credit_card_clients,6.003599084472657,36,31415,3.0,dp_uniform,0.6250872849615946,0.3893894940876147,0.0
0.1,2.5512633815077153,default_credit_card_clients,6.003599084472657,37,31415,3.0,dp_uniform,0.6274884400955625,0.39345756689786493,0.0
0.1,2.5878880093557277,default_credit_card_clients,6.003599084472657,38,31415,3.0,dp_uniform,0.629023043229861,0.3961775380713694,0.0
0.1,2.6240400841323117,default_credit_card_clients,6.003599084472657,39,31415,3.0,dp_uniform,0.6300810427643412,0.3970184669428267,0.0
0.1,2.6597981065712992,default_credit_card_clients,6.003599084472657,40,31415,3.0,dp_uniform,0.6334918317397845,0.400585501177534,0.0
0.1,2.695219282659107,default_credit_card_clients,6.003599084472657,41,31415,3.0,dp_uniform,0.6367141960362299,0.4067755051330892,0.0
0.1,2.730335034764012,default_credit_card_clients,6.003599084472657,42,31415,3.0,dp_uniform,0.6378296298311534,0.4070882164830822,0.0
0.1,2.7649959991325566,default_credit_card_clients,6.003599084472657,43,31415,3.0,dp_uniform,0.638889644602842,0.4088819924401754,0.0
0.1,2.799345193907743,default_credit_card_clients,6.003599084472657,44,31415,3.0,dp_uniform,0.64075474663934,0.4131868667754242,0.0
0.1,2.8334583479115896,default_credit_card_clients,6.003599084472657,45,31415,3.0,dp_uniform,0.6432213969825853,0.4174345336501296,0.0
0.1,2.86713223611898,default_credit_card_clients,6.003599084472657,46,31415,3.0,dp_uniform,0.6448698610191659,0.42022942861237733,0.0
0.1,2.900554720791223,default_credit_card_clients,6.003599084472657,47,31415,3.0,dp_uniform,0.6466493154743012,0.42237767887683964,0.0
0.1,2.9338677086103515,default_credit_card_clients,6.003599084472657,48,31415,3.0,dp_uniform,0.6464770126929716,0.42030634240432696,0.0
0.1,2.967052841205895,default_credit_card_clients,6.003599084472657,49,31415,3.0,dp_uniform,0.647871556841277,0.41936236237084085,0.0
0.1,2.999888657989431,default_credit_card_clients,6.003599084472657,50,31415,3.0,dp_uniform,0.6506399889565001,0.4223641081945628,0.0
0.1,0.11394700822522269,default_credit_card_clients,30.503669824022246,1,31415,3.0,scheduler,0.51744439708637,0.268956739046271,0.0
0.1,0.1361065222531086,default_credit_card_clients,21.56935178364159,2,31415,3.0,scheduler,0.48358135865277363,0.21744160452355416,0.0
0.1,0.16934579329493749,default_credit_card_clients,17.61130198417071,3,31415,3.0,scheduler,0.47505489002346746,0.20260603083299963,0.0
0.1,0.2136648213507093,default_credit_card_clients,15.251834912011123,4,31415,3.0,scheduler,0.46941424107678154,0.1989014171381,0.0
0.1,0.2657230445763909,default_credit_card_clients,13.641655857944556,5,31415,3.0,scheduler,0.45752434154643257,0.19351918901395876,0.0
0.1,0.3186587821263203,default_credit_card_clients,12.453071058531204,6,31415,3.0,scheduler,0.4519763935113392,0.19177113891609343,0.0
0.1,0.37218901684257044,default_credit_card_clients,11.529303489884033,7,31415,3.0,scheduler,0.4560592640958286,0.19338927504655656,0.0
0.1,0.42631002522053363,default_credit_card_clients,10.784675891820795,8,31415,3.0,scheduler,0.46317204382334837,0.196748728432538,0.0
0.1,0.48090710186067964,default_credit_card_clients,10.167889941340748,9,31415,3.0,scheduler,0.47142141733648113,0.200927837629417,0.0
0.1,0.5359973220876351,default_credit_card_clients,9.646107363765788,10,31415,3.0,scheduler,0.47934835289624855,0.20559614153990133,0.0
0.1,0.5916282265638603,default_credit_card_clients,9.1972025031971,11,31415,3.0,scheduler,0.48366196814111495,0.20994001858789646,0.0
0.1,0.647635098278261,default_credit_card_clients,8.805650992085354,12,31415,3.0,scheduler,0.488638596427589,0.2149817206367295,0.0
0.1,0.7039243519756737,default_credit_card_clients,8.460195818487367,13,31415,3.0,scheduler,0.49364142279777395,0.2204825393789976,0.0
0.1,0.7607797897150115,default_credit_card_clients,8.152448680054729,14,31415,3.0,scheduler,0.5009446424415002,0.22757115546189885,0.0
0.1,0.8178202677506267,default_credit_card_clients,7.8760136817765245,15,31415,3.0,scheduler,0.5037246621706725,0.2320895955657389,0.0
0.1,0.8753441438244753,default_credit_card_clients,7.625917456005562,16,31415,3.0,scheduler,0.5202753015550579,0.24564969325796854,0.0
0.1,0.933211450790763,default_credit_card_clients,7.398226626671163,17,31415,3.0,scheduler,0.5299469287281133,0.2551394949093103,0.0
0.1,0.9913758990052851,default_credit_card_clients,7.189783927880531,18,31415,3.0,scheduler,0.536798735237128,0.26355208483494474,0.0
0.1,1.049914769153957,default_credit_card_clients,6.9980217984233715,19,31415,3.0,scheduler,0.543421812322974,0.2730632829314882,0.0
0.1,1.1090709691214165,default_credit_card_clients,6.820827928972278,20,31415,3.0,scheduler,0.5529589224123598,0.28562306114463976,0.0
0.1,1.1681630065291122,default_credit_card_clients,6.656446473453438,21,31415,3.0,scheduler,0.5636447177106099,0.30019457645051795,0.0
0.1,1.2273502484387568,default_credit_card_clients,6.503404257956561,22,31415,3.0,scheduler,0.57387003130671,0.31404756357386054,0.0
0.1,1.2880251082770158,default_credit_card_clients,6.36045483994647,23,31415,3.0,scheduler,0.5804900855367434,0.3229707790806744,0.0
0.1,1.3471477366236269,default_credit_card_clients,6.226535529265602,24,31415,3.0,scheduler,0.5906720715328599,0.3365376814719392,0.0
0.1,1.4086691645221723,default_credit_card_clients,6.100733964804449,25,31415,3.0,scheduler,0.5985642442507801,0.34695360572716427,0.0
0.1,1.468112940247771,default_credit_card_clients,5.982261833418493,26,31415,3.0,scheduler,0.6055198354760343,0.36091544387958574,0.0
0.1,1.5298430150397389,default_credit_card_clients,5.870433994723568,27,31415,3.0,scheduler,0.6092989090513372,0.3650597952332761,0.0
0.1,1.5905521486203438,default_credit_card_clients,5.764651744942016,28,31415,3.0,scheduler,0.6153904673234325,0.37447579065114805,0.0
0.1,1.6517546159354572,default_credit_card_clients,5.664389283612943,29,31415,3.0,scheduler,0.6205212612563593,0.3820067394749561,0.0
0.1,1.7150675131579884,default_credit_card_clients,5.569182683102208,30,31415,3.0,scheduler,0.6242000767805376,0.386401234496595,0.0
0.1,1.7762235823693024,default_credit_card_clients,5.478620831668534,31,31415,3.0,scheduler,0.6273826401421145,0.3929122969035278,0.0
0.1,1.8375667450115771,default_credit_card_clients,5.3923379459103975,32,31415,3.0,scheduler,0.629525341104088,0.3966799150098996,0.0
0.1,1.9000734154612187,default_credit_card_clients,5.310007341012347,33,31415,3.0,scheduler,0.6323033455960517,0.3989314315531014,0.0
0.1,1.9628332662547132,default_credit_card_clients,5.231336216474055,34,31415,3.0,scheduler,0.6385168257192634,0.4068052284452037,0.0
0.1,2.02582632073471,default_credit_card_clients,5.1560612673212525,35,31415,3.0,scheduler,0.6433050293267395,0.41489668307397115,0.0
0.1,2.0890911881641285,default_credit_card_clients,5.083944970670374,36,31415,3.0,scheduler,0.6435760787312872,0.4168597986023646,0.0
0.1,2.1526214389611615,default_credit_card_clients,5.014772428166243,37,31415,3.0,scheduler,0.6459187919862077,0.4203289042074596,0.0
0.1,2.216356267726092,default_credit_card_clients,4.948348668556445,38,31415,3.0,scheduler,0.6473652284926328,0.42354547876255894,0.0
0.1,2.280348484230908,default_credit_card_clients,4.884496333200629,39,31415,3.0,scheduler,0.6484791508596498,0.423500339378292,0.0
0.1,2.3445939683597574,default_credit_card_clients,4.823053681882894,40,31415,3.0,scheduler,0.6517282170491083,0.4268277239476508,0.0
0.1,2.4090962467163126,default_credit_card_clients,4.7638728678255085,41,31415,3.0,scheduler,0.6545480377131491,0.4315507603892246,0.0
0.1,2.4737770858650197,default_credit_card_clients,4.706818439984206,42,31415,3.0,scheduler,0.6555672439313651,0.4327052283821383,0.0
0.1,2.53871533770467,default_credit_card_clients,4.651766038061208,43,31415,3.0,scheduler,0.6571824565540049,0.43405127390178333,0.0
0.1,2.6039507741228727,default_credit_card_clients,4.59860125159855,44,31415,3.0,scheduler,0.6588979272277693,0.4382748597801431,0.0
0.1,2.6693249947035333,default_credit_card_clients,4.547218619314853,45,31415,3.0,scheduler,0.6616305888825409,0.44048912980252963,0.0
0.1,2.735025654457894,default_credit_card_clients,4.497520748756946,46,31415,3.0,scheduler,0.6629641721052881,0.4420273207190429,0.0
0.1,2.8008584963782286,default_credit_card_clients,4.449417539535587,47,31415,3.0,scheduler,0.6646166666162857,0.4436488398235382,0.0
0.1,2.8670117543158278,default_credit_card_clients,4.402825496042677,48,31415,3.0,scheduler,0.6648136560534199,0.44265421257748566,0.0
0.1,2.9333507288022624,default_credit_card_clients,4.3576671177174635,49,31415,3.0,scheduler,0.6671644302571745,0.4426908300448138,0.0
0.1,2.9998822110524985,default_credit_card_clients,4.313870356728318,50,31415,3.0,scheduler,0.6697388957910763,0.44663740400138896,0.0
0.1,0.7795997734815637,default_credit_card_clients,6.183244128417969,1,31415,3.0,ha_uniform,0.5682122528437517,0.30964265205896546,0.0
0.1,0.8507022779356977,default_credit_card_clients,6.183244128417969,2,31415,3.0,ha_uniform,0.5591678682518523,0.30352089928846093,0.0
0.1,0.921804782389832,default_credit_card_clients,6.183244128417969,3,31415,3.0,ha_uniform,0.5372773540741547,0.2606431623677484,0.0
0.1,0.992907286843966,default_credit_card_clients,6.183244128417969,4,31415,3.0,ha_uniform,0.5220522369636824,0.23391128109152437,0.0
0.1,1.0617828707600947,default_credit_card_clients,6.183244128417969,5,31415,3.0,ha_uniform,0.5055827108769405,0.2170170726635307,0.0
0.1,1.121015051321676,default_credit_card_clients,6.183244128417969,6,31415,3.0,ha_uniform,0.4950712335972286,0.21037829667435248,0.0
0.1,1.1802472318832573,default_credit_card_clients,6.183244128417969,7,31415,3.0,ha_uniform,0.48861139072527376,0.20687128646695555,0.0
0.1,1.2394794124448385,default_credit_card_clients,6.183244128417969,8,31415,3.0,ha_uniform,0.48406803843863455,0.20473207253025122,0.0
0.1,1.29871159300642,default_credit_card_clients,6.183244128417969,9,31415,3.0,ha_uniform,0.4842413488385684,0.20500563860110702,0.0
0.1,1.3579437735680013,default_credit_card_clients,6.183244128417969,10,31415,3.0,ha_uniform,0.4863492869586947,0.20660298388420573,0.0
0.1,1.4171759541295825,default_credit_card_clients,6.183244128417969,11,31415,3.0,ha_uniform,0.4864031945540229,0.20711720134961156,0.0
0.1,1.4764081346911637,default_credit_card_clients,6.183244128417969,12,31415,3.0,ha_uniform,0.48858922311597996,0.20924441397322457,0.0
0.1,1.5310833300063313,default_credit_card_clients,6.183244128417969,13,31415,3.0,ha_uniform,0.489669390259754,0.2107171720449369,0.0
0.1,1.5847268472215297,default_credit_card_clients,6.183244128417969,14,31415,3.0,ha_uniform,0.49362580470940787,0.21416465634590282,0.0
0.1,1.638370364436728,default_credit_card_clients,6.183244128417969,15,31415,3.0,ha_uniform,0.4961917054851734,0.21716553306178843,0.0
0.1,1.6920138816519263,default_credit_card_clients,6.183244128417969,16,31415,3.0,ha_uniform,0.5050345663562195,0.2244790253129661,0.0
0.1,1.7408679191535508,default_credit_card_clients,6.183244128417969,17,31415,3.0,ha_uniform,0.5106419638889644,0.22979066744012444,0.0
0.1,1.788836351961757,default_credit_card_clients,6.183244128417969,18,31415,3.0,ha_uniform,0.5146150040455887,0.23513638038804155,0.0
0.1,1.8366314412686506,default_credit_card_clients,6.183244128417969,19,31415,3.0,ha_uniform,0.5184590690208668,0.24124752101372524,0.0
0.1,1.8834571084860752,default_credit_card_clients,6.183244128417969,20,31415,3.0,ha_uniform,0.524146068423349,0.24822854357586183,0.0
0.1,1.929278567339785,default_credit_card_clients,6.183244128417969,21,31415,3.0,ha_uniform,0.5311172777369692,0.25676715540661355,0.0
0.1,1.9741686836600527,default_credit_card_clients,6.183244128417969,22,31415,3.0,ha_uniform,0.5382285460365827,0.26534831382633994,0.0
0.1,2.0182055205197402,default_credit_card_clients,6.183244128417969,23,31415,3.0,ha_uniform,0.543912522583252,0.27191999514516535,0.0
0.1,2.061428089079,default_credit_card_clients,6.183244128417969,24,31415,3.0,ha_uniform,0.5519155333476415,0.28167029440432617,0.0
0.1,2.103855918496747,default_credit_card_clients,6.183244128417969,25,31415,3.0,ha_uniform,0.5575743194292042,0.28946779024533426,0.0
0.1,2.1455948570435157,default_credit_card_clients,6.183244128417969,26,31415,3.0,ha_uniform,0.5638417071477441,0.2993986423707315,0.0
0.1,2.1866331761727076,default_credit_card_clients,6.183244128417969,27,31415,3.0,ha_uniform,0.5691145753038727,0.3073978086664609,0.0
0.1,2.2270107605789033,default_credit_card_clients,6.183244128417969,28,31415,3.0,ha_uniform,0.5759442142035934,0.3170950812133864,0.0
0.1,2.2668038990805264,default_credit_card_clients,6.183244128417969,29,31415,3.0,ha_uniform,0.5810901224155843,0.32419662070823335,0.0
0.1,2.3060292165524436,default_credit_card_clients,6.183244128417969,30,31415,3.0,ha_uniform,0.5848152883955589,0.3300567689573407,0.0
0.1,2.3446767449142873,default_credit_card_clients,6.183244128417969,31,31415,3.0,ha_uniform,0.5894815701519187,0.33738179794222056,0.0
0.1,2.3827801452773802,default_credit_card_clients,6.183244128417969,32,31415,3.0,ha_uniform,0.5911703389326699,0.3402117632746221,0.0
0.1,2.420387615252449,default_credit_card_clients,6.183244128417969,33,31415,3.0,ha_uniform,0.5942209042570878,0.3440666271931627,0.0
0.1,2.457519373903084,default_credit_card_clients,6.183244128417969,34,31415,3.0,ha_uniform,0.5996434037759499,0.3506784537716323,0.0
0.1,2.494196516268825,default_credit_card_clients,6.183244128417969,35,31415,3.0,ha_uniform,0.6042502360346581,0.35817380425312656,0.0
0.1,2.5304410766773278,default_credit_card_clients,6.183244128417969,36,31415,3.0,ha_uniform,0.607070560508001,0.36297055332802247,0.0
0.1,2.566246380093322,default_credit_card_clients,6.183244128417969,37,31415,3.0,ha_uniform,0.6111095996832047,0.37091139035186527,0.0
0.1,2.6016123729299103,default_credit_card_clients,6.183244128417969,38,31415,3.0,ha_uniform,0.6137949032635759,0.37513716306918776,0.0
0.1,2.636594182252996,default_credit_card_clients,6.183244128417969,39,31415,3.0,ha_uniform,0.6160056184813374,0.37800602780148995,0.0
0.1,2.671217084153131,default_credit_card_clients,6.183244128417969,40,31415,3.0,ha_uniform,0.6194194303125936,0.3821134900439157,0.0
0.1,2.705507604351767,default_credit_card_clients,6.183244128417969,41,31415,3.0,ha_uniform,0.6225521165532593,0.38806448417595013,0.0
0.1,2.7394441515836263,default_credit_card_clients,6.183244128417969,42,31415,3.0,ha_uniform,0.6242247634363423,0.3897194465934654,0.0
0.1,2.7729660028200067,default_credit_card_clients,6.183244128417969,43,31415,3.0,ha_uniform,0.6264798138726915,0.39269534039989884,0.0
0.1,2.8062138540311823,default_credit_card_clients,6.183244128417969,44,31415,3.0,ha_uniform,0.6296437362900893,0.3986380409848089,0.0
0.1,2.8392185740647045,default_credit_card_clients,6.183244128417969,45,31415,3.0,ha_uniform,0.631926496238056,0.40153461566494775,0.0
0.1,2.871766219459806,default_credit_card_clients,6.183244128417969,46,31415,3.0,ha_uniform,0.6343271475627217,0.40402906825838725,0.0
0.1,2.9040997552314765,default_credit_card_clients,6.183244128417969,47,31415,3.0,ha_uniform,0.636707142706,0.40703842129880796,0.0
0.1,2.9361867955775924,default_credit_card_clients,6.183244128417969,48,31415,3.0,ha_uniform,0.6375172680638306,0.4071725091757171,0.0
0.1,2.9679228326552294,default_credit_card_clients,6.183244128417969,49,31415,3.0,ha_uniform,0.6392322349282928,0.40829125815149736,0.0
0.1,2.999999046102365,default_credit_card_clients,6.183244128417969,50,31415,3.0,ha_uniform,0.641377454936777,0.4112693359794595,0.0
0.1,0.21329672877269965,default_credit_card_clients,31.40849121513809,1,31415,3.0,full_ha_dp,0.5515794925431186,0.28514353742660936,0.0
0.1,0.23415568389553948,default_credit_card_clients,22.20915712506225,2,31415,3.0,full_ha_dp,0.5242135788698348,0.2782413304317564,0.0
0.1,0.2654441165797992,default_credit_card_clients,18.133700857899974,3,31415,3.0,full_ha_dp,0.5035170927381935,0.23825651406343046,0.0
0.1,0.3071620268254789,default_credit_card_clients,15.704245607569044,4,31415,3.0,full_ha_dp,0.49782908571710704,0.22208291080194983,0.0
0.1,0.3571789003023462,default_credit_card_clients,14.046304285550747,5,31415,3.0,full_ha_dp,0.4876783358977227,0.20967623738392155,0.0
0.1,0.40840811378621256,default_credit_card_clients,12.822462844629385,6,31415,3.0,full_ha_dp,0.48161650237445325,0.2046591763299088,0.0
0.1,0.4602264160720022,default_credit_card_clients,11.87129383014461,7,31415,3.0,full_ha_dp,0.4788334597894682,0.20259874714886433,0.0
0.1,0.5126101897544545,default_credit_card_clients,11.104578562531126,8,31415,3.0,full_ha_dp,0.4765592645996378,0.20154780927378152,0.0
0.1,0.5654514684608999,default_credit_card_clients,10.469497071712698,9,31415,3.0,full_ha_dp,0.4773542756784044,0.2019271943194597,0.0
0.1,0.618766202403035,default_credit_card_clients,9.9322370109226,10,31415,3.0,full_ha_dp,0.47921131676606826,0.20290188325193256,0.0
0.1,0.6725533626231843,default_credit_card_clients,9.470016417435163,11,31415,3.0,full_ha_dp,0.4783356961989603,0.2028513751768914,0.0
0.1,0.726702293044662,default_credit_card_clients,9.066850428949987,12,31415,3.0,full_ha_dp,0.47967482132403105,0.20376886901628766,0.0
0.1,0.781381330954875,default_credit_card_clients,8.711148120087742,13,31415,3.0,full_ha_dp,0.480245133454046,0.20486690089331336,0.0
0.1,0.8361372067854634,default_credit_card_clients,8.394272368753276,14,31415,3.0,full_ha_dp,0.4826976771368316,0.20702229956362578,0.0
0.1,0.8915668065394614,default_credit_card_clients,8.109637560382117,15,31415,3.0,full_ha_dp,0.4846232362895856,0.20924439597470573,0.0
0.1,0.9472685865091947,default_credit_card_clients,7.852122803784522,16,31415,3.0,full_ha_dp,0.49489288510427343,0.21635738862146559,0.0
0.1,1.0032056989100568,default_credit_card_clients,7.617678048311689,17,31415,3.0,full_ha_dp,0.5004932293067886,0.22112613625793434,0.0
0.1,1.059605102896302,default_credit_card_clients,7.403052375020749,18,31415,3.0,full_ha_dp,0.5044521628029531,0.2258327752817258,0.0
0.1,1.1162222668011532,default_credit_card_clients,7.205602061887997,19,31415,3.0,full_ha_dp,0.5079979726713681,0.23063531062931164,0.0
0.1,1.172861114221153,default_credit_card_clients,7.023152142775373,20,31415,3.0,full_ha_dp,0.5143832517666073,0.23795276048571787,0.0
0.1,1.2300132786477604,default_credit_card_clients,6.853894688463134,21,31415,3.0,full_ha_dp,0.5224653605914318,0.2479295829859182,0.0
0.1,1.2881786528462973,default_credit_card_clients,6.696312826716339,22,31415,3.0,full_ha_dp,0.5305756827371757,0.25718531312984716,0.0
0.1,1.3452924585397874,default_credit_card_clients,6.549123142141299,23,31415,3.0,full_ha_dp,0.5370173884742538,0.2649341285536113,0.0
0.1,1.4037957731220907,default_credit_card_clients,6.4112314223146925,24,31415,3.0,full_ha_dp,0.5469988583681213,0.27680605956741405,0.0
0.1,1.461737315129979,default_credit_card_clients,6.281698243027618,25,31415,3.0,full_ha_dp,0.5546426531000898,0.28635305883059387,0.0
0.1,1.5210141284721734,default_credit_card_clients,6.159711907634487,26,31415,3.0,full_ha_dp,0.5625454058133548,0.29890415937430914,0.0
0.1,1.5791212177429417,default_credit_card_clients,6.044566952633323,27,31415,3.0,full_ha_dp,0.568953860136492,0.3077874436649248,0.0
0.1,1.6393804214311456,default_credit_card_clients,5.935646915072305,28,31415,3.0,full_ha_dp,0.5768414985706929,0.3196215274170834,0.0
0.1,1.6978743184406908,default_credit_card_clients,5.83241039782603,29,31415,3.0,full_ha_dp,0.5828831797218771,0.327464558261663,0.0
0.1,1.7574713330773757,default_credit_card_clients,5.734379711911325,30,31415,3.0,full_ha_dp,0.5875736443247394,0.3334032826706312,0.0
0.1,1.8190549148686173,default_credit_card_clients,5.641131550900182,31,31415,3.0,full_ha_dp,0.5927996582157694,0.3427005432460487,0.0
0.1,1.8781621687391867,default_credit_card_clients,5.552289281265563,32,31415,3.0,full_ha_dp,0.5947106068987615,0.34515048884639765,0.0
0.1,1.937709519197008,default_credit_card_clients,5.467516527836366,33,31415,3.0,full_ha_dp,0.5984967338042944,0.35041706825955266,0.0
0.1,1.9983564618225236,default_credit_card_clients,5.386511804857099,34,31415,3.0,full_ha_dp,0.6053691964946963,0.35976085801905144,0.0
0.1,2.059220577050654,default_credit_card_clients,5.309003997015438,35,31415,3.0,full_ha_dp,0.6110813863622853,0.36789883018549113,0.0
0.1,2.120341080812935,default_credit_card_clients,5.234748535856349,36,31415,3.0,full_ha_dp,0.6141072650308985,0.3729837162173968,0.0
0.1,2.181674760997187,default_credit_card_clients,5.163524148557913,37,31415,3.0,full_ha_dp,0.6189922000243844,0.38175881436321546,0.0
0.1,2.243262072753887,default_credit_card_clients,5.095130080492773,38,31415,3.0,full_ha_dp,0.6220674520046068,0.3873182923433387,0.0
0.1,2.305083543576888,default_credit_card_clients,5.02938371208336,39,31415,3.0,full_ha_dp,0.6241753901247331,0.3901804946546919,0.0
0.1,2.3671275612205402,default_credit_card_clients,4.9661185054613,40,31415,3.0,full_ha_dp,0.6283136797324571,0.3957360298649266,0.0
0.1,2.429391359574725,default_credit_card_clients,4.905182228313352,41,31415,3.0,full_ha_dp,0.6316448668381633,0.40130348450010916,0.0
0.1,2.4918821561721853,default_credit_card_clients,4.8464354117507416,42,31415,3.0,full_ha_dp,0.6334474965211967,0.4031413130734463,0.0
0.1,2.554618469178685,default_credit_card_clients,4.789750006612732,43,31415,3.0,full_ha_dp,0.6362436381480374,0.4057856093123604,0.0
0.1,2.6175874483102666,default_credit_card_clients,4.7350082087175815,44,31415,3.0,full_ha_dp,0.6394770862491297,0.41072297978654504,0.0
0.1,2.6807180571774745,default_credit_card_clients,4.682101428516916,45,31415,3.0,full_ha_dp,0.6422218393271526,0.4138486494878979,0.0
0.1,2.744167490300431,default_credit_card_clients,4.630929384633861,46,31415,3.0,full_ha_dp,0.6449232648051921,0.41721482354942074,0.0
0.1,2.807713010649615,default_credit_card_clients,4.581399304057813,47,31415,3.0,full_ha_dp,0.6472337342647759,0.41980663735094625,0.0
0.1,2.8715778170175743,default_credit_card_clients,4.533425214474994,48,31415,3.0,full_ha_dp,0.6486222327014557,0.42043689156587016,0.0
0.1,2.935603229901087,default_credit_card_clients,4.486927316448299,49,31415,3.0,full_ha_dp,0.6508138031657361,0.4216407349831801,0.0
0.1,2.999834784606401,default_credit_card_clients,4.44183142501245,50,31415,3.0,full_ha_dp,0.6531827145043674,0.4243931188011391,0.0
0.1,0.6467005424646253,default_credit_card_clients,5.292017590332032,1,27182,3.0,dp_uniform,0.45569400235178187,0.19178150399127183,0.0
0.1,0.7334742947113435,default_credit_card_clients,5.292017590332032,2,27182,3.0,dp_uniform,0.4480068800198299,0.1883500755316916,0.0
0.1,0.8162490958606783,default_credit_card_clients,5.292017590332032,3,27182,3.0,dp_uniform,0.43748532655407535,0.1852249291635787,0.0
0.1,0.8854997048050945,default_credit_card_clients,5.292017590332032,4,27182,3.0,dp_uniform,0.426288668623462,0.18234969900146386,0.0
0.1,0.9547503137495108,default_credit_card_clients,5.292017590332032,5,27182,3.0,dp_uniform,0.41808866842193826,0.1807624138964206,0.0
0.1,1.0240009226939268,default_credit_card_clients,5.292017590332032,6,27182,3.0,dp_uniform,0.41584973988325735,0.1803298560497323,0.0
0.1,1.093251531638343,default_credit_card_clients,5.292017590332032,7,27182,3.0,dp_uniform,0.41673946711082493,0.1807759845610673,0.0
0.1,1.1625021405827594,default_credit_card_clients,5.292017590332032,8,27182,3.0,dp_uniform,0.42241034461563887,0.18286971035993774,0.0
0.1,1.2315452173631827,default_credit_card_clients,5.292017590332032,9,27182,3.0,dp_uniform,0.42718897584637444,0.18462131055374595,0.0
0.1,1.2944255784088488,default_credit_card_clients,5.292017590332032,10,27182,3.0,dp_uniform,0.43351329401605543,0.18695773445697436,0.0
0.1,1.3573059394545148,default_credit_card_clients,5.292017590332032,11,27182,3.0,dp_uniform,0.43813020246080614,0.18882404978506687,0.0
0.1,1.4195597858055033,default_credit_card_clients,5.292017590332032,12,27182,3.0,dp_uniform,0.4418876122361173,0.1902111365561085,0.0
0.1,1.476713300771899,default_credit_card_clients,5.292017590332032,13,27182,3.0,dp_uniform,0.44701840616904415,0.19218319500583253,0.0
0.1,1.5338668157382949,default_credit_card_clients,5.292017590332032,14,27182,3.0,dp_uniform,0.45571616996107567,0.1958307612699684,0.0
0.1,1.5910203307046906,default_credit_card_clients,5.292017590332032,15,27182,3.0,dp_uniform,0.46199262624705395,0.1991599280656356,0.0
0.1,1.643226225687974,default_credit_card_clients,5.292017590332032,16,27182,3.0,dp_uniform,0.4713221669039608,0.20363645050210236,0.0
0.1,1.6943400797050945,default_credit_card_clients,5.292017590332032,17,27182,3.0,dp_uniform,0.47618997238117405,0.20630415578554195,0.0
0.1,1.7451329928210133,default_credit_card_clients,5.292017590332032,18,27182,3.0,dp_uniform,0.48512251130799977,0.21090094024696007,0.0
0.1,1.7947455610895575,default_credit_card_clients,5.292017590332032,19,27182,3.0,dp_uniform,0.48507817608941206,0.21117519546878474,0.0
0.1,1.8432506760431078,default_credit_card_clients,5.292017590332032,20,27182,3.0,dp_uniform,0.4930121649794093,0.21586515989770105,0.0
0.1,1.890725910627809,default_credit_card_clients,5.292017590332032,21,27182,3.0,dp_uniform,0.5047116245935518,0.2231298129622046,0.0
0.1,1.9372541030153791,default_credit_card_clients,5.292017590332032,22,27182,3.0,dp_uniform,0.5143001232317552,0.23017118160292022,0.0
0.1,1.9828326770262512,default_credit_card_clients,5.292017590332032,23,27182,3.0,dp_uniform,0.5196445323087868,0.2351326338510097,0.0
0.1,2.027589036049393,default_credit_card_clients,5.292017590332032,24,27182,3.0,dp_uniform,0.5201040063923325,0.23636741607076972,0.0
0.1,2.071558322729443,default_credit_card_clients,5.292017590332032,25,27182,3.0,dp_uniform,0.5247350214975429,0.23995364371096572,0.0
0.1,2.1147749924039205,default_credit_card_clients,5.292017590332032,26,27182,3.0,dp_uniform,0.5277699687335947,0.24382463809163954,0.0
0.1,2.1572643055428626,default_credit_card_clients,5.292017590332032,27,27182,3.0,dp_uniform,0.5299358449234663,0.2462813999811499,0.0
0.1,2.199120981423631,default_credit_card_clients,5.292017590332032,28,27182,3.0,dp_uniform,0.5352349111633057,0.25101343936513,0.0
0.1,2.240354843601321,default_credit_card_clients,5.292017590332032,29,27182,3.0,dp_uniform,0.5426409079046672,0.2595040494295821,0.0
0.1,2.2809293456019093,default_credit_card_clients,5.292017590332032,30,27182,3.0,dp_uniform,0.5467172289682287,0.26644151477517164,0.0
0.1,2.3209443846746014,default_credit_card_clients,5.292017590332032,31,27182,3.0,dp_uniform,0.5538677943934085,0.2767748952455032,0.0
0.1,2.360420520674575,default_credit_card_clients,5.292017590332032,32,27182,3.0,dp_uniform,0.5598787431771626,0.284220536040718,0.0
0.1,2.3993791870395538,default_credit_card_clients,5.292017590332032,33,27182,3.0,dp_uniform,0.5665698345187966,0.2958396980312316,0.0
0.1,2.4378427540742345,default_credit_card_clients,5.292017590332032,34,27182,3.0,dp_uniform,0.569369502810752,0.2978914236456146,0.0
0.1,2.4758345973785425,default_credit_card_clients,5.292017590332032,35,27182,3.0,dp_uniform,0.5738770846369399,0.30459111384861953,0.0
0.1,2.5133791719957648,default_credit_card_clients,5.292017590332032,36,27182,3.0,dp_uniform,0.5804729560204708,0.3080592005499516,0.0
0.1,2.5505020927496727,default_credit_card_clients,5.292017590332032,37,27182,3.0,dp_uniform,0.5861831306508511,0.3164797352546451,0.0
0.1,2.5871334796031626,default_credit_card_clients,5.292017590332032,38,27182,3.0,dp_uniform,0.5930263724017294,0.3265895296405129,0.0
0.1,2.6233649860250097,default_credit_card_clients,5.292017590332032,39,27182,3.0,dp_uniform,0.5939085424897651,0.32882359609497536,0.0
0.1,2.6592312109333833,default_credit_card_clients,5.292017590332032,40,27182,3.0,dp_uniform,0.5969621306699958,0.33062179063286934,0.0
0.1,2.69476179342479,default_credit_card_clients,5.292017590332032,41,27182,3.0,dp_uniform,0.5992872105993416,0.3336817679922326,0.0
0.1,2.729907224164767,default_credit_card_clients,5.292017590332032,42,27182,3.0,dp_uniform,0.6025196510818296,0.33895580249519247,0.0
0.1,2.7646406302186635,default_credit_card_clients,5.292017590332032,43,27182,3.0,dp_uniform,0.605299670811002,0.34442272068858165,0.0
0.1,2.799103746067376,default_credit_card_clients,5.292017590332032,44,27182,3.0,dp_uniform,0.6106324922740843,0.3519226427315964,0.0
0.1,2.8332649935015435,default_credit_card_clients,5.292017590332032,45,27182,3.0,dp_uniform,0.6122290639525452,0.35246098587163865,0.0
0.1,2.867002318184051,default_credit_card_clients,5.292017590332032,46,27182,3.0,dp_uniform,0.6165245420625348,0.35959281463938253,0.0
0.1,2.900541939215872,default_credit_card_clients,5.292017590332032,47,27182,3.0,dp_uniform,0.6224589118323645,0.36911809503942783,0.0
0.1,2.933828118902767,default_credit_card_clients,5.292017590332032,48,27182,3.0,dp_uniform,0.6236176732272715,0.37027013070688486,0.0
0.1,2.967012426712736,default_credit_card_clients,5.292017590332032,49,27182,3.0,dp_uniform,0.6249290888407247,0.3722620368441697,0.0
0.1,2.999973177356683,default_credit_card_clients,5.292017590332032,50,27182,3.0,dp_uniform,0.6281222321976464,0.3775452541447112,0.0
0.1,0.11394700822522269,default_credit_card_clients,26.912320757587878,1,27182,3.0,scheduler,0.4408835202969653,0.1883611158739254,0.0
0.1,0.1361065222531086,default_credit_card_clients,19.029884505157874,2,27182,3.0,scheduler,0.4235801898151927,0.18230191358216297,0.0
0.1,0.16934579329493749,default_credit_card_clients,15.537835633910916,3,27182,3.0,scheduler,0.43322410747663076,0.1854222380435433,0.0
0.1,0.2136648213507093,default_credit_card_clients,13.456160378793939,4,27182,3.0,scheduler,0.43331882362543184,0.18552188983173679,0.0
0.1,0.2657230445763909,default_credit_card_clients,12.035555729249026,5,27182,3.0,scheduler,0.4299735298592659,0.18476115684548106,0.0
0.1,0.3186587821263203,default_credit_card_clients,10.986908941700387,6,27182,3.0,scheduler,0.4300168574592494,0.18497257381781962,0.0
0.1,0.37218901684257044,default_credit_card_clients,10.171901132596988,7,27182,3.0,scheduler,0.4307131219147978,0.1851886747806913,0.0
0.1,0.42631002522053363,default_credit_card_clients,9.514942252578937,8,27182,3.0,scheduler,0.43694725821939684,0.18765539583458943,0.0
0.1,0.48090710186067964,default_credit_card_clients,8.970773585862625,9,27182,3.0,scheduler,0.4415898609385564,0.18976111206115476,0.0
0.1,0.5359973220876351,default_credit_card_clients,8.51042307150059,10,27182,3.0,scheduler,0.4468929576528129,0.1918897161834171,0.0
0.1,0.5916282265638603,default_credit_card_clients,8.11437001732838,11,27182,3.0,scheduler,0.4507727930885425,0.19343474011562417,0.0
0.1,0.647635098278261,default_credit_card_clients,7.768917816955458,12,27182,3.0,scheduler,0.4537533289199639,0.19462700535796093,0.0
0.1,0.7039243519756737,default_credit_card_clients,7.464134802555151,13,27182,3.0,scheduler,0.4577727195323844,0.19614549394563888,0.0
0.1,0.7607797897150115,default_credit_card_clients,7.1926202684184535,14,27182,3.0,scheduler,0.4657057008037774,0.1997637772092536,0.0
0.1,0.8178202677506267,default_credit_card_clients,6.948731340128667,15,27182,3.0,scheduler,0.47205772848507566,0.20349581936213768,0.0
0.1,0.8753441438244753,default_credit_card_clients,6.7280801893969695,16,27182,3.0,scheduler,0.48147039767683447,0.20823454516210183,0.0
0.1,0.933211450790763,default_credit_card_clients,6.527196536119854,17,27182,3.0,scheduler,0.4868248829399086,0.21158385369979826,0.0
0.1,0.9913758990052851,default_credit_card_clients,6.343294835052625,18,27182,3.0,scheduler,0.496567547224565,0.2168844969421414,0.0
0.1,1.049914769153957,default_credit_card_clients,6.174109816761975,19,27182,3.0,scheduler,0.4968194518756317,0.21688522163448903,0.0
0.1,1.1090709691214165,default_credit_card_clients,6.017777864624513,20,27182,3.0,scheduler,0.5050431311143556,0.22214917705257428,0.0
0.1,1.1681630065291122,default_credit_card_clients,5.87274985707513,21,27182,3.0,scheduler,0.5176877369793005,0.23058784561107393,0.0
0.1,1.2273502484387568,default_credit_card_clients,5.737726064309699,22,27182,3.0,scheduler,0.5278923943940131,0.23870549645770922,0.0
0.1,1.2880251082770158,default_credit_card_clients,5.611606793684486,23,27182,3.0,scheduler,0.5330398140339104,0.24342765859589258,0.0
0.1,1.3471477366236269,default_credit_card_clients,5.493454470850193,24,27182,3.0,scheduler,0.532238253434216,0.24308892551993705,0.0
0.1,1.4086691645221723,default_credit_card_clients,5.382464151517575,25,27182,3.0,scheduler,0.5374894577903528,0.24679254889906543,0.0
0.1,1.468112940247771,default_credit_card_clients,5.277940334577259,26,27182,3.0,scheduler,0.5405475802543027,0.25090485917533645,0.0
0.1,1.5298430150397389,default_credit_card_clients,5.17927854463697,27,27182,3.0,scheduler,0.5437356855182032,0.2538848186239365,0.0
0.1,1.5905521486203438,default_credit_card_clients,5.085950566298494,28,27182,3.0,scheduler,0.5509512423433581,0.2605588127030902,0.0
0.1,1.6517546159354572,default_credit_card_clients,4.997492504209573,29,27182,3.0,scheduler,0.560065152618952,0.2722010383863973,0.0
0.1,1.7150675131579884,default_credit_card_clients,4.913495051248467,30,27182,3.0,scheduler,0.5646941524869538,0.2805619247714266,0.0
0.1,1.7762235823693024,default_credit_card_clients,4.833595497908013,31,27182,3.0,scheduler,0.5729072517303331,0.29319432818425695,0.0
0.1,1.8375667450115771,default_credit_card_clients,4.757471126289468,32,27182,3.0,scheduler,0.5795393973836175,0.3032880991556121,0.0
0.1,1.9000734154612187,default_credit_card_clients,4.684833713808769,33,27182,3.0,scheduler,0.5874844700782618,0.3176949121355838,0.0
0.1,1.9628332662547132,default_credit_card_clients,4.6154249328276915,34,27182,3.0,scheduler,0.5909567237885653,0.3224827523946572,0.0
0.1,2.02582632073471,default_credit_card_clients,4.549012478578794,35,27182,3.0,scheduler,0.5962235462330683,0.3299022818325287,0.0
0.1,2.0890911881641285,default_credit_card_clients,4.485386792931313,36,27182,3.0,scheduler,0.602973583263052,0.33706414146947694,0.0
0.1,2.1526214389611615,default_credit_card_clients,4.424358278584393,37,27182,3.0,scheduler,0.6088046721259442,0.3464782302321695,0.0
0.1,2.216356267726092,default_credit_card_clients,4.365754919222825,38,27182,3.0,scheduler,0.6163346059556306,0.3585738970557866,0.0
0.1,2.280348484230908,default_credit_card_clients,4.309420237522871,39,27182,3.0,scheduler,0.6176082358714239,0.36235841632531673,0.0
0.1,2.3445939683597574,default_credit_card_clients,4.255211535750295,40,27182,3.0,scheduler,0.621395874204863,0.3669368642282178,0.0
0.1,2.4090962467163126,default_credit_card_clients,4.202998373865319,41,27182,3.0,scheduler,0.624922035510495,0.3731794327665822,0.0
0.1,2.4737770858650197,default_credit_card_clients,4.152661248150152,42,27182,3.0,scheduler,0.6285625615277111,0.3791774180814213,0.0
0.1,2.53871533770467,default_credit_card_clients,4.104090439864632,43,27182,3.0,scheduler,0.6313723060057091,0.38400375899693495,0.0
0.1,2.6039507741228727,default_credit_card_clients,4.05718500866419,44,27182,3.0,scheduler,0.6367922864780606,0.39420541409552456,0.0
0.1,2.6693249947035333,default_credit_card_clients,4.011851909749676,45,27182,3.0,scheduler,0.6375782289893888,0.39412617187246873,0.0
0.1,2.735025654457894,default_credit_card_clients,3.9680052171667994,46,27182,3.0,scheduler,0.6413759435088706,0.3999153783118155,0.0
0.1,2.8008584963782286,default_credit_card_clients,3.9255654384941665,47,27182,3.0,scheduler,0.6468740144230527,0.40980621069569667,0.0
0.1,2.8670117543158278,default_credit_card_clients,3.884458908477729,48,27182,3.0,scheduler,0.6483390918736567,0.4120666855436228,0.0
0.1,2.9333507288022624,default_credit_card_clients,3.8446172510839824,49,27182,3.0,scheduler,0.6500606082590467,0.41365083013239035,0.0
0.1,2.9999619671459685,default_credit_card_clients,3.805976901031574,50,27182,3.0,scheduler,0.6527302937510517,0.41917244878640714,0.0
0.1,0.7269922083939812,default_credit_card_clients,5.449565698242188,1,27182,3.0,ha_uniform,0.4579359537462756,0.19313765223179402,0.0
0.1,0.8012622264327821,default_credit_card_clients,5.449565698242188,2,27182,3.0,ha_uniform,0.45122823669767104,0.18947844788095536,0.0
0.1,0.8719299445402195,default_credit_card_clients,5.449565698242188,3,27182,3.0,ha_uniform,0.4439169561051107,0.1870806145432075,0.0
0.1,0.9425976626476571,default_credit_card_clients,5.449565698242188,4,27182,3.0,ha_uniform,0.4342186270390422,0.18441158871386165,0.0
0.1,1.0132653807550946,default_credit_card_clients,5.449565698242188,5,27182,3.0,ha_uniform,0.42565185366556535,0.1822624283982791,0.0
0.1,1.0839330988625322,default_credit_card_clients,5.449565698242188,6,27182,3.0,ha_uniform,0.4220405485878729,0.1818532391884604,0.0
0.1,1.15460081696997,default_credit_card_clients,5.449565698242188,7,27182,3.0,ha_uniform,0.4209437557371284,0.1817138715166358,0.0
0.1,1.2211690240675286,default_credit_card_clients,5.449565698242188,8,27182,3.0,ha_uniform,0.42382806399184236,0.18287024652493997,0.0
0.1,1.285252993447541,default_credit_card_clients,5.449565698242188,9,27182,3.0,ha_uniform,0.42658390087451215,0.18394204519900353,0.0
0.1,1.3493369628275533,default_credit_card_clients,5.449565698242188,10,27182,3.0,ha_uniform,0.43026674687310756,0.18532906353594591,0.0
0.1,1.4105166764054164,default_credit_card_clients,5.449565698242188,11,27182,3.0,ha_uniform,0.4334367150021311,0.1866146680549424,0.0
0.1,1.469143468082983,default_credit_card_clients,5.449565698242188,12,27182,3.0,ha_uniform,0.43583988537330753,0.1875474566389621,0.0
0.1,1.527770259760549,default_credit_card_clients,5.449565698242188,13,27182,3.0,ha_uniform,0.43884359643262716,0.18865899307983702,0.0
0.1,1.5813039754223608,default_credit_card_clients,5.449565698242188,14,27182,3.0,ha_uniform,0.44536994213246356,0.19118028676477405,0.0
0.1,1.6347030017947612,default_credit_card_clients,5.449565698242188,15,27182,3.0,ha_uniform,0.4500896276748495,0.19346155794499392,0.0
0.1,1.6881020281671617,default_credit_card_clients,5.449565698242188,16,27182,3.0,ha_uniform,0.4575596081975819,0.19666257909809015,0.0
0.1,1.738562573590332,default_credit_card_clients,5.449565698242188,17,27182,3.0,ha_uniform,0.4614656417170224,0.1986000778369852,0.0
0.1,1.7863953978359959,default_credit_card_clients,5.449565698242188,18,27182,3.0,ha_uniform,0.46844843864459174,0.2016652170384375,0.0
0.1,1.8341869704244076,default_credit_card_clients,5.449565698242188,19,27182,3.0,ha_uniform,0.4684998271934094,0.20179433472637118,0.0
0.1,1.8811451044777998,default_credit_card_clients,5.449565698242188,20,27182,3.0,ha_uniform,0.47495815863745783,0.2048365583424758,0.0
0.1,1.9271041081961515,default_credit_card_clients,5.449565698242188,21,27182,3.0,ha_uniform,0.48486355332670317,0.20968141096749893,0.0
0.1,1.9721364999155164,default_credit_card_clients,5.449565698242188,22,27182,3.0,ha_uniform,0.49322880297932664,0.21415500600919649,0.0
0.1,2.0162749821952897,default_credit_card_clients,5.449565698242188,23,27182,3.0,ha_uniform,0.49757415821022755,0.21669336757919672,0.0
0.1,2.0595785301102407,default_credit_card_clients,5.449565698242188,24,27182,3.0,ha_uniform,0.4986376996470312,0.21785779599286198,0.0
0.1,2.1021627467424913,default_credit_card_clients,5.449565698242188,25,27182,3.0,ha_uniform,0.503167952891815,0.2204416154349355,0.0
0.1,2.1439491529387587,default_credit_card_clients,5.449565698242188,26,27182,3.0,ha_uniform,0.5056849841652736,0.2228695564415394,0.0
0.1,2.185110761341196,default_credit_card_clients,5.449565698242188,27,27182,3.0,ha_uniform,0.5081753135457191,0.2246157319595668,0.0
0.1,2.2255858924086644,default_credit_card_clients,5.449565698242188,28,27182,3.0,ha_uniform,0.5130164171299193,0.227861392399146,0.0
0.1,2.265440041657192,default_credit_card_clients,5.449565698242188,29,27182,3.0,ha_uniform,0.5197745151087372,0.23375432969482043,0.0
0.1,2.3047301540235146,default_credit_card_clients,5.449565698242188,30,27182,3.0,ha_uniform,0.5237777838234894,0.23812485669580966,0.0
0.1,2.3434732118035217,default_credit_card_clients,5.449565698242188,31,27182,3.0,ha_uniform,0.5306043998673974,0.24625048389009432,0.0
0.1,2.3816868718731814,default_credit_card_clients,5.449565698242188,32,27182,3.0,ha_uniform,0.5362692316605857,0.25260212499101886,0.0
0.1,2.4193895121230033,default_credit_card_clients,5.449565698242188,33,27182,3.0,ha_uniform,0.5422756461606204,0.26103150619660315,0.0
0.1,2.4566002814798233,default_credit_card_clients,5.449565698242188,34,27182,3.0,ha_uniform,0.5449397897503021,0.2637154446827817,0.0
0.1,2.493339153856069,default_credit_card_clients,5.449565698242188,35,27182,3.0,ha_uniform,0.5492715421300453,0.2693940007558051,0.0
0.1,2.5296269864204852,default_credit_card_clients,5.449565698242188,36,27182,3.0,ha_uniform,0.5554190232346774,0.27400270298354645,0.0
0.1,2.5654855825700023,default_credit_card_clients,5.449565698242188,37,27182,3.0,ha_uniform,0.5612309673440887,0.28106880755417796,0.0
0.1,2.6009377600891797,default_credit_card_clients,5.449565698242188,38,27182,3.0,ha_uniform,0.5677321225788184,0.289313706254445,0.0
0.1,2.636007425004864,default_credit_card_clients,5.449565698242188,39,27182,3.0,ha_uniform,0.5691679790898987,0.29204684891517685,0.0
0.1,2.670719651651506,default_credit_card_clients,5.449565698242188,40,27182,3.0,ha_uniform,0.5724397166979532,0.29388290127393607,0.0
0.1,2.7051007697403575,default_credit_card_clients,5.449565698242188,41,27182,3.0,ha_uniform,0.575006625092323,0.29754797893214563,0.0
0.1,2.7390273941768166,default_credit_card_clients,5.449565698242188,42,27182,3.0,ha_uniform,0.5786088616025771,0.3040073333543843,0.0
0.1,2.7726433448976047,default_credit_card_clients,5.449565698242188,43,27182,3.0,ha_uniform,0.5819219115734066,0.30973540581527115,0.0
0.1,2.805986100952781,default_credit_card_clients,5.449565698242188,44,27182,3.0,ha_uniform,0.587341892045758,0.3183953252621924,0.0
0.1,2.8389903502224865,default_credit_card_clients,5.449565698242188,45,27182,3.0,ha_uniform,0.5896649567378952,0.3197255125296127,0.0
0.1,2.8716310601258304,default_credit_card_clients,5.449565698242188,46,27182,3.0,ha_uniform,0.5939302062897569,0.326607229322978,0.0
0.1,2.9040627320398196,default_credit_card_clients,5.449565698242188,47,27182,3.0,ha_uniform,0.6003603244128858,0.33595717546257814,0.0
0.1,2.9361489846584536,default_credit_card_clients,5.449565698242188,48,27182,3.0,ha_uniform,0.6021810912307961,0.3396447868230785,0.0
0.1,2.9679484380267893,default_credit_card_clients,5.449565698242188,49,27182,3.0,ha_uniform,0.6039943009091743,0.3410215204240473,0.0
0.1,2.9998761621489973,default_credit_card_clients,5.449565698242188,50,27182,3.0,ha_uniform,0.6074856993729589,0.3469679945044619,0.0
0.1,0.21329672877269965,default_credit_card_clients,27.705443189804583,1,27182,3.0,full_ha_dp,0.4496704583354746,0.19158598877121402,0.0
0.1,0.23415568389553948,default_credit_card_clients,19.590706755289478,2,27182,3.0,full_ha_dp,0.4256659603260251,0.18288368116457387,0.0
0.1,0.2654441165797992,default_credit_card_clients,15.995745083651565,3,27182,3.0,full_ha_dp,0.4311171769751089,0.18450120166457795,0.0
0.1,0.3071620268254789,default_credit_card_clients,13.852721594902292,4,27182,3.0,full_ha_dp,0.43226586218397306,0.18501841293231133,0.0
0.1,0.3571789003023462,default_credit_card_clients,12.390250863832334,5,27182,3.0,full_ha_dp,0.43056500197997055,0.18472613654773423,0.0
0.1,0.40840811378621256,default_credit_card_clients,11.310699818781398,6,27182,3.0,full_ha_dp,0.43141442446336753,0.18508151197162814,0.0
0.1,0.4602264160720022,default_credit_card_clients,10.471673234721575,7,27182,3.0,full_ha_dp,0.4315383615516924,0.1852807868751024,0.0
0.1,0.5126101897544545,default_credit_card_clients,9.795353377644739,8,27182,3.0,full_ha_dp,0.4359003424895635,0.1870464470600116,0.0
0.1,0.5654514684608999,default_credit_card_clients,9.235147729934862,9,27182,3.0,full_ha_dp,0.4389100992605088,0.18813857026541408,0.0
0.1,0.618766202403035,default_credit_card_clients,8.76123040641832,10,27182,3.0,full_ha_dp,0.4421284330825371,0.18970569927982456,0.0
0.1,0.6725533626231843,default_credit_card_clients,8.353505428280826,11,27182,3.0,full_ha_dp,0.44410437316550433,0.19053979652207395,0.0
0.1,0.726702293044662,default_credit_card_clients,7.9978725418257826,12,27182,3.0,full_ha_dp,0.4456147934533004,0.19116131222132499,0.0
0.1,0.781381330954875,default_credit_card_clients,7.6841073869457714,13,27182,3.0,full_ha_dp,0.4474960173874666,0.191913507081594,0.0
0.1,0.8361372067854634,default_credit_card_clients,7.4045911546412935,14,27182,3.0,full_ha_dp,0.45343592905961977,0.19433897065361622,0.0
0.1,0.8915668065394614,default_credit_card_clients,7.153514671560591,15,27182,3.0,full_ha_dp,0.45802563180205536,0.1967481583983573,0.0
0.1,0.9472685865091947,default_credit_card_clients,6.926360797451146,16,27182,3.0,full_ha_dp,0.4657258531758627,0.20006198308095482,0.0
0.1,1.0032056989100568,default_credit_card_clients,6.719556980947871,17,27182,3.0,full_ha_dp,0.46953918578371057,0.20215671073686214,0.0
0.1,1.059605102896302,default_credit_card_clients,6.5302355850964915,18,27182,3.0,full_ha_dp,0.4769416558599572,0.20547880075078512,0.0
0.1,1.1162222668011532,default_credit_card_clients,6.356064581598177,19,27182,3.0,full_ha_dp,0.4771381414877892,0.20566163722453332,0.0
0.1,1.172861114221153,default_credit_card_clients,6.195125431916167,20,27182,3.0,full_ha_dp,0.4834282006249251,0.20880700942488006,0.0
0.1,1.2300132786477604,default_credit_card_clients,6.0458233609323,21,27182,3.0,full_ha_dp,0.4943951215137656,0.21464962320197717,0.0
0.1,1.2881786528462973,default_credit_card_clients,5.906820335016007,22,27182,3.0,full_ha_dp,0.5033634309010427,0.2199637520607803,0.0
0.1,1.3452924585397874,default_credit_card_clients,5.7769842529136755,23,27182,3.0,full_ha_dp,0.5074840871831922,0.22244481183040776,0.0
0.1,1.4037957731220907,default_credit_card_clients,5.655349909390699,24,27182,3.0,full_ha_dp,0.5074896290855155,0.222843386787456,0.0
0.1,1.461737315129979,default_credit_card_clients,5.541088637960917,25,27182,3.0,full_ha_dp,0.5123710374138863,0.22544167978925084,0.0
0.1,1.5210141284721734,default_credit_card_clients,5.433484440674997,26,27182,3.0,full_ha_dp,0.5149727086501035,0.22767790148071992,0.0
0.1,1.5791212177429417,default_credit_card_clients,5.331915027883854,27,27182,3.0,full_ha_dp,0.5176690960351216,0.2296192466298599,0.0
0.1,1.6393804214311456,default_credit_card_clients,5.235836617360787,28,27182,3.0,full_ha_dp,0.5242392731442436,0.23471845522075505,0.0
0.1,1.6978743184406908,default_credit_card_clients,5.144771642475861,29,27182,3.0,full_ha_dp,0.5324251666853076,0.24185597703104952,0.0
0.1,1.7574713330773757,default_credit_card_clients,5.058298733577952,30,27182,3.0,full_ha_dp,0.5369796027765938,0.24682748927419762,0.0
0.1,1.8190549148686173,default_credit_card_clients,4.976044491890507,31,27182,3.0,full_ha_dp,0.5447438079317721,0.2554258791904569,0.0
0.1,1.8781621687391867,default_credit_card_clients,4.8976766888223695,32,27182,3.0,full_ha_dp,0.5512384136455742,0.26351777203787413,0.0
0.1,1.937709519197008,default_credit_card_clients,4.822898607694936,33,27182,3.0,full_ha_dp,0.5588469417263933,0.27421166764952254,0.0
0.1,1.9983564618225236,default_credit_card_clients,4.751444307797643,34,27182,3.0,full_ha_dp,0.5624421249064174,0.27826408690643273,0.0
0.1,2.059220577050654,default_credit_card_clients,4.683074638200511,35,27182,3.0,full_ha_dp,0.5674348750905598,0.28485980866525895,0.0
0.1,2.120341080812935,default_credit_card_clients,4.617573864967431,36,27182,3.0,full_ha_dp,0.5740609750322185,0.2927943254285537,0.0
0.1,2.181674760997187,default_credit_card_clients,4.554746803249982,37,27182,3.0,full_ha_dp,0.58009963332759,0.3006633443081781,0.0
0.1,2.243262072753887,default_credit_card_clients,4.494416367307707,38,27182,3.0,full_ha_dp,0.587995332710625,0.3121322957588786,0.0
0.1,2.305083543576888,default_credit_card_clients,4.436421468335133,39,27182,3.0,full_ha_dp,0.5894321968403096,0.3156871236309195,0.0
0.1,2.3671275612205402,default_credit_card_clients,4.38061520320916,40,27182,3.0,full_ha_dp,0.5936097835736,0.3196998281663165,0.0
0.1,2.429391359574725,default_credit_card_clients,4.326863287742844,41,27182,3.0,full_ha_dp,0.5974135438047073,0.32535734042921555,0.0
0.1,2.4918821561721853,default_credit_card_clients,4.2750426963712735,42,27182,3.0,full_ha_dp,0.6017775399797871,0.33323450673459154,0.0
0.1,2.554618469178685,default_credit_card_clients,4.225040476876398,43,27182,3.0,full_ha_dp,0.6054276383737439,0.33998578702941923,0.0
0.1,2.6175874483102666,default_credit_card_clients,4.176752714140413,44,27182,3.0,full_ha_dp,0.6119403812224228,0.35266531972283555,0.0
0.1,2.6807180571774745,default_credit_card_clients,4.1300836212774445,45,27182,3.0,full_ha_dp,0.6137903689798567,0.35458830876713593,0.0
0.1,2.744167490300431,default_credit_card_clients,4.084944740043161,46,27182,3.0,full_ha_dp,0.6180022147456922,0.36292039226294337,0.0
0.1,2.807713010649615,default_credit_card_clients,4.041254235326248,47,27182,3.0,full_ha_dp,0.6245285604455286,0.37440253956267144,0.0
0.1,2.8715778170175743,default_credit_card_clients,3.9989362709128913,48,27182,3.0,full_ha_dp,0.6265206224261644,0.379033051034501,0.0
0.1,2.935603229901087,default_credit_card_clients,3.95792045568637,49,27182,3.0,full_ha_dp,0.6286477052997717,0.38253298139622793,0.0
0.1,2.999924194849956,default_credit_card_clients,3.9181413510578955,50,27182,3.0,full_ha_dp,0.6321653018472673,0.3882665760124643,0.0
0.1,0.7376565347450253,default_credit_card_clients,5.875563269042969,1,73,3.0,ha_uniform,0.42537929283311116,0.18718190808094318,0.0
0.1,0.8153862792721438,default_credit_card_clients,5.875563269042969,2,73,3.0,ha_uniform,0.43787779400043725,0.19333617093738836,0.0
0.1,0.8931160237992622,default_credit_card_clients,5.875563269042969,3,73,3.0,ha_uniform,0.4406789737202992,0.19487663655505028,0.0
0.1,0.9665492286425835,default_credit_card_clients,5.875563269042969,4,73,3.0,ha_uniform,0.4386153708187607,0.19405329281737121,0.0
0.1,1.0310622185463723,default_credit_card_clients,5.875563269042969,5,73,3.0,ha_uniform,0.4356801778245313,0.19243133765058365,0.0
0.1,1.0955752084501607,default_credit_card_clients,5.875563269042969,6,73,3.0,ha_uniform,0.4330432399371649,0.19090984078409826,0.0
0.1,1.160088198353949,default_credit_card_clients,5.875563269042969,7,73,3.0,ha_uniform,0.4302072973754558,0.18955297846039465,0.0
0.1,1.2246011882577377,default_credit_card_clients,5.875563269042969,8,73,3.0,ha_uniform,0.4284867886086702,0.18872244001799457,0.0
0.1,1.2891141781615263,default_credit_card_clients,5.875563269042969,9,73,3.0,ha_uniform,0.4281583049436791,0.18836591835176425,0.0
0.1,1.3532762022715659,default_credit_card_clients,5.875563269042969,10,73,3.0,ha_uniform,0.43272584007682086,0.19006543257214276,0.0
0.1,1.4120416257035038,default_credit_card_clients,5.875563269042969,11,73,3.0,ha_uniform,0.43484183914578123,0.19064618118532317,0.0
0.1,1.4708070491354417,default_credit_card_clients,5.875563269042969,12,73,3.0,ha_uniform,0.43671449832181125,0.19159910188455692,0.0
0.1,1.5289912932579686,default_credit_card_clients,5.875563269042969,13,73,3.0,ha_uniform,0.440613982320324,0.19333743531705425,0.0
0.1,1.5824738845694468,default_credit_card_clients,5.875563269042969,14,73,3.0,ha_uniform,0.44422276835150576,0.19501669015978446,0.0
0.1,1.6359564758809246,default_credit_card_clients,5.875563269042969,15,73,3.0,ha_uniform,0.44886385964275893,0.1970246656203476,0.0
0.1,1.6894390671924029,default_credit_card_clients,5.875563269042969,16,73,3.0,ha_uniform,0.4521547420042944,0.19898456392102887,0.0
0.1,1.7394423917728985,default_credit_card_clients,5.875563269042969,17,73,3.0,ha_uniform,0.45251949993903906,0.19934981067442084,0.0
0.1,1.7873269700293015,default_credit_card_clients,5.875563269042969,18,73,3.0,ha_uniform,0.45852742586698025,0.20297509482687237,0.0
0.1,1.8351269200004374,default_credit_card_clients,5.875563269042969,19,73,3.0,ha_uniform,0.4631967304791529,0.20491859439819868,0.0
0.1,1.8820476634069299,default_credit_card_clients,5.875563269042969,20,73,3.0,ha_uniform,0.47031202925318333,0.20858613489662417,0.0
0.1,1.9279663586012643,default_credit_card_clients,5.875563269042969,21,73,3.0,ha_uniform,0.47436265604233613,0.21269059104161003,0.0
0.1,1.9729558479329177,default_credit_card_clients,5.875563269042969,22,73,3.0,ha_uniform,0.4814139710349956,0.21714771996238588,0.0
0.1,2.01708971788751,default_credit_card_clients,5.875563269042969,23,73,3.0,ha_uniform,0.4872521132281178,0.22118489718284448,0.0
0.1,2.0603453312066464,default_credit_card_clients,5.875563269042969,24,73,3.0,ha_uniform,0.48926735043665154,0.2234336706510698,0.0
0.1,2.1028799048785936,default_credit_card_clients,5.875563269042969,25,73,3.0,ha_uniform,0.4931668344351643,0.22810655731918442,0.0
0.1,2.144654503880399,default_credit_card_clients,5.875563269042969,26,73,3.0,ha_uniform,0.4944923567090773,0.22896140783515417,0.0
0.1,2.185802475421916,default_credit_card_clients,5.875563269042969,27,73,3.0,ha_uniform,0.4998816048139986,0.23203784133823968,0.0
0.1,2.2262225184186923,default_credit_card_clients,5.875563269042969,28,73,3.0,ha_uniform,0.505210899611966,0.23684038123433857,0.0
0.1,2.2660595257281213,default_credit_card_clients,5.875563269042969,29,73,3.0,ha_uniform,0.5081591916480509,0.24094982511949387,0.0
0.1,2.30533101933638,default_credit_card_clients,5.875563269042969,30,73,3.0,ha_uniform,0.5140567833388249,0.24649077371462644,0.0
0.1,2.3440540739755438,default_credit_card_clients,5.875563269042969,31,73,3.0,ha_uniform,0.5220744045729763,0.2548299380775546,0.0
0.1,2.382246436169648,default_credit_card_clients,5.875563269042969,32,73,3.0,ha_uniform,0.5274661717244082,0.261212232169006,0.0
0.1,2.419908348742686,default_credit_card_clients,5.875563269042969,33,73,3.0,ha_uniform,0.534529578140319,0.2680046891473983,0.0
0.1,2.4570933459940942,default_credit_card_clients,5.875563269042969,34,73,3.0,ha_uniform,0.5372844074043845,0.270697144818194,0.0
0.1,2.4938251508785836,default_credit_card_clients,5.875563269042969,35,73,3.0,ha_uniform,0.5428439430534269,0.2768486852404535,0.0
0.1,2.5300901143158043,default_credit_card_clients,5.875563269042969,36,73,3.0,ha_uniform,0.5501688264971448,0.2839756096769376,0.0
0.1,2.5659221946936763,default_credit_card_clients,5.875563269042969,37,73,3.0,ha_uniform,0.553114095677417,0.28768336892257446,0.0
0.1,2.6013470477198433,default_credit_card_clients,5.875563269042969,38,73,3.0,ha_uniform,0.5587990798426906,0.2943473702413946,0.0
0.1,2.636388652702252,default_credit_card_clients,5.875563269042969,39,73,3.0,ha_uniform,0.5627549904830422,0.2989495150173628,0.0
0.1,2.6710721553090515,default_credit_card_clients,5.875563269042969,40,73,3.0,ha_uniform,0.5670504685930319,0.30516116242228575,0.0
0.1,2.705423954633644,default_credit_card_clients,5.875563269042969,41,73,3.0,ha_uniform,0.5723626338747267,0.31107543504375723,0.0
0.1,2.7393584616284756,default_credit_card_clients,5.875563269042969,42,73,3.0,ha_uniform,0.578574602570032,0.3189625494669712,0.0
0.1,2.772943668144954,default_credit_card_clients,5.875563269042969,43,73,3.0,ha_uniform,0.582890736861409,0.32340715076845855,0.0
0.1,2.806255249722766,default_credit_card_clients,5.875563269042969,44,73,3.0,ha_uniform,0.5877101766456174,0.32916700900949947,0.0
0.1,2.839265616009971,default_credit_card_clients,5.875563269042969,45,73,3.0,ha_uniform,0.5936495845084686,0.33654897861335653,0.0
0.1,2.8718739477511344,default_credit_card_clients,5.875563269042969,46,73,3.0,ha_uniform,0.5982206463067252,0.34480089538775643,0.0
0.1,2.904272966250044,default_credit_card_clients,5.875563269042969,47,73,3.0,ha_uniform,0.6015301696124397,0.3487760751013352,0.0
0.1,2.9363636919369807,default_credit_card_clients,5.875563269042969,48,73,3.0,ha_uniform,0.6040673532579837,0.35106608657219773,0.0
0.1,2.968150784832587,default_credit_card_clients,5.875563269042969,49,73,3.0,ha_uniform,0.606677589252337,0.3561835164695839,0.0
0.1,2.999999046102365,default_credit_card_clients,5.875563269042969,50,73,3.0,ha_uniform,0.6112436129575722,0.3631007652285839,0.0
0.1,0.6201381617675162,default_credit_card_clients,6.325513330078126,1,101,3.0,ha_uniform,0.6526330585557398,0.4154030635883819,0.0
0.1,0.718316517816209,default_credit_card_clients,6.325513330078126,2,101,3.0,ha_uniform,0.6676485909965247,0.43140663697997567,0.04684684684684685
0.1,0.8090839009307015,default_credit_card_clients,6.325513330078126,3,101,3.0,ha_uniform,0.6760118254119397,0.43694983554068095,0.26229508196721313
0.1,0.8954283253233876,default_credit_card_clients,6.325513330078126,4,101,3.0,ha_uniform,0.6803697758753938,0.43776937742174926,0.3660130718954248
0.1,0.9817727497160736,default_credit_card_clients,6.325513330078126,5,101,3.0,ha_uniform,0.6846723073156133,0.4383051117720361,0.4251781472684085
0.1,1.062727951026851,default_credit_card_clients,6.325513330078126,6,101,3.0,ha_uniform,0.688922442588411,0.43951513769875117,0.4512471655328798
0.1,1.1389681060048495,default_credit_card_clients,6.325513330078126,7,101,3.0,ha_uniform,0.6916480509129528,0.4404099460060837,0.47135135135135137
0.1,1.2107880911981708,default_credit_card_clients,6.325513330078126,8,101,3.0,ha_uniform,0.6944593068188574,0.44156043724104166,0.4721030042918455
0.1,1.2796457538207038,default_credit_card_clients,6.325513330078126,9,101,3.0,ha_uniform,0.6963677364553389,0.44217303907570565,0.4787234042553192
0.1,1.343245055767066,default_credit_card_clients,6.325513330078126,10,101,3.0,ha_uniform,0.6981149471151376,0.44323992854185584,0.47720042417815484
0.1,1.4062421534005014,default_credit_card_clients,6.325513330078126,11,101,3.0,ha_uniform,0.7002304423747958,0.4448009625905977,0.47940865892291445
0.1,1.4644803520776208,default_credit_card_clients,6.325513330078126,12,101,3.0,ha_uniform,0.7021847186577714,0.4463779447313917,0.47940865892291445
0.1,1.5227185507547403,default_credit_card_clients,6.325513330078126,13,101,3.0,ha_uniform,0.7043677243639155,0.44838709674967175,0.47619047619047616
0.1,1.577631610166867,default_credit_card_clients,6.325513330078126,14,101,3.0,ha_uniform,0.7071578202791305,0.44966103692589837,0.48034006376195537
0.1,1.6307683247353038,default_credit_card_clients,6.325513330078126,15,101,3.0,ha_uniform,0.7089196414086912,0.4511256688187101,0.47914438502673795
0.1,1.6839050393037405,default_credit_card_clients,6.325513330078126,16,101,3.0,ha_uniform,0.7109197643381608,0.45296496646043505,0.47956989247311826
0.1,1.7357981355640137,default_credit_card_clients,6.325513330078126,17,101,3.0,ha_uniform,0.7127002264119005,0.45385710368243554,0.4838709677419355
0.1,1.7834683458081297,default_credit_card_clients,6.325513330078126,18,101,3.0,ha_uniform,0.7138564687602966,0.45495692217141676,0.4827586206896552
0.1,1.8311385560522453,default_credit_card_clients,6.325513330078126,19,101,3.0,ha_uniform,0.7162823105500691,0.45693623471465816,0.48497854077253216
0.1,1.8782633708809922,default_credit_card_clients,6.325513330078126,20,101,3.0,ha_uniform,0.7171181301823084,0.4581569199769874,0.48549946294307195
0.1,1.9243702410985346,default_credit_card_clients,6.325513330078126,21,101,3.0,ha_uniform,0.7193177615954229,0.45975137321123705,0.4838709677419355
0.1,1.9695278124245095,default_credit_card_clients,6.325513330078126,22,101,3.0,ha_uniform,0.7213062969109436,0.4620516178943805,0.4838012958963283
0.1,2.0138095660434656,default_credit_card_clients,6.325513330078126,23,101,3.0,ha_uniform,0.7229814628405372,0.4637288061807715,0.4772234273318872
0.1,2.0572943979640006,default_credit_card_clients,6.325513330078126,24,101,3.0,ha_uniform,0.7247458030166085,0.4659651288332677,0.4810400866738895
0.1,2.099937112846787,default_credit_card_clients,6.325513330078126,25,101,3.0,ha_uniform,0.7254435789000633,0.4677819688460938,0.48043478260869565
0.1,2.141911201875379,default_credit_card_clients,6.325513330078126,26,101,3.0,ha_uniform,0.7258315120627061,0.46751640604114786,0.4809575625680087
0.1,2.1831369915547256,default_credit_card_clients,6.325513330078126,27,101,3.0,ha_uniform,0.7270900276994354,0.4690263527437995,0.4820846905537459
0.1,2.2237589494234755,default_credit_card_clients,6.325513330078126,28,101,3.0,ha_uniform,0.7276860341038592,0.4701771686037246,0.4776444929116685
0.1,2.2637532627363455,default_credit_card_clients,6.325513330078126,29,101,3.0,ha_uniform,0.727937938754926,0.4707529844817655,0.48156182212581344
0.1,2.3031258698164394,default_credit_card_clients,6.325513330078126,30,101,3.0,ha_uniform,0.7279928539688586,0.4715268958223098,0.48497854077253216
0.1,2.341956446296895,default_credit_card_clients,6.325513330078126,31,101,3.0,ha_uniform,0.7283465280989562,0.4719339368461954,0.48497854077253216
0.1,2.3802623168765646,default_credit_card_clients,6.325513330078126,32,101,3.0,ha_uniform,0.727647240787595,0.47230568336576206,0.47956989247311826
0.1,2.418061535514389,default_credit_card_clients,6.325513330078126,33,101,3.0,ha_uniform,0.728779804098791,0.47288010892304017,0.4817204301075269
0.1,2.4553729351766442,default_credit_card_clients,6.325513330078126,34,101,3.0,ha_uniform,0.729198973438166,0.4732840742457961,0.47670639219934996
0.1,2.4922161815154134,default_credit_card_clients,6.325513330078126,35,101,3.0,ha_uniform,0.7295088161589781,0.4734304033786448,0.4750542299349241
0.1,2.5286118308793952,default_credit_card_clients,6.325513330078126,36,101,3.0,ha_uniform,0.7303637805446984,0.47361802815161974,0.47619047619047616
0.1,2.5645813930467445,default_credit_card_clients,6.325513330078126,37,101,3.0,ha_uniform,0.7304171843307246,0.47418501811210134,0.47844827586206895
0.1,2.6001473991542623,default_credit_card_clients,6.325513330078126,38,101,3.0,ha_uniform,0.7302383320284672,0.47438156495695827,0.4746494066882416
0.1,2.6353334753247775,default_credit_card_clients,6.325513330078126,39,101,3.0,ha_uniform,0.7308282927212655,0.4751007235057273,0.47680690399137
0.1,2.670164422561414,default_credit_card_clients,6.325513330078126,40,101,3.0,ha_uniform,0.730819224153827,0.47531675722121025,0.4794816414686825
0.1,2.704540013646186,default_credit_card_clients,6.325513330078126,41,101,3.0,ha_uniform,0.731332605832701,0.47513320889827143,0.47844827586206895
0.1,2.7385823312434687,default_credit_card_clients,6.325513330078126,42,101,3.0,ha_uniform,0.7312530039629639,0.47558746878430525,0.4788732394366197
0.1,2.7723239963248285,default_credit_card_clients,6.325513330078126,43,101,3.0,ha_uniform,0.7307920184515119,0.4757953186774114,0.47690655209452204
0.1,2.805781455608433,default_credit_card_clients,6.325513330078126,44,101,3.0,ha_uniform,0.7310534954793191,0.47617967812228,0.48
0.1,2.8387937619829273,default_credit_card_clients,6.325513330078126,45,101,3.0,ha_uniform,0.7320072064882577,0.4764263567214759,0.47680690399137
0.1,2.871565716427723,default_credit_card_clients,6.325513330078126,46,101,3.0,ha_uniform,0.7328672089669995,0.47675965446476004,0.47629310344827586
0.1,2.904109003061258,default_credit_card_clients,6.325513330078126,47,101,3.0,ha_uniform,0.7320787474091607,0.4761071164384927,0.4747583243823845
0.1,2.9362485480140252,default_credit_card_clients,6.325513330078126,48,101,3.0,ha_uniform,0.731985542688266,0.4756383291776426,0.4807692307692308
0.1,2.968305121629508,default_credit_card_clients,6.325513330078126,49,101,3.0,ha_uniform,0.7325719767159493,0.47653744185220326,0.4796573875802998
0.1,2.999999046102365,default_credit_card_clients,6.325513330078126,50,101,3.0,ha_uniform,0.7323291406323209,0.4769199054651194,0.47793326157158234
0.1,0.5430362637616699,default_credit_card_clients,4.7784807617187495,1,909,3.0,ha_uniform,0.5441362139133992,0.2496204750501772,0.0
0.1,0.6662464186976885,default_credit_card_clients,4.7784807617187495,2,909,3.0,ha_uniform,0.5676520168997792,0.2648547970260542,0.0
0.1,0.7820658984453347,default_credit_card_clients,4.7784807617187495,3,909,3.0,ha_uniform,0.5861952220741022,0.27704720891345724,0.0
0.1,0.8835537143927595,default_credit_card_clients,4.7784807617187495,4,909,3.0,ha_uniform,0.5951267533823238,0.2830879909096327,0.0
0.1,0.974288630540744,default_credit_card_clients,4.7784807617187495,5,909,3.0,ha_uniform,0.5990675497436114,0.28624139177976365,0.0
0.1,1.0570124629776851,default_credit_card_clients,4.7784807617187495,6,909,3.0,ha_uniform,0.5984609633438428,0.28433259450395365,0.0
0.1,1.1339222963733429,default_credit_card_clients,4.7784807617187495,7,909,3.0,ha_uniform,0.5964759546934371,0.28151495073054983,0.0
0.1,1.2063773698203084,default_credit_card_clients,4.7784807617187495,8,909,3.0,ha_uniform,0.5935684712108251,0.2785424571349651,0.0
0.1,1.2746836922706086,default_credit_card_clients,4.7784807617187495,9,909,3.0,ha_uniform,0.5905944849003314,0.27600848195020794,0.0
0.1,1.3390841200052261,default_credit_card_clients,4.7784807617187495,10,909,3.0,ha_uniform,0.5875706214689266,0.2740149150239851,0.0
0.1,1.4021428051030058,default_credit_card_clients,4.7784807617187495,11,909,3.0,ha_uniform,0.5869811645854305,0.27461853439276096,0.0
0.1,1.4608033192317063,default_credit_card_clients,4.7784807617187495,12,909,3.0,ha_uniform,0.5865146371716549,0.2760220608349765,0.0
0.1,1.5187350985049997,default_credit_card_clients,4.7784807617187495,13,909,3.0,ha_uniform,0.5880683850594344,0.2804633761553283,0.0
0.1,1.5745877508890058,default_credit_card_clients,4.7784807617187495,14,909,3.0,ha_uniform,0.5879676231990077,0.2838836972572851,0.0
0.1,1.6275070469375952,default_credit_card_clients,4.7784807617187495,15,909,3.0,ha_uniform,0.5898145881006289,0.28920345721899593,0.0
0.1,1.6804263429861845,default_credit_card_clients,4.7784807617187495,16,909,3.0,ha_uniform,0.5916635682394586,0.29414112837863565,0.0
0.1,1.733345639034774,default_credit_card_clients,4.7784807617187495,17,909,3.0,ha_uniform,0.5940909214571373,0.30039200573063135,0.0
0.1,1.780960599709664,default_credit_card_clients,4.7784807617187495,18,909,3.0,ha_uniform,0.5980428016230721,0.3080296083889081,0.0
0.1,1.8284914907260874,default_credit_card_clients,4.7784807617187495,19,909,3.0,ha_uniform,0.600428842477976,0.31341382770360554,0.0
0.1,1.8757218074491857,default_credit_card_clients,4.7784807617187495,20,909,3.0,ha_uniform,0.602146832198251,0.31860186073438773,0.0
0.1,1.9219469793285795,default_credit_card_clients,4.7784807617187495,21,909,3.0,ha_uniform,0.60464270348102,0.32447797197930506,0.0
0.1,1.9672343538929347,default_credit_card_clients,4.7784807617187495,22,909,3.0,ha_uniform,0.6067647482616061,0.3292980308886202,0.0
0.1,2.011632322574652,default_credit_card_clients,4.7784807617187495,23,909,3.0,ha_uniform,0.6091135072281522,0.3349016839027223,0.0
0.1,2.0551741067822507,default_credit_card_clients,4.7784807617187495,24,909,3.0,ha_uniform,0.6116960337108881,0.3408831260607756,0.0
0.1,2.0979710968229575,default_credit_card_clients,4.7784807617187495,25,909,3.0,ha_uniform,0.6150352817654283,0.34970174869924886,0.0
0.1,2.1400144892060182,default_credit_card_clients,4.7784807617187495,26,909,3.0,ha_uniform,0.6187292115686707,0.35690461012788616,0.0
0.1,2.18138878819636,default_credit_card_clients,4.7784807617187495,27,909,3.0,ha_uniform,0.6211273438468259,0.3613476432297119,0.0
0.1,2.2220690867939905,default_credit_card_clients,4.7784807617187495,28,909,3.0,ha_uniform,0.6242701062735342,0.36754868179214595,0.0
0.1,2.2621658541413767,default_credit_card_clients,4.7784807617187495,29,909,3.0,ha_uniform,0.62716902499801,0.37351770751554014,0.0
0.1,2.301690517296505,default_credit_card_clients,4.7784807617187495,30,909,3.0,ha_uniform,0.62922355933211,0.37773944763343287,0.0
0.1,2.3405956182540564,default_credit_card_clients,4.7784807617187495,31,909,3.0,ha_uniform,0.6326424092563876,0.38524481236787833,0.0
0.1,2.3789804448172633,default_credit_card_clients,4.7784807617187495,32,909,3.0,ha_uniform,0.6355624879715529,0.39036275104562407,0.0
0.1,2.4168627762065906,default_credit_card_clients,4.7784807617187495,33,909,3.0,ha_uniform,0.6375605956638141,0.3928082731063023,0.0
0.1,2.454261175752226,default_credit_card_clients,4.7784807617187495,34,909,3.0,ha_uniform,0.6394156215142694,0.39648998137612523,0.0
0.1,2.491195044469767,default_credit_card_clients,4.7784807617187495,35,909,3.0,ha_uniform,0.6408101656625746,0.3980757665379807,0.0
0.1,2.52768467894803,default_credit_card_clients,4.7784807617187495,36,909,3.0,ha_uniform,0.643544842554555,0.40494869049585946,0.0
0.1,2.563751333984913,default_credit_card_clients,4.7784807617187495,37,909,3.0,ha_uniform,0.6449091581447324,0.4084742196827995,0.0
0.1,2.5994172904056607,default_credit_card_clients,4.7784807617187495,38,909,3.0,ha_uniform,0.6450351104702656,0.40912162848007183,0.0
0.1,2.6346958008105834,default_credit_card_clients,4.7784807617187495,39,909,3.0,ha_uniform,0.6462351842279475,0.41178334805239536,0.0
0.1,2.6695259923313324,default_credit_card_clients,4.7784807617187495,40,909,3.0,ha_uniform,0.6475652407855798,0.4147403757967877,0.0
0.1,2.7040043340003193,default_credit_card_clients,4.7784807617187495,41,909,3.0,ha_uniform,0.6502243462822399,0.41818437151188304,0.0
0.1,2.7381566476125605,default_credit_card_clients,4.7784807617187495,42,909,3.0,ha_uniform,0.651270254393469,0.4210040828869198,0.0
0.1,2.772010115360782,default_credit_card_clients,4.7784807617187495,43,909,3.0,ha_uniform,0.6520209302536478,0.42245483590848,0.0
0.1,2.805460275087083,default_credit_card_clients,4.7784807617187495,44,909,3.0,ha_uniform,0.6519584579001833,0.42351511010998066,0.0
0.1,2.838588706400393,default_credit_card_clients,4.7784807617187495,45,909,3.0,ha_uniform,0.652063250235027,0.42345442184372734,0.0
0.1,2.8714780504419553,default_credit_card_clients,4.7784807617187495,46,909,3.0,ha_uniform,0.6540361674621815,0.4260052642270278,0.0
0.1,2.9040194312931904,default_credit_card_clients,4.7784807617187495,47,909,3.0,ha_uniform,0.6538759561041032,0.426180748296003,0.0
0.1,2.9362485480140252,default_credit_card_clients,4.7784807617187495,48,909,3.0,ha_uniform,0.6552231421780079,0.42735151574532193,0.0
0.1,2.968305121629508,default_credit_card_clients,4.7784807617187495,49,909,3.0,ha_uniform,0.6563395835915355,0.42907630662557855,0.0
0.1,2.999941279650947,default_credit_card_clients,4.7784807617187495,50,909,3.0,ha_uniform,0.6583452484233288,0.43154397239642817,0.0
0.1,0.8365173726901386,default_credit_card_clients,6.66252509765625,1,4096,3.0,ha_uniform,0.4069015828680654,0.18109832240586682,0.0
0.1,0.9074127774280893,default_credit_card_clients,6.66252509765625,2,4096,3.0,ha_uniform,0.4283366534366344,0.18661331173993356,0.0
0.1,0.97830818216604,default_credit_card_clients,6.66252509765625,3,4096,3.0,ha_uniform,0.4265763437349801,0.18571335024600663,0.0
0.1,1.0492035869039908,default_credit_card_clients,6.66252509765625,4,4096,3.0,ha_uniform,0.42999519365925765,0.18693820107067233,0.0
0.1,1.1053047986577584,default_credit_card_clients,6.66252509765625,5,4096,3.0,ha_uniform,0.4326064372722152,0.1880038721250727,0.0
0.1,1.159622237147559,default_credit_card_clients,6.66252509765625,6,4096,3.0,ha_uniform,0.44033688720415054,0.1914704256471195,0.0
0.1,1.2139396756373597,default_credit_card_clients,6.66252509765625,7,4096,3.0,ha_uniform,0.45025235807943864,0.1965059882837513,0.0
0.1,1.2682571141271608,default_credit_card_clients,6.66252509765625,8,4096,3.0,ha_uniform,0.4602151870291272,0.1994537284606324,0.0
0.1,1.3225745526169614,default_credit_card_clients,6.66252509765625,9,4096,3.0,ha_uniform,0.4702964111648172,0.20494114288215065,0.0
0.1,1.376891991106762,default_credit_card_clients,6.66252509765625,10,4096,3.0,ha_uniform,0.4832659740296381,0.21194566894558625,0.0
0.1,1.4312094295965627,default_credit_card_clients,6.66252509765625,11,4096,3.0,ha_uniform,0.49837571880992176,0.2188471197813936,0.0
0.1,1.4855268680863638,default_credit_card_clients,6.66252509765625,12,4096,3.0,ha_uniform,0.5050587492027218,0.22388853322801672,0.0
0.1,1.5398443065761644,default_credit_card_clients,6.66252509765625,13,4096,3.0,ha_uniform,0.5120853775395767,0.22975688820891588,0.0
0.1,1.594161745065965,default_credit_card_clients,6.66252509765625,14,4096,3.0,ha_uniform,0.5204047805457062,0.23594592631558015,0.0
0.1,1.6479000843114142,default_credit_card_clients,6.66252509765625,15,4096,3.0,ha_uniform,0.5307288407650244,0.2443131696171093,0.0
0.1,1.696066452504572,default_credit_card_clients,6.66252509765625,16,4096,3.0,ha_uniform,0.5418136530305641,0.25267649118538593,0.0
0.1,1.74423282069773,default_credit_card_clients,6.66252509765625,17,4096,3.0,ha_uniform,0.5514827611571089,0.2604551765846046,0.0
0.1,1.792399188890888,default_credit_card_clients,6.66252509765625,18,4096,3.0,ha_uniform,0.5593714072099142,0.26849304802745066,0.0
0.1,1.8399869800832045,default_credit_card_clients,6.66252509765625,19,4096,3.0,ha_uniform,0.5661652756491834,0.27673809931795396,0.0
0.1,1.8865690363049306,default_credit_card_clients,6.66252509765625,20,4096,3.0,ha_uniform,0.5716452094284888,0.283932977602562,0.0
0.1,1.932201470217275,default_credit_card_clients,6.66252509765625,21,4096,3.0,ha_uniform,0.5834696137495604,0.2991600559261529,0.0
0.1,1.9769512074961897,default_credit_card_clients,6.66252509765625,22,4096,3.0,ha_uniform,0.595263789512504,0.3186765103578191,0.0
0.1,2.0208186158595973,default_credit_card_clients,6.66252509765625,23,4096,3.0,ha_uniform,0.6003613320314901,0.3288607838123082,0.0
0.1,2.0638930167752694,default_credit_card_clients,6.66252509765625,24,4096,3.0,ha_uniform,0.606058407620015,0.3414852653794929,0.0
0.1,2.106228924270806,default_credit_card_clients,6.66252509765625,25,4096,3.0,ha_uniform,0.6093155347583075,0.345636071479685,0.0
0.1,2.147836256001266,default_credit_card_clients,6.66252509765625,26,4096,3.0,ha_uniform,0.6148105828166768,0.3559218026630686,0.0
0.1,2.1887591045321644,default_credit_card_clients,6.66252509765625,27,4096,3.0,ha_uniform,0.6168620942949642,0.3617533725708332,0.0
0.1,2.2290772952177647,default_credit_card_clients,6.66252509765625,28,4096,3.0,ha_uniform,0.6239073635759982,0.37413015064989075,0.0
0.1,2.268777001385017,default_credit_card_clients,6.66252509765625,29,4096,3.0,ha_uniform,0.6273060611281902,0.3798731413191541,0.0
0.1,2.307863637353117,default_credit_card_clients,6.66252509765625,30,4096,3.0,ha_uniform,0.6312780936662102,0.38833919371284775,0.0
0.1,2.3464129344622733,default_credit_card_clients,6.66252509765625,31,4096,3.0,ha_uniform,0.6338243458791926,0.39413857001136277,0.0
0.1,2.3844437721467986,default_credit_card_clients,6.66252509765625,32,4096,3.0,ha_uniform,0.6366265332176587,0.3980856122360036,0.0
0.1,2.421975786945446,default_credit_card_clients,6.66252509765625,33,4096,3.0,ha_uniform,0.6400332917186851,0.40139219222161276,0.0
0.1,2.459029426923802,default_credit_card_clients,6.66252509765625,34,4096,3.0,ha_uniform,0.6401869535558355,0.40216586613062494,0.0
0.1,2.495626010243094,default_credit_card_clients,6.66252509765625,35,4096,3.0,ha_uniform,0.6443741126658666,0.41030533810282144,0.0
0.1,2.5317877885131517,default_credit_card_clients,6.66252509765625,36,4096,3.0,ha_uniform,0.6484317927852493,0.41745526899140073,0.0
0.1,2.5675380153297374,default_credit_card_clients,6.66252509765625,37,4096,3.0,ha_uniform,0.6501734615427245,0.42192162564234126,0.0
0.1,2.602901020575684,default_credit_card_clients,6.66252509765625,38,4096,3.0,ha_uniform,0.6552835992942639,0.43128657360398753,0.0
0.1,2.637800430520245,default_credit_card_clients,6.66252509765625,39,4096,3.0,ha_uniform,0.6572937984097764,0.43286489701553493,0.0
0.1,2.672332073078207,default_credit_card_clients,6.66252509765625,40,4096,3.0,ha_uniform,0.6585603749953397,0.4360107898879683,0.0
0.1,2.70653004109121,default_credit_card_clients,6.66252509765625,41,4096,3.0,ha_uniform,0.6598974848832019,0.4365964157897232,0.0
0.1,2.740422390505614,default_credit_card_clients,6.66252509765625,42,4096,3.0,ha_uniform,0.6613393871059077,0.4377470186587641,0.0
0.1,2.773916893919323,default_credit_card_clients,6.66252509765625,43,4096,3.0,ha_uniform,0.6610733757943813,0.4376080458761361,0.0
0.1,2.8070674453679185,default_credit_card_clients,6.66252509765625,44,4096,3.0,ha_uniform,0.6645970180535025,0.4407941970733254,0.0
0.1,2.8399742215220636,default_credit_card_clients,6.66252509765625,45,4096,3.0,ha_uniform,0.6658469689320956,0.4407638097620016,0.0
0.1,2.8725386590828847,default_credit_card_clients,6.66252509765625,46,4096,3.0,ha_uniform,0.6665618743318229,0.4413577696485488,0.0
0.1,2.9047712702908557,default_credit_card_clients,6.66252509765625,47,4096,3.0,ha_uniform,0.669900114767759,0.4452877411870313,0.0
0.1,2.936828625049639,default_credit_card_clients,6.66252509765625,48,4096,3.0,ha_uniform,0.6710528304510402,0.44283702280955,0.0
0.1,2.9684681093511105,default_credit_card_clients,6.66252509765625,49,4096,3.0,ha_uniform,0.6712734989253748,0.4422539395673001,0.0
0.1,2.999999046102365,default_credit_card_clients,6.66252509765625,50,4096,3.0,ha_uniform,0.6720020071762597,0.44282781637480356,0.0
0.1,0.610835903309227,default_credit_card_clients,6.765853686523438,1,65537,3.0,ha_uniform,0.3708227911236862,0.17330387579460368,0.0
0.1,0.7071440761025007,default_credit_card_clients,6.765853686523438,2,65537,3.0,ha_uniform,0.38251116693318177,0.17422215109303976,0.0
0.1,0.7997362112943394,default_credit_card_clients,6.765853686523438,3,65537,3.0,ha_uniform,0.4208616348208807,0.18361338935520177,0.0
0.1,0.892328346486178,default_credit_card_clients,6.765853686523438,4,65537,3.0,ha_uniform,0.45760092056035684,0.19462615608590106,0.0
0.1,0.9793770165840172,default_credit_card_clients,6.765853686523438,5,65537,3.0,ha_uniform,0.47787219164099753,0.20164514387579385,0.0
0.1,1.061568743826484,default_credit_card_clients,6.765853686523438,6,65537,3.0,ha_uniform,0.4926176822958389,0.20739749904153387,0.0
0.1,1.1380272124056294,default_credit_card_clients,6.765853686523438,7,65537,3.0,ha_uniform,0.5041408086542347,0.21254214909588376,0.0
0.1,1.2099786746118266,default_credit_card_clients,6.765853686523438,8,65537,3.0,ha_uniform,0.5122360165209148,0.21677067290267418,0.0
0.1,1.2787351601610666,default_credit_card_clients,6.765853686523438,9,65537,3.0,ha_uniform,0.5198364836528996,0.22124503586854138,0.0
0.1,1.342480116388686,default_credit_card_clients,6.765853686523438,10,65537,3.0,ha_uniform,0.5274334241197696,0.2261816140969341,0.0
0.1,1.405614594685203,default_credit_card_clients,6.765853686523438,11,65537,3.0,ha_uniform,0.5343300696566741,0.23069448531532794,0.0
0.1,1.4637957425700225,default_credit_card_clients,6.765853686523438,12,65537,3.0,ha_uniform,0.5388799714642412,0.23566110013743846,0.0
0.1,1.521976890454842,default_credit_card_clients,6.765853686523438,13,65537,3.0,ha_uniform,0.5431940905184096,0.23920154168083754,0.0
0.1,1.5770505482044554,default_credit_card_clients,6.765853686523438,14,65537,3.0,ha_uniform,0.5478271208608286,0.24257211454048985,0.0
0.1,1.6301457583470058,default_credit_card_clients,6.765853686523438,15,65537,3.0,ha_uniform,0.5533065508308319,0.24804727938588422,0.0
0.1,1.6832409684895557,default_credit_card_clients,6.765853686523438,16,65537,3.0,ha_uniform,0.5597281041958246,0.2549147616957564,0.0
0.1,1.735322750322021,default_credit_card_clients,6.765853686523438,17,65537,3.0,ha_uniform,0.5646180772823317,0.26060951209323774,0.0
0.1,1.7829649967283725,default_credit_card_clients,6.765853686523438,18,65537,3.0,ha_uniform,0.5700370501360789,0.26770370377295116,0.0
0.1,1.830607243134724,default_credit_card_clients,6.765853686523438,19,65537,3.0,ha_uniform,0.5750821964876431,0.27522551266847417,0.0
0.1,1.877746463992695,default_credit_card_clients,6.765853686523438,20,65537,3.0,ha_uniform,0.5804427274623428,0.2839288398404588,0.0
0.1,1.9238699561160348,default_credit_card_clients,6.765853686523438,21,65537,3.0,ha_uniform,0.5854097833720763,0.2922158506109662,0.0
0.1,1.9690461500489607,default_credit_card_clients,6.765853686523438,22,65537,3.0,ha_uniform,0.5906337820258978,0.303799196471234,0.0
0.1,2.0133483212716285,default_credit_card_clients,6.765853686523438,23,65537,3.0,ha_uniform,0.5945896926662494,0.3124712164717628,0.0
0.1,2.056838254633713,default_credit_card_clients,6.765853686523438,24,65537,3.0,ha_uniform,0.5994514524318372,0.32339592827717856,0.0
0.1,2.0995007037584537,default_credit_card_clients,6.765853686523438,25,65537,3.0,ha_uniform,0.602920683286328,0.3322353122249946,0.0
0.1,2.1414996693469748,default_credit_card_clients,6.765853686523438,26,65537,3.0,ha_uniform,0.6067869158708998,0.3404997484885519,0.0
0.1,2.1827307992318006,default_credit_card_clients,6.765853686523438,27,65537,3.0,ha_uniform,0.6101775524742579,0.3478430467858096,0.0
0.1,2.2233591159366495,default_credit_card_clients,6.765853686523438,28,65537,3.0,ha_uniform,0.6141999659424913,0.3579875402932211,0.0
0.1,2.2633818135491786,default_credit_card_clients,6.765853686523438,29,65537,3.0,ha_uniform,0.6182873708106997,0.36568837780529884,0.0
0.1,2.302762833778424,default_credit_card_clients,6.765853686523438,30,65537,3.0,ha_uniform,0.6216220845815208,0.37328526267428636,0.0
0.1,2.3416026677140467,default_credit_card_clients,6.765853686523438,31,65537,3.0,ha_uniform,0.6255840409334983,0.38108107649090806,0.0
0.1,2.3799185940675716,default_credit_card_clients,6.765853686523438,32,65537,3.0,ha_uniform,0.6291404307972581,0.38877522941901377,0.0
0.1,2.41772862176297,default_credit_card_clients,6.765853686523438,33,65537,3.0,ha_uniform,0.6327739034842443,0.39564530484088595,0.0
0.1,2.455051539648741,default_credit_card_clients,6.765853686523438,34,65537,3.0,ha_uniform,0.635109563408935,0.4009061424007126,0.0
0.1,2.491906970162217,default_credit_card_clients,6.765853686523438,35,65537,3.0,ha_uniform,0.6375036652126731,0.40515062155546266,0.0
0.1,2.5283154273090283,default_credit_card_clients,6.765853686523438,36,65537,3.0,ha_uniform,0.6399345450954668,0.4095960073121995,0.0
0.1,2.564298379387847,default_credit_card_clients,6.765853686523438,37,65537,3.0,ha_uniform,0.6427488238571842,0.4144038525030061,0.0
0.1,2.5998783168790744,default_credit_card_clients,6.765853686523438,38,65537,3.0,ha_uniform,0.645345960809682,0.41778136745982764,0.0
0.1,2.6350788260697526,default_credit_card_clients,6.765853686523438,39,65537,3.0,ha_uniform,0.6476387969436912,0.42090581720622133,0.0
0.1,2.669908451284814,default_credit_card_clients,6.765853686523438,40,65537,3.0,ha_uniform,0.6496661255754761,0.4249846687081138,0.0
0.1,2.7042942661568237,default_credit_card_clients,6.765853686523438,41,65537,3.0,ha_uniform,0.6516697751700609,0.4292676603601702,0.0
0.1,2.738352423536315,default_credit_card_clients,6.765853686523438,42,65537,3.0,ha_uniform,0.653301613499671,0.4317560051788717,0.0
0.1,2.772110299650416,default_credit_card_clients,6.765853686523438,43,65537,3.0,ha_uniform,0.6554075363825888,0.4350717441190675,0.0
0.1,2.8055627892439174,default_credit_card_clients,6.765853686523438,44,65537,3.0,ha_uniform,0.6585865730790508,0.44071986345439274,0.0
0.1,2.8385921303510826,default_credit_card_clients,6.765853686523438,45,65537,3.0,ha_uniform,0.6608426311340042,0.4432041097914885,0.0
0.1,2.871381403295419,default_credit_card_clients,6.765853686523438,46,65537,3.0,ha_uniform,0.6628765092867169,0.4459726098783615,0.0
0.1,2.9039206831217292,default_credit_card_clients,6.765853686523438,47,65537,3.0,ha_uniform,0.6649582493231323,0.448879551311419,0.0
0.1,2.936046829360504,default_credit_card_clients,6.765853686523438,48,65537,3.0,ha_uniform,0.6667785123317402,0.45069220980402697,0.0
0.1,2.9679998889578934,default_credit_card_clients,6.765853686523438,49,65537,3.0,ha_uniform,0.6686839191124089,0.45277087159132917,0.0
0.1,2.9998347846064015,default_credit_card_clients,6.765853686523438,50,65537,3.0,ha_uniform,0.670941992404571,0.4552672316261934,0.0
