alpha,composed_epsilon,dataset,mean_noise_multiplier,round,seed,target_epsilon,v5_variant,validation_auc,validation_auprc,validation_f1_fixed_0_5
0.5,0.49442138372251254,german_credit,7.435753466796875,1,42,3.0,ha_uniform,0.5282738095238095,0.3521550297675344,0.0
0.5,0.6472146990510717,german_credit,7.435753466796875,2,42,3.0,ha_uniform,0.5327380952380952,0.3570108389254109,0.0
0.5,0.7670842202150278,german_credit,7.435753466796875,3,42,3.0,ha_uniform,0.5424107142857142,0.3633107185935248,0.0
0.5,0.8700177103240878,german_credit,7.435753466796875,4,42,3.0,ha_uniform,0.5409226190476191,0.36265147109370516,0.0
0.5,0.961303468822045,german_credit,7.435753466796875,5,42,3.0,ha_uniform,0.5401785714285714,0.36597633402474095,0.0
0.5,1.0452228251939664,german_credit,7.435753466796875,6,42,3.0,ha_uniform,0.5386904761904762,0.3643499464704577,0.0
0.5,1.1228412186737524,german_credit,7.435753466796875,7,42,3.0,ha_uniform,0.5409226190476191,0.36537142550141943,0.0
0.5,1.1951873861729547,german_credit,7.435753466796875,8,42,3.0,ha_uniform,0.5446428571428572,0.3675654641696628,0.0
0.5,1.2635046040231976,german_credit,7.435753466796875,9,42,3.0,ha_uniform,0.546875,0.3689175618132207,0.0
0.5,1.3293401574363626,german_credit,7.435753466796875,10,42,3.0,ha_uniform,0.5491071428571429,0.390274202420983,0.0
0.5,1.3914244462772556,german_credit,7.435753466796875,11,42,3.0,ha_uniform,0.5535714285714286,0.39278625659407945,0.0
0.5,1.4518669654640517,german_credit,7.435753466796875,12,42,3.0,ha_uniform,0.5550595238095238,0.39365126705661313,0.0
0.5,1.5090540485900403,german_credit,7.435753466796875,13,42,3.0,ha_uniform,0.5610119047619048,0.39639488525782957,0.0
0.5,1.566241131716029,german_credit,7.435753466796875,14,42,3.0,ha_uniform,0.5610119047619048,0.39643634650382065,0.0
0.5,1.6192667515457893,german_credit,7.435753466796875,15,42,3.0,ha_uniform,0.5639880952380952,0.39816606624116524,0.0
0.5,1.6716366945682584,german_credit,7.435753466796875,16,42,3.0,ha_uniform,0.5699404761904763,0.3982091548199497,0.0
0.5,1.7240066375907275,german_credit,7.435753466796875,17,42,3.0,ha_uniform,0.5706845238095238,0.398848574379972,0.0
0.5,1.7742947819729382,german_credit,7.435753466796875,18,42,3.0,ha_uniform,0.5721726190476191,0.3962663930961646,0.0
0.5,1.8214553497817656,german_credit,7.435753466796875,19,42,3.0,ha_uniform,0.5796130952380952,0.39676015304562307,0.0
0.5,1.868615917590593,german_credit,7.435753466796875,20,42,3.0,ha_uniform,0.5811011904761905,0.39575300576103456,0.0
0.5,1.9151146812260889,german_credit,7.435753466796875,21,42,3.0,ha_uniform,0.5877976190476191,0.39897120167858346,0.0
0.5,1.960645811339996,german_credit,7.435753466796875,22,42,3.0,ha_uniform,0.5892857142857143,0.39870429623270665,0.0
0.5,2.0052737898812976,german_credit,7.435753466796875,23,42,3.0,ha_uniform,0.5967261904761905,0.40429791603771636,0.0
0.5,2.049068056494133,german_credit,7.435753466796875,24,42,3.0,ha_uniform,0.5952380952380952,0.4041858710699978,0.0
0.5,2.092103583364037,german_credit,7.435753466796875,25,42,3.0,ha_uniform,0.6026785714285715,0.41076120173988817,0.0
0.5,2.134382846524298,german_credit,7.435753466796875,26,42,3.0,ha_uniform,0.6004464285714285,0.4090843332867039,0.0
0.5,2.175973986997449,german_credit,7.435753466796875,27,42,3.0,ha_uniform,0.603422619047619,0.4013390520512059,0.0
0.5,2.2168911659180752,german_credit,7.435753466796875,28,42,3.0,ha_uniform,0.6049107142857142,0.40089406026665675,0.0
0.5,2.257226379928445,german_credit,7.435753466796875,29,42,3.0,ha_uniform,0.6049107142857143,0.40361344140929856,0.0
0.5,2.29691996334498,german_credit,7.435753466796875,30,42,3.0,ha_uniform,0.6034226190476191,0.39866524500068157,0.0
0.5,2.336051414903253,german_credit,7.435753466796875,31,42,3.0,ha_uniform,0.6049107142857143,0.3988500724365538,0.0
0.5,2.3746592320803863,german_credit,7.435753466796875,32,42,3.0,ha_uniform,0.6086309523809524,0.40086264197574606,0.0
0.5,2.4127598151375973,german_credit,7.435753466796875,33,42,3.0,ha_uniform,0.6108630952380952,0.40224655496254746,0.0
0.5,2.450370306624413,german_credit,7.435753466796875,34,42,3.0,ha_uniform,0.6123511904761905,0.4023583616285892,0.0
0.5,2.4875086408939353,german_credit,7.435753466796875,35,42,3.0,ha_uniform,0.6138392857142858,0.40288339100156817,0.0
0.5,2.524193597572812,german_credit,7.435753466796875,36,42,3.0,ha_uniform,0.621279761904762,0.4057132459102033,0.0
0.5,2.5604448593516542,german_credit,7.435753466796875,37,42,3.0,ha_uniform,0.6242559523809524,0.40777098840783976,0.0
0.5,2.596283074513176,german_credit,7.435753466796875,38,42,3.0,ha_uniform,0.6257440476190477,0.4083691308684321,0.0
0.5,2.631729924655519,german_credit,7.435753466796875,39,42,3.0,ha_uniform,0.628720238095238,0.409460418281092,0.0
0.5,2.6668081981211826,german_credit,7.435753466796875,40,42,3.0,ha_uniform,0.6302083333333334,0.4121256719176101,0.0
0.5,2.7015418696973237,german_credit,7.435753466796875,41,42,3.0,ha_uniform,0.6316964285714286,0.415496199635641,0.0
0.5,2.7358443353199275,german_credit,7.435753466796875,42,42,3.0,ha_uniform,0.6272321428571428,0.40916699264547,0.0
0.5,2.7698096876841767,german_credit,7.435753466796875,43,42,3.0,ha_uniform,0.6309523809523809,0.4139868640376029,0.0
0.5,2.803482987172303,german_credit,7.435753466796875,44,42,3.0,ha_uniform,0.6279761904761906,0.4147985997523723,0.0
0.5,2.8368882085369043,german_credit,7.435753466796875,45,42,3.0,ha_uniform,0.6227678571428571,0.4079563148689224,0.0
0.5,2.8698499430651125,german_credit,7.435753466796875,46,42,3.0,ha_uniform,0.6294642857142857,0.41391321688983257,0.0
0.5,2.9025780545038087,german_credit,7.435753466796875,47,42,3.0,ha_uniform,0.6242559523809522,0.3892153939333346,0.0
0.5,2.935106705853639,german_credit,7.435753466796875,48,42,3.0,ha_uniform,0.6309523809523809,0.3938568735356647,0.0
0.5,2.967617792823816,german_credit,7.435753466796875,49,42,3.0,ha_uniform,0.6361607142857143,0.3977758826136649,0.0
0.5,2.9998347846064015,german_credit,7.435753466796875,50,42,3.0,ha_uniform,0.6391369047619048,0.399043442686296,0.0
0.5,0.486364463071042,german_credit,7.869038476562499,1,123,3.0,ha_uniform,0.3824404761904762,0.2837403142453976,0.0
0.5,0.6400298525559446,german_credit,7.869038476562499,2,123,3.0,ha_uniform,0.38541666666666663,0.2847125629770084,0.0
0.5,0.7605902727203083,german_credit,7.869038476562499,3,123,3.0,ha_uniform,0.38764880952380953,0.28548123509086737,0.0
0.5,0.8635157630337058,german_credit,7.869038476562499,4,123,3.0,ha_uniform,0.3861607142857143,0.285556622527833,0.0
0.5,0.9553904230558622,german_credit,7.869038476562499,5,123,3.0,ha_uniform,0.38988095238095233,0.28723559681244526,0.0
0.5,1.0392626963342089,german_credit,7.869038476562499,6,123,3.0,ha_uniform,0.38913690476190477,0.2870367281191918,0.0
0.5,1.1170753079280986,german_credit,7.869038476562499,7,123,3.0,ha_uniform,0.39211309523809523,0.28928447070225194,0.0
0.5,1.1898082871343574,german_credit,7.869038476562499,8,123,3.0,ha_uniform,0.3950892857142857,0.29020348552609254,0.0
0.5,1.2586604159886903,german_credit,7.869038476562499,9,123,3.0,ha_uniform,0.3988095238095237,0.2921241525027098,0.0
0.5,1.3251383150465925,german_credit,7.869038476562499,10,123,3.0,ha_uniform,0.39806547619047616,0.29219869936247306,0.0
0.5,1.386802419648509,german_credit,7.869038476562499,11,123,3.0,ha_uniform,0.396577380952381,0.2916742202438767,0.0
0.5,1.4480605200563073,german_credit,7.869038476562499,12,123,3.0,ha_uniform,0.3943452380952381,0.29032494461624075,0.0
0.5,1.5049303993983174,german_credit,7.869038476562499,13,123,3.0,ha_uniform,0.3943452380952381,0.2909552062206283,0.0
0.5,1.5618002787403271,german_credit,7.869038476562499,14,123,3.0,ha_uniform,0.39806547619047616,0.2927290896382999,0.0
0.5,1.6158412641203976,german_credit,7.869038476562499,15,123,3.0,ha_uniform,0.3988095238095238,0.292833046280505,0.0
0.5,1.6679828413145072,german_credit,7.869038476562499,16,123,3.0,ha_uniform,0.40476190476190477,0.2952022273234387,0.0
0.5,1.7201244185086169,german_credit,7.869038476562499,17,123,3.0,ha_uniform,0.40252976190476186,0.2941019908098772,0.0
0.5,1.7716678393695688,german_credit,7.869038476562499,18,123,3.0,ha_uniform,0.4040178571428571,0.29479183418547916,0.0
0.5,1.8186824659226537,german_credit,7.869038476562499,19,123,3.0,ha_uniform,0.40327380952380953,0.2959266596220604,0.0
0.5,1.8656970924757381,german_credit,7.869038476562499,20,123,3.0,ha_uniform,0.40625,0.2997209976511701,0.0
0.5,1.9123301847324878,german_credit,7.869038476562499,21,123,3.0,ha_uniform,0.40699404761904756,0.29815264163332655,0.0
0.5,1.9580115784385852,german_credit,7.869038476562499,22,123,3.0,ha_uniform,0.4084821428571428,0.29772978531314365,0.0
0.5,2.0028044285648123,german_credit,7.869038476562499,23,123,3.0,ha_uniform,0.40922619047619047,0.29784989980652365,0.0
0.5,2.0467768700875677,german_credit,7.869038476562499,24,123,3.0,ha_uniform,0.40699404761904756,0.29830751563530744,0.0
0.5,2.089916345478384,german_credit,7.869038476562499,25,123,3.0,ha_uniform,0.40922619047619047,0.29892626908941466,0.0
0.5,2.1323418155166336,german_credit,7.869038476562499,26,123,3.0,ha_uniform,0.41369047619047616,0.30474143185418007,0.0
0.5,2.1740693204642505,german_credit,7.869038476562499,27,123,3.0,ha_uniform,0.41369047619047616,0.30473424637424584,0.0
0.5,2.2151390277143266,german_credit,7.869038476562499,28,123,3.0,ha_uniform,0.41666666666666663,0.30337190992281826,0.0
0.5,2.2555589993111465,german_credit,7.869038476562499,29,123,3.0,ha_uniform,0.41592261904761907,0.3018171142367112,0.0
0.5,2.2954176414547622,german_credit,7.869038476562499,30,123,3.0,ha_uniform,0.4174107142857143,0.301441170313607,0.0
0.5,2.3347206470533686,german_credit,7.869038476562499,31,123,3.0,ha_uniform,0.42187500000000006,0.30448682128052423,0.0
0.5,2.373433816324825,german_credit,7.869038476562499,32,123,3.0,ha_uniform,0.41964285714285715,0.3038147603912081,0.0
0.5,2.411645390216099,german_credit,7.869038476562499,33,123,3.0,ha_uniform,0.42261904761904756,0.307722123461122,0.0
0.5,2.449372204453521,german_credit,7.869038476562499,34,123,3.0,ha_uniform,0.42410714285714285,0.3093470550429501,0.0
0.5,2.486631889119664,german_credit,7.869038476562499,35,123,3.0,ha_uniform,0.4255952380952381,0.30840029577546946,0.0
0.5,2.5234429220989796,german_credit,7.869038476562499,36,123,3.0,ha_uniform,0.4308035714285714,0.3107709819614146,0.0
0.5,2.559824686847846,german_credit,7.869038476562499,37,123,3.0,ha_uniform,0.42931547619047616,0.3102209781857075,0.0
0.5,2.595797534901574,german_credit,7.869038476562499,38,123,3.0,ha_uniform,0.43005952380952384,0.31076092975308656,0.0
0.5,2.6313828535767882,german_credit,7.869038476562499,39,123,3.0,ha_uniform,0.4322916666666667,0.3118648461258816,0.0
0.5,2.6665764166167416,german_credit,7.869038476562499,40,123,3.0,ha_uniform,0.4337797619047619,0.3148609400702514,0.0
0.5,2.701350131795396,german_credit,7.869038476562499,41,123,3.0,ha_uniform,0.4382440476190476,0.31786507568134814,0.0
0.5,2.735783084959112,german_credit,7.869038476562499,42,123,3.0,ha_uniform,0.43675595238095233,0.3169956291597277,0.0
0.5,2.7699002355306015,german_credit,7.869038476562499,43,123,3.0,ha_uniform,0.4419642857142857,0.32025127369748857,0.0
0.5,2.8037279125916106,german_credit,7.869038476562499,44,123,3.0,ha_uniform,0.4404761904761905,0.3208976810295542,0.0
0.5,2.8371387004430146,german_credit,7.869038476562499,45,123,3.0,ha_uniform,0.44047619047619047,0.32124803763870236,0.0
0.5,2.8702604682502733,german_credit,7.869038476562499,46,123,3.0,ha_uniform,0.4412202380952381,0.32147381709603917,0.0
0.5,2.903150529286365,german_credit,7.869038476562499,47,123,3.0,ha_uniform,0.44345238095238093,0.32229632361900484,0.0
0.5,2.9356734228608596,german_credit,7.869038476562499,48,123,3.0,ha_uniform,0.4427083333333333,0.3245297662384769,0.0
0.5,2.9679197888958786,german_credit,7.869038476562499,49,123,3.0,ha_uniform,0.443452380952381,0.3251268205888914,0.0
0.5,2.999999046102365,german_credit,7.869038476562499,50,123,3.0,ha_uniform,0.4441964285714286,0.3246047153792862,0.0
0.5,0.486364463071042,german_credit,7.42208330078125,1,2026,3.0,ha_uniform,0.4501488095238095,0.2707787215883292,0.0
0.5,0.6400298525559446,german_credit,7.42208330078125,2,2026,3.0,ha_uniform,0.45163690476190477,0.27175295439150593,0.0
0.5,0.7605902727203083,german_credit,7.42208330078125,3,2026,3.0,ha_uniform,0.453125,0.27227937551528136,0.0
0.5,0.8635157630337058,german_credit,7.42208330078125,4,2026,3.0,ha_uniform,0.45461309523809523,0.27320530144120725,0.0
0.5,0.9553904230558622,german_credit,7.42208330078125,5,2026,3.0,ha_uniform,0.45461309523809523,0.2741686507096413,0.0
0.5,1.0392626963342089,german_credit,7.42208330078125,6,2026,3.0,ha_uniform,0.45535714285714285,0.27454355606006203,0.0
0.5,1.1170753079280986,german_credit,7.42208330078125,7,2026,3.0,ha_uniform,0.4553571428571429,0.27463848137451685,0.0
0.5,1.1898082871343574,german_credit,7.42208330078125,8,2026,3.0,ha_uniform,0.45833333333333337,0.2762526092201082,0.0
0.5,1.2586604159886903,german_credit,7.42208330078125,9,2026,3.0,ha_uniform,0.45833333333333337,0.276171118290403,0.0
0.5,1.3251383150465925,german_credit,7.42208330078125,10,2026,3.0,ha_uniform,0.4605654761904762,0.27738978763503086,0.0
0.5,1.386802419648509,german_credit,7.42208330078125,11,2026,3.0,ha_uniform,0.4598214285714286,0.2770346739986672,0.0
0.5,1.4480605200563073,german_credit,7.42208330078125,12,2026,3.0,ha_uniform,0.46279761904761907,0.27853152890781785,0.0
0.5,1.5049303993983174,german_credit,7.42208330078125,13,2026,3.0,ha_uniform,0.4665178571428571,0.2805193974437894,0.0
0.5,1.5618002787403271,german_credit,7.42208330078125,14,2026,3.0,ha_uniform,0.46875,0.2836164747456572,0.0
0.5,1.6158412641203976,german_credit,7.42208330078125,15,2026,3.0,ha_uniform,0.47098214285714285,0.2838626383940728,0.0
0.5,1.6679828413145072,german_credit,7.42208330078125,16,2026,3.0,ha_uniform,0.46875,0.28304147115901146,0.0
0.5,1.7201244185086169,german_credit,7.42208330078125,17,2026,3.0,ha_uniform,0.47172619047619047,0.28608473890564695,0.0
0.5,1.7716678393695688,german_credit,7.42208330078125,18,2026,3.0,ha_uniform,0.4806547619047619,0.2912031120986755,0.0
0.5,1.8186824659226537,german_credit,7.42208330078125,19,2026,3.0,ha_uniform,0.48139880952380953,0.291465440416586,0.0
0.5,1.8656970924757381,german_credit,7.42208330078125,20,2026,3.0,ha_uniform,0.4821428571428571,0.2921873995319052,0.0
0.5,1.9123301847324878,german_credit,7.42208330078125,21,2026,3.0,ha_uniform,0.48511904761904756,0.29415871250677295,0.0
0.5,1.9580115784385852,german_credit,7.42208330078125,22,2026,3.0,ha_uniform,0.48735119047619047,0.2949848941512211,0.0
0.5,2.0028044285648123,german_credit,7.42208330078125,23,2026,3.0,ha_uniform,0.48735119047619047,0.29574587561070403,0.0
0.5,2.0467768700875677,german_credit,7.42208330078125,24,2026,3.0,ha_uniform,0.49330357142857145,0.2995527456095463,0.0
0.5,2.089916345478384,german_credit,7.42208330078125,25,2026,3.0,ha_uniform,0.4955357142857143,0.30316517286810835,0.0
0.5,2.1323418155166336,german_credit,7.42208330078125,26,2026,3.0,ha_uniform,0.49479166666666674,0.3032921341291017,0.0
0.5,2.1740693204642505,german_credit,7.42208330078125,27,2026,3.0,ha_uniform,0.49851190476190477,0.30570466523034134,0.0
0.5,2.2151390277143266,german_credit,7.42208330078125,28,2026,3.0,ha_uniform,0.5007440476190477,0.3076899474858119,0.0
0.5,2.2555589993111465,german_credit,7.42208330078125,29,2026,3.0,ha_uniform,0.5074404761904763,0.31134795067620646,0.0
0.5,2.2954176414547622,german_credit,7.42208330078125,30,2026,3.0,ha_uniform,0.5089285714285715,0.311439658089558,0.0
0.5,2.3347206470533686,german_credit,7.42208330078125,31,2026,3.0,ha_uniform,0.5133928571428572,0.31337763793807777,0.0
0.5,2.373433816324825,german_credit,7.42208330078125,32,2026,3.0,ha_uniform,0.5148809523809523,0.3142506635247507,0.0
0.5,2.411645390216099,german_credit,7.42208330078125,33,2026,3.0,ha_uniform,0.5193452380952381,0.3177483534083119,0.0
0.5,2.449372204453521,german_credit,7.42208330078125,34,2026,3.0,ha_uniform,0.5208333333333334,0.31805122168801053,0.0
0.5,2.486631889119664,german_credit,7.42208330078125,35,2026,3.0,ha_uniform,0.5230654761904762,0.3259482247884732,0.0
0.5,2.5234429220989796,german_credit,7.42208330078125,36,2026,3.0,ha_uniform,0.5238095238095238,0.32643810124112244,0.0
0.5,2.559824686847846,german_credit,7.42208330078125,37,2026,3.0,ha_uniform,0.5252976190476191,0.3274172176439852,0.0
0.5,2.595797534901574,german_credit,7.42208330078125,38,2026,3.0,ha_uniform,0.5267857142857143,0.32812494029036765,0.0
0.5,2.6313828535767882,german_credit,7.42208330078125,39,2026,3.0,ha_uniform,0.5334821428571429,0.3350495541868772,0.0
0.5,2.6665764166167416,german_credit,7.42208330078125,40,2026,3.0,ha_uniform,0.5357142857142857,0.3398675973070411,0.0
0.5,2.701350131795396,german_credit,7.42208330078125,41,2026,3.0,ha_uniform,0.5379464285714286,0.33704533104266576,0.0
0.5,2.735783084959112,german_credit,7.42208330078125,42,2026,3.0,ha_uniform,0.5401785714285715,0.3377779706959495,0.0
0.5,2.7699002355306015,german_credit,7.42208330078125,43,2026,3.0,ha_uniform,0.5401785714285714,0.3485333119619929,0.0
0.5,2.8037279125916106,german_credit,7.42208330078125,44,2026,3.0,ha_uniform,0.5409226190476191,0.34913436632187267,0.0
0.5,2.8371387004430146,german_credit,7.42208330078125,45,2026,3.0,ha_uniform,0.5453869047619048,0.3548055096986413,0.0
0.5,2.8702604682502733,german_credit,7.42208330078125,46,2026,3.0,ha_uniform,0.5483630952380952,0.3555791370106798,0.0
0.5,2.903150529286365,german_credit,7.42208330078125,47,2026,3.0,ha_uniform,0.5498511904761905,0.35698037278981504,0.0
0.5,2.9356734228608596,german_credit,7.42208330078125,48,2026,3.0,ha_uniform,0.5505952380952381,0.35597927952484043,0.0
0.5,2.9679197888958786,german_credit,7.42208330078125,49,2026,3.0,ha_uniform,0.5535714285714285,0.35762150419256256,0.0
0.5,2.999999046102365,german_credit,7.42208330078125,50,2026,3.0,ha_uniform,0.5550595238095237,0.358848059992521,0.0
0.5,0.49611630547460217,german_credit,8.275528515625,1,31415,3.0,ha_uniform,0.5438988095238095,0.3827073450141442,0.0
0.5,0.6487936885147594,german_credit,8.275528515625,2,31415,3.0,ha_uniform,0.5625,0.4026121822573331,0.0
0.5,0.7685356131440608,german_credit,8.275528515625,3,31415,3.0,ha_uniform,0.5699404761904763,0.40243905492965015,0.0
0.5,0.8714898313766216,german_credit,8.275528515625,4,31415,3.0,ha_uniform,0.5833333333333334,0.43074327519097755,0.0
0.5,0.9626841881446218,german_credit,8.275528515625,5,31415,3.0,ha_uniform,0.5944940476190477,0.44126847047397766,0.0
0.5,1.046639862911792,german_credit,8.275528515625,6,31415,3.0,ha_uniform,0.6026785714285714,0.45960608817279264,0.0
0.5,1.124234885854535,german_credit,8.275528515625,7,31415,3.0,ha_uniform,0.6056547619047619,0.44868659033293545,0.0
0.5,1.1965326416845459,german_credit,8.275528515625,8,31415,3.0,ha_uniform,0.6190476190476191,0.48653547573972233,0.0
0.5,1.2647604771407928,german_credit,8.275528515625,9,31415,3.0,ha_uniform,0.6279761904761905,0.4740901405062564,0.0
0.5,1.3304819631031355,german_credit,8.275528515625,10,31415,3.0,ha_uniform,0.6302083333333334,0.4924079711089602,0.0
0.5,1.392680432510706,german_credit,8.275528515625,11,31415,3.0,ha_uniform,0.6294642857142858,0.4934125902409991,0.0
0.5,1.4529691085540657,german_credit,8.275528515625,12,31415,3.0,ha_uniform,0.6302083333333334,0.48446476321906895,0.0
0.5,1.5102480369375555,german_credit,8.275528515625,13,31415,3.0,ha_uniform,0.6413690476190477,0.48176459160675644,0.0
0.5,1.5675269653210453,german_credit,8.275528515625,14,31415,3.0,ha_uniform,0.6458333333333333,0.4838928060013197,0.0
0.5,1.620351628139503,german_credit,8.275528515625,15,31415,3.0,ha_uniform,0.6555059523809523,0.4915619007435746,0.0
0.5,1.6727938962682196,german_credit,8.275528515625,16,31415,3.0,ha_uniform,0.6569940476190477,0.4930537057316438,0.0
0.5,1.7252361643969358,german_credit,8.275528515625,17,31415,3.0,ha_uniform,0.6607142857142857,0.4965530779504155,0.0
0.5,1.7752645108033294,german_credit,8.275528515625,18,31415,3.0,ha_uniform,0.6614583333333334,0.49497065615176106,0.0
0.5,1.8224789524360672,german_credit,8.275528515625,19,31415,3.0,ha_uniform,0.6636904761904763,0.4899162811261447,0.0
0.5,1.869691247284761,german_credit,8.275528515625,20,31415,3.0,ha_uniform,0.6659226190476191,0.49689523973710875,0.0
0.5,1.9161560070816717,german_credit,8.275528515625,21,31415,3.0,ha_uniform,0.6659226190476191,0.495679177479319,0.0
0.5,1.961679423469044,german_credit,8.275528515625,22,31415,3.0,ha_uniform,0.6659226190476191,0.47173448946923985,0.0
0.5,2.0063101969700003,german_credit,8.275528515625,23,31415,3.0,ha_uniform,0.6711309523809523,0.4776825450444283,0.0
0.5,2.0500835305247485,german_credit,8.275528515625,24,31415,3.0,ha_uniform,0.6741071428571429,0.487100241954867,0.0
0.5,2.0930949182297245,german_credit,8.275528515625,25,31415,3.0,ha_uniform,0.6793154761904763,0.49834467988051667,0.0
0.5,2.135380164620855,german_credit,8.275528515625,26,31415,3.0,ha_uniform,0.6785714285714286,0.4978715368071416,0.0
0.5,2.1769415483510874,german_credit,8.275528515625,27,31415,3.0,ha_uniform,0.6830357142857143,0.5036525465847553,0.0
0.5,2.217860176498406,german_credit,8.275528515625,28,31415,3.0,ha_uniform,0.6860119047619049,0.5052177010679859,0.0
0.5,2.258183472359656,german_credit,8.275528515625,29,31415,3.0,ha_uniform,0.6949404761904763,0.5142965167911933,0.0
0.5,2.297851603291211,german_credit,8.275528515625,30,31415,3.0,ha_uniform,0.6927083333333334,0.5110040982559116,0.0
0.5,2.3369787389484076,german_credit,8.275528515625,31,31415,3.0,ha_uniform,0.6994047619047619,0.5174845868364979,0.0
0.5,2.375580643127919,german_credit,8.275528515625,32,31415,3.0,ha_uniform,0.6994047619047619,0.5155608959041863,0.0
0.5,2.413673775459735,german_credit,8.275528515625,33,31415,3.0,ha_uniform,0.6964285714285714,0.5122100945254429,0.0
0.5,2.451275337313813,german_credit,8.275528515625,34,31415,3.0,ha_uniform,0.6994047619047619,0.5125559648478158,0.0
0.5,2.488403321322035,german_credit,8.275528515625,35,31415,3.0,ha_uniform,0.6971726190476191,0.5114479654146825,0.0
0.5,2.525076564851846,german_credit,8.275528515625,36,31415,3.0,ha_uniform,0.6964285714285714,0.505957319188675,0.0
0.5,2.561314807802675,german_credit,8.275528515625,37,31415,3.0,ha_uniform,0.6979166666666666,0.5049790272568413,0.0
0.5,2.5971387551397167,german_credit,8.275528515625,38,31415,3.0,ha_uniform,0.703125,0.5108467637935394,0.0
0.5,2.6325701446225906,german_credit,8.275528515625,39,31415,3.0,ha_uniform,0.7083333333333334,0.5202150140070209,0.0
0.5,2.6676318202378932,german_credit,8.275528515625,40,31415,3.0,ha_uniform,0.7105654761904762,0.5257107044161943,0.0
0.5,2.7023478119047146,german_credit,8.275528515625,41,31415,3.0,ha_uniform,0.7098214285714286,0.516248369955684,0.0
0.5,2.736669934654328,german_credit,8.275528515625,42,31415,3.0,ha_uniform,0.7194940476190477,0.5300236097440802,0.0
0.5,2.7706156662381374,german_credit,8.275528515625,43,31415,3.0,ha_uniform,0.7157738095238095,0.5224000567269469,0.0
0.5,2.8042683914880486,german_credit,8.275528515625,44,31415,3.0,ha_uniform,0.7180059523809524,0.5260770940461599,0.0
0.5,2.8376562468729905,german_credit,8.275528515625,45,31415,3.0,ha_uniform,0.7202380952380952,0.5291598744365975,0.0
0.5,2.870630849401596,german_credit,8.275528515625,46,31415,3.0,ha_uniform,0.7209821428571429,0.525324249232205,0.0
0.5,2.9033357853813317,german_credit,8.275528515625,47,31415,3.0,ha_uniform,0.7239583333333334,0.5312965465879872,0.0
0.5,2.9358376900720224,german_credit,8.275528515625,48,31415,3.0,ha_uniform,0.7269345238095238,0.5325493935205704,0.0
0.5,2.9679174573867724,german_credit,8.275528515625,49,31415,3.0,ha_uniform,0.7313988095238095,0.5400874588891955,0.0
0.5,2.9998347846064015,german_credit,8.275528515625,50,31415,3.0,ha_uniform,0.7351190476190477,0.5420993175264828,0.0
0.5,0.49000905407590967,german_credit,7.418568115234376,1,27182,3.0,ha_uniform,0.6160714285714286,0.39936749734105426,0.0
0.5,0.6431990390300479,german_credit,7.418568115234376,2,27182,3.0,ha_uniform,0.6197916666666666,0.4053856882502853,0.0
0.5,0.7634798351378512,german_credit,7.418568115234376,3,27182,3.0,ha_uniform,0.6205357142857143,0.4017145460553915,0.0
0.5,0.8664200564647988,german_credit,7.418568115234376,4,27182,3.0,ha_uniform,0.6227678571428571,0.4021970998176608,0.0
0.5,0.9580411279122474,german_credit,7.418568115234376,5,27182,3.0,ha_uniform,0.6242559523809523,0.405035622614076,0.0
0.5,1.0419390502109949,german_credit,7.418568115234376,6,27182,3.0,ha_uniform,0.6242559523809523,0.4084100223238277,0.0
0.5,1.1196687199543418,german_credit,7.418568115234376,7,27182,3.0,ha_uniform,0.625,0.4075815266729066,0.0
0.5,1.1922316045894161,german_credit,7.418568115234376,8,27182,3.0,ha_uniform,0.6257440476190477,0.40719636536496306,0.0
0.5,1.2608461881671917,german_credit,7.418568115234376,9,27182,3.0,ha_uniform,0.6316964285714285,0.41031578997400453,0.0
0.5,1.3270372027411252,german_credit,7.418568115234376,10,27182,3.0,ha_uniform,0.6294642857142857,0.4057789706409938,0.0
0.5,1.3888911961124948,german_credit,7.418568115234376,11,27182,3.0,ha_uniform,0.6279761904761905,0.40433565281967015,0.0
0.5,1.4497834114483736,german_credit,7.418568115234376,12,27182,3.0,ha_uniform,0.6302083333333333,0.4053299121721613,0.0
0.5,1.5067968650730557,german_credit,7.418568115234376,13,27182,3.0,ha_uniform,0.6339285714285714,0.4069046822254595,0.0
0.5,1.5638103186977377,german_credit,7.418568115234376,14,27182,3.0,ha_uniform,0.6376488095238095,0.4119880946126203,0.0
0.5,1.6173942330645592,german_credit,7.418568115234376,15,27182,3.0,ha_uniform,0.6391369047619047,0.41669915279695025,0.0
0.5,1.6696393415216129,german_credit,7.418568115234376,16,27182,3.0,ha_uniform,0.6383928571428571,0.4116674529521639,0.0
0.5,1.7218844499786665,german_credit,7.418568115234376,17,27182,3.0,ha_uniform,0.644345238095238,0.4151024660602228,0.0
0.5,1.7728611320586474,german_credit,7.418568115234376,18,27182,3.0,ha_uniform,0.6413690476190477,0.41261331110241284,0.0
0.5,1.8199420526500143,german_credit,7.418568115234376,19,27182,3.0,ha_uniform,0.6421130952380953,0.41295898907591405,0.0
0.5,1.8670229732413812,german_credit,7.418568115234376,20,27182,3.0,ha_uniform,0.6413690476190477,0.41225590985076144,0.0
0.5,1.9135955579794142,german_credit,7.418568115234376,21,27182,3.0,ha_uniform,0.6391369047619048,0.4112840118322948,0.0
0.5,1.9592091793133652,german_credit,7.418568115234376,22,27182,3.0,ha_uniform,0.6413690476190476,0.41462394531813884,0.0
0.5,2.003927589279015,german_credit,7.418568115234376,23,27182,3.0,ha_uniform,0.6428571428571428,0.4143439687183178,0.0
0.5,2.0478195104430843,german_credit,7.418568115234376,24,27182,3.0,ha_uniform,0.6480654761904762,0.4181567410214998,0.0
0.5,2.0909370405508154,german_credit,7.418568115234376,25,27182,3.0,ha_uniform,0.6517857142857143,0.4209248605071373,0.0
0.5,2.1332714143155536,german_credit,7.418568115234376,26,27182,3.0,ha_uniform,0.6525297619047619,0.4196852905152688,0.0
0.5,2.1749682781448194,german_credit,7.418568115234376,27,27182,3.0,ha_uniform,0.6502976190476191,0.418231512624999,0.0
0.5,2.215937893725337,german_credit,7.418568115234376,28,27182,3.0,ha_uniform,0.6532738095238095,0.4184448394344304,0.0
0.5,2.2563195416661217,german_credit,7.418568115234376,29,27182,3.0,ha_uniform,0.6525297619047619,0.4135702386108423,0.0
0.5,2.296136768945437,german_credit,7.418568115234376,30,27182,3.0,ha_uniform,0.6525297619047619,0.41119359468914873,0.0
0.5,2.3353286288275723,german_credit,7.418568115234376,31,27182,3.0,ha_uniform,0.6547619047619047,0.4108791170598593,0.0
0.5,2.3739940662430694,german_credit,7.418568115234376,32,27182,3.0,ha_uniform,0.6547619047619048,0.40870768105789007,0.0
0.5,2.4121553319641653,german_credit,7.418568115234376,33,27182,3.0,ha_uniform,0.6547619047619047,0.4100736523613861,0.0
0.5,2.4498294003340435,german_credit,7.418568115234376,34,27182,3.0,ha_uniform,0.6577380952380952,0.41248823801110646,0.0
0.5,2.4870340389622245,german_credit,7.418568115234376,35,27182,3.0,ha_uniform,0.6584821428571428,0.41504391162383647,0.0
0.5,2.523787862178634,german_credit,7.418568115234376,36,27182,3.0,ha_uniform,0.6599702380952381,0.41350069212123425,0.0
0.5,2.5601103888130337,german_credit,7.418568115234376,37,27182,3.0,ha_uniform,0.6592261904761906,0.41420082694441707,0.0
0.5,2.5960221047101633,german_credit,7.418568115234376,38,27182,3.0,ha_uniform,0.6629464285714286,0.4149385989771982,0.0
0.5,2.631544530439898,german_credit,7.418568115234376,39,27182,3.0,ha_uniform,0.6622023809523809,0.41400599679210215,0.0
0.5,2.6667002947136003,german_credit,7.418568115234376,40,27182,3.0,ha_uniform,0.6681547619047619,0.4189230472823837,0.0
0.5,2.7014497160143818,german_credit,7.418568115234376,41,27182,3.0,ha_uniform,0.6659226190476191,0.41942996509549624,0.0
0.5,2.7358149807771404,german_credit,7.418568115234376,42,27182,3.0,ha_uniform,0.6659226190476191,0.4186645150464651,0.0
0.5,2.7699002355306015,german_credit,7.418568115234376,43,27182,3.0,ha_uniform,0.6644345238095238,0.418737300927667,0.0
0.5,2.8037279125916106,german_credit,7.418568115234376,44,27182,3.0,ha_uniform,0.6651785714285714,0.4192476162622262,0.0
0.5,2.8371387004430146,german_credit,7.418568115234376,45,27182,3.0,ha_uniform,0.6703869047619048,0.4223661795755366,0.0
0.5,2.8702604682502733,german_credit,7.418568115234376,46,27182,3.0,ha_uniform,0.6636904761904763,0.4195614972936144,0.0
0.5,2.903150529286365,german_credit,7.418568115234376,47,27182,3.0,ha_uniform,0.6651785714285714,0.41933818360927144,0.0
0.5,2.9356734228608596,german_credit,7.418568115234376,48,27182,3.0,ha_uniform,0.6651785714285715,0.4195029489812313,0.0
0.5,2.9679197888958786,german_credit,7.418568115234376,49,27182,3.0,ha_uniform,0.6629464285714287,0.4189390520643237,0.0
0.5,2.999999046102365,german_credit,7.418568115234376,50,27182,3.0,ha_uniform,0.6651785714285715,0.42043593073032004,0.0
0.5,0.4046029095776438,german_credit,7.093409399414062,1,73,3.0,dp_uniform,0.3586309523809524,0.24228902226894142,0.0
0.5,0.5627759041911835,german_credit,7.093409399414062,2,73,3.0,dp_uniform,0.36160714285714285,0.24325021670237043,0.0
0.5,0.687189166325906,german_credit,7.093409399414062,3,73,3.0,dp_uniform,0.36681547619047616,0.24523702040792414,0.0
0.5,0.7932520365200877,german_credit,7.093409399414062,4,73,3.0,dp_uniform,0.369047619047619,0.24599865381264535,0.0
0.5,0.8883651324141612,german_credit,7.093409399414062,5,73,3.0,dp_uniform,0.3727678571428572,0.2471071753945699,0.0
0.5,0.9745042017311369,german_credit,7.093409399414062,6,73,3.0,dp_uniform,0.3735119047619047,0.24715607849918145,0.0
0.5,1.0546781088140647,german_credit,7.093409399414062,7,73,3.0,dp_uniform,0.37723214285714285,0.24914777631131374,0.0
0.5,1.1301418318234602,german_credit,7.093409399414062,8,73,3.0,dp_uniform,0.375,0.24845635718301187,0.0
0.5,1.2014187120241542,german_credit,7.093409399414062,9,73,3.0,dp_uniform,0.38095238095238093,0.2501622271919961,0.0
0.5,1.2684497026500112,german_credit,7.093409399414062,10,73,3.0,dp_uniform,0.38169642857142855,0.24990270739600004,0.0
0.5,1.3344128455777526,german_credit,7.093409399414062,11,73,3.0,dp_uniform,0.3898809523809524,0.25261505393916533,0.0
0.5,1.3952120162709858,german_credit,7.093409399414062,12,73,3.0,dp_uniform,0.39211309523809523,0.2536206905324039,0.0
0.5,1.456011186964219,german_credit,7.093409399414062,13,73,3.0,dp_uniform,0.39285714285714285,0.2549725452071812,0.0
0.5,1.5133227013120947,german_credit,7.093409399414062,14,73,3.0,dp_uniform,0.4010416666666667,0.2588315861332071,0.0
0.5,1.5690087795337617,german_credit,7.093409399414062,15,73,3.0,dp_uniform,0.4077380952380953,0.26103423588785396,0.0
0.5,1.6246948577554288,german_credit,7.093409399414062,16,73,3.0,dp_uniform,0.4084821428571429,0.26121722249769347,0.0
0.5,1.678032343604976,german_credit,7.093409399414062,17,73,3.0,dp_uniform,0.40922619047619047,0.2624428286943696,0.0
0.5,1.728186919027972,german_credit,7.093409399414062,18,73,3.0,dp_uniform,0.41145833333333337,0.26282400773603454,0.0
0.5,1.778285957357981,german_credit,7.093409399414062,19,73,3.0,dp_uniform,0.412202380952381,0.263233237464376,0.0
0.5,1.827499389763023,german_credit,7.093409399414062,20,73,3.0,dp_uniform,0.418154761904762,0.26482966480264947,0.0
0.5,1.8756586747963904,german_credit,7.093409399414062,21,73,3.0,dp_uniform,0.4166666666666667,0.2643607534363898,0.0
0.5,1.9228310984923631,german_credit,7.093409399414062,22,73,3.0,dp_uniform,0.4188988095238096,0.26496801084402644,0.0
0.5,1.9690891829512815,german_credit,7.093409399414062,23,73,3.0,dp_uniform,0.4255952380952381,0.26600009675397307,0.0
0.5,2.014503509461658,german_credit,7.093409399414062,24,73,3.0,dp_uniform,0.43154761904761907,0.26943300438561035,0.0
0.5,2.0590489497390863,german_credit,7.093409399414062,25,73,3.0,dp_uniform,0.4382440476190476,0.2728615219538034,0.0
0.5,2.10289001007621,german_credit,7.093409399414062,26,73,3.0,dp_uniform,0.44345238095238093,0.27253769942249134,0.0
0.5,2.145957642235432,german_credit,7.093409399414062,27,73,3.0,dp_uniform,0.4486607142857143,0.2730601513251091,0.0
0.5,2.1883992179561558,german_credit,7.093409399414062,28,73,3.0,dp_uniform,0.45163690476190477,0.27404773890965356,0.0
0.5,2.2301579008652244,german_credit,7.093409399414062,29,73,3.0,dp_uniform,0.4523809523809524,0.27425825753211885,0.0
0.5,2.271295481124615,german_credit,7.093409399414062,30,73,3.0,dp_uniform,0.459077380952381,0.27700216958811763,0.0
0.5,2.311868232146746,german_credit,7.093409399414062,31,73,3.0,dp_uniform,0.46130952380952384,0.27775567708003024,0.0
0.5,2.3518933922450427,german_credit,7.093409399414062,32,73,3.0,dp_uniform,0.4620535714285714,0.27737117136366307,0.0
0.5,2.3913889915451896,german_credit,7.093409399414062,33,73,3.0,dp_uniform,0.4620535714285714,0.2745678417957049,0.0
0.5,2.4303739054491174,german_credit,7.093409399414062,34,73,3.0,dp_uniform,0.46800595238095233,0.2779105095767678,0.0
0.5,2.4688679124260706,german_credit,7.093409399414062,35,73,3.0,dp_uniform,0.47172619047619047,0.27953687972946883,0.0
0.5,2.5068917565347615,german_credit,7.093409399414062,36,73,3.0,dp_uniform,0.4732142857142857,0.2801506917424066,0.0
0.5,2.5444672151447967,german_credit,7.093409399414062,37,73,3.0,dp_uniform,0.47619047619047616,0.28082826336051603,0.0
0.5,2.581617172363142,german_credit,7.093409399414062,38,73,3.0,dp_uniform,0.48288690476190466,0.28549024957330904,0.0
0.5,2.6183656987308184,german_credit,7.093409399414062,39,73,3.0,dp_uniform,0.49255952380952384,0.2891671681135281,0.0
0.5,2.654738137827267,german_credit,7.093409399414062,40,73,3.0,dp_uniform,0.49255952380952384,0.2880311268481478,0.0
0.5,2.6907538620768103,german_credit,7.093409399414062,41,73,3.0,dp_uniform,0.49702380952380953,0.28971293051895936,0.0
0.5,2.7263004188615443,german_credit,7.093409399414062,42,73,3.0,dp_uniform,0.49925595238095244,0.29085303176549615,0.0
0.5,2.7615264944285447,german_credit,7.093409399414062,43,73,3.0,dp_uniform,0.49851190476190477,0.2905438097979276,0.0
0.5,2.796461849260909,german_credit,7.093409399414062,44,73,3.0,dp_uniform,0.5014880952380952,0.29097209141853936,0.0
0.5,2.831050197396722,german_credit,7.093409399414062,45,73,3.0,dp_uniform,0.5066964285714286,0.29189062548770384,0.0
0.5,2.8653482248371973,german_credit,7.093409399414062,46,73,3.0,dp_uniform,0.5104166666666667,0.29322048105794773,0.0
0.5,2.8994642980083527,german_credit,7.093409399414062,47,73,3.0,dp_uniform,0.5148809523809523,0.2955726417827401,0.0
0.5,2.933180942253998,german_credit,7.093409399414062,48,73,3.0,dp_uniform,0.5275297619047619,0.30350922011260273,0.0
0.5,2.9667105117101276,german_credit,7.093409399414062,49,73,3.0,dp_uniform,0.5267857142857143,0.3032574250417288,0.0
0.5,2.999888657989431,german_credit,7.093409399414062,50,73,3.0,dp_uniform,0.5349702380952381,0.3078912124739002,0.0
0.5,0.11394700822522269,german_credit,35.99451132907028,1,73,3.0,scheduler,0.35863095238095233,0.24227297810095771,0.0
0.5,0.1361065222531086,german_credit,25.451963046281605,2,73,3.0,scheduler,0.35491071428571425,0.2411940036190057,0.0
0.5,0.16934579329493749,german_credit,20.78144080518776,3,73,3.0,scheduler,0.3571428571428571,0.241932932727221,0.0
0.5,0.2136648213507093,german_credit,17.99725566453514,4,73,3.0,scheduler,0.3571428571428571,0.24191925722334942,0.0
0.5,0.2657230445763909,german_credit,16.09723482973749,5,73,3.0,scheduler,0.3601190476190476,0.24278997708549696,0.0
0.5,0.3186587821263203,german_credit,14.69469771617509,6,73,3.0,scheduler,0.35788690476190477,0.24230221147015826,0.0
0.5,0.37218901684257044,german_credit,13.604646505716707,7,73,3.0,scheduler,0.36235119047619047,0.24359545235722907,0.0
0.5,0.42631002522053363,german_credit,12.725981523140803,8,73,3.0,scheduler,0.36458333333333337,0.2443828482690221,0.0
0.5,0.48090710186067964,german_credit,11.998170443023426,9,73,3.0,scheduler,0.365327380952381,0.24455105488073675,0.0
0.5,0.5359973220876351,german_credit,11.382463906459659,10,73,3.0,scheduler,0.36532738095238093,0.24512609201850533,0.0
0.5,0.5916282265638603,german_credit,10.852753508247526,11,73,3.0,scheduler,0.37127976190476186,0.24715850067265416,0.0
0.5,0.647635098278261,german_credit,10.39072040259388,12,73,3.0,scheduler,0.36979166666666663,0.24664819692614898,0.0
0.5,0.7039243519756737,german_credit,9.983081248633258,13,73,3.0,scheduler,0.36904761904761907,0.24637991292544267,0.0
0.5,0.7607797897150115,german_credit,9.619937799838151,14,73,3.0,scheduler,0.3742559523809524,0.2480847674383097,0.0
0.5,0.8178202677506267,german_credit,9.293742862157558,15,73,3.0,scheduler,0.3757440476190476,0.2484715786005679,0.0
0.5,0.8753441438244753,german_credit,8.99862783226757,16,73,3.0,scheduler,0.3816964285714286,0.2504834931839173,0.0
0.5,0.933211450790763,german_credit,8.72995130307343,17,73,3.0,scheduler,0.3839285714285714,0.25262973805444766,0.0
0.5,0.9913758990052851,german_credit,8.483987682093868,18,73,3.0,scheduler,0.3883928571428572,0.2539328793530729,0.0
0.5,1.049914769153957,german_credit,8.257707231870906,19,73,3.0,scheduler,0.3936011904761905,0.25565794959829513,0.0
0.5,1.1090709691214165,german_credit,8.048617414868746,20,73,3.0,scheduler,0.3980654761904762,0.2585123498130856,0.0
0.5,1.1681630065291122,german_credit,7.854646322305243,21,73,3.0,scheduler,0.39657738095238093,0.25796637280159135,0.0
0.5,1.2273502484387568,german_credit,7.674055600227919,22,73,3.0,scheduler,0.40327380952380953,0.25979450353191597,0.0
0.5,1.2880251082770158,german_credit,7.5053744390518276,23,73,3.0,scheduler,0.40848214285714285,0.2615864865516925,0.0
0.5,1.3471477366236269,german_credit,7.347348858087545,24,73,3.0,scheduler,0.4114583333333333,0.2625684759031974,0.0
0.5,1.4086691645221723,german_credit,7.198902265814056,25,73,3.0,scheduler,0.4099702380952381,0.26235406757881824,0.0
0.5,1.468112940247771,german_credit,7.0591044480448435,26,73,3.0,scheduler,0.41220238095238093,0.26340509146597385,0.0
0.5,1.5298430150397389,german_credit,6.927146935062585,27,73,3.0,scheduler,0.4166666666666667,0.2641023232302697,0.0
0.5,1.5905521486203438,german_credit,6.802323252858353,28,73,3.0,scheduler,0.42187500000000006,0.2638624054048664,0.0
0.5,1.6517546159354572,german_credit,6.68401295376943,29,73,3.0,scheduler,0.4188988095238096,0.26283911580075503,0.0
0.5,1.7150675131579884,german_credit,6.571668600435683,30,73,3.0,scheduler,0.4263392857142857,0.2657651259161545,0.0
0.5,1.7762235823693024,german_credit,6.464805078563837,31,73,3.0,scheduler,0.4330357142857143,0.2687361752199975,0.0
0.5,1.8375667450115771,german_credit,6.362990761570401,32,73,3.0,scheduler,0.4382440476190476,0.2704907066668587,0.0
0.5,1.9000734154612187,german_credit,6.265840159435365,33,73,3.0,scheduler,0.4441964285714286,0.27273717260992847,0.0
0.5,1.9628332662547132,german_credit,6.173007765831557,34,73,3.0,scheduler,0.4486607142857143,0.2752498732124837,0.0
0.5,2.02582632073471,german_credit,6.084182879327507,35,73,3.0,scheduler,0.4494047619047619,0.27362674385819286,0.0
0.5,2.0890911881641285,german_credit,5.999085221511713,36,73,3.0,scheduler,0.4561011904761905,0.2775367905066495,0.0
0.5,2.1526214389611615,german_credit,5.917461211050364,37,73,3.0,scheduler,0.46056547619047616,0.27698012260412797,0.0
0.5,2.216356267726092,german_credit,5.8390807807091125,38,73,3.0,scheduler,0.46279761904761907,0.27643810292610127,0.0
0.5,2.280348484230908,german_credit,5.763734646240316,39,73,3.0,scheduler,0.4680059523809524,0.2801907816272799,0.0
0.5,2.3445939683597574,german_credit,5.691231953229829,40,73,3.0,scheduler,0.47023809523809523,0.27956956664237154,0.0
0.5,2.4090962467163126,german_credit,5.6213982416029555,41,73,3.0,scheduler,0.47470238095238093,0.28156868229043897,0.0
0.5,2.4737770858650197,german_credit,5.554073678324013,42,73,3.0,scheduler,0.4828869047619047,0.28655914554973605,0.0
0.5,2.53871533770467,german_credit,5.48911151750396,43,73,3.0,scheduler,0.48660714285714285,0.2883123969048481,0.0
0.5,2.6039507741228727,german_credit,5.426376754123763,44,73,3.0,scheduler,0.494047619047619,0.2897929863677525,0.0
0.5,2.6693249947035333,german_credit,5.365744943245829,45,73,3.0,scheduler,0.4955357142857143,0.29031777560378214,0.0
0.5,2.735025654457894,german_credit,5.307101161197728,46,73,3.0,scheduler,0.496279761904762,0.2887094687507916,0.0
0.5,2.8008584963782286,german_credit,5.250339088985705,47,73,3.0,scheduler,0.49776785714285715,0.288744345607268,0.0
0.5,2.8670117543158278,german_credit,5.19536020129694,48,73,3.0,scheduler,0.5066964285714286,0.29217239681877816,0.0
0.5,2.9333507288022624,german_credit,5.14207304701004,49,73,3.0,scheduler,0.5096726190476191,0.29354457704442705,0.0
0.5,2.9998822110524985,german_credit,5.090392609256321,50,73,3.0,scheduler,0.5215773809523809,0.30121700997603573,0.0
0.5,0.49000905407590967,german_credit,7.307644482421876,1,73,3.0,ha_uniform,0.36086309523809523,0.24279393938131322,0.0
0.5,0.6431990390300479,german_credit,7.307644482421876,2,73,3.0,ha_uniform,0.359375,0.2425381044299601,0.0
0.5,0.7634798351378512,german_credit,7.307644482421876,3,73,3.0,ha_uniform,0.36235119047619047,0.24354715225284373,0.0
0.5,0.8664200564647988,german_credit,7.307644482421876,4,73,3.0,ha_uniform,0.36011904761904756,0.24358031600636876,0.0
0.5,0.9580411279122474,german_credit,7.307644482421876,5,73,3.0,ha_uniform,0.3616071428571428,0.24326351474356822,0.0
0.5,1.0419390502109949,german_credit,7.307644482421876,6,73,3.0,ha_uniform,0.36458333333333337,0.2441219383749104,0.0
0.5,1.1196687199543418,german_credit,7.307644482421876,7,73,3.0,ha_uniform,0.36904761904761907,0.2472849540263499,0.0
0.5,1.1922316045894161,german_credit,7.307644482421876,8,73,3.0,ha_uniform,0.3683035714285714,0.2471345543594109,0.0
0.5,1.2608461881671917,german_credit,7.307644482421876,9,73,3.0,ha_uniform,0.37127976190476186,0.24791539016736958,0.0
0.5,1.3270372027411252,german_credit,7.307644482421876,10,73,3.0,ha_uniform,0.37648809523809523,0.24945274196373726,0.0
0.5,1.3888911961124948,german_credit,7.307644482421876,11,73,3.0,ha_uniform,0.3794642857142857,0.2493644266449386,0.0
0.5,1.4497834114483736,german_credit,7.307644482421876,12,73,3.0,ha_uniform,0.3772321428571429,0.24841651719635582,0.0
0.5,1.5067968650730557,german_credit,7.307644482421876,13,73,3.0,ha_uniform,0.38392857142857145,0.25049037079587666,0.0
0.5,1.5638103186977377,german_credit,7.307644482421876,14,73,3.0,ha_uniform,0.3869047619047619,0.25154800337749306,0.0
0.5,1.6173942330645592,german_credit,7.307644482421876,15,73,3.0,ha_uniform,0.390625,0.2525109201229381,0.0
0.5,1.6696393415216129,german_credit,7.307644482421876,16,73,3.0,ha_uniform,0.39211309523809523,0.2531385800262016,0.0
0.5,1.7218844499786665,german_credit,7.307644482421876,17,73,3.0,ha_uniform,0.39508928571428575,0.25533669254140967,0.0
0.5,1.7728611320586474,german_credit,7.307644482421876,18,73,3.0,ha_uniform,0.3980654761904762,0.2561835350738678,0.0
0.5,1.8199420526500143,german_credit,7.307644482421876,19,73,3.0,ha_uniform,0.3973214285714286,0.2558157346190096,0.0
0.5,1.8670229732413812,german_credit,7.307644482421876,20,73,3.0,ha_uniform,0.4058779761904762,0.2641956634100408,0.0
0.5,1.9135955579794142,german_credit,7.307644482421876,21,73,3.0,ha_uniform,0.4069940476190476,0.26065333486771225,0.0
0.5,1.9592091793133652,german_credit,7.307644482421876,22,73,3.0,ha_uniform,0.41145833333333337,0.26202637112039995,0.0
0.5,2.003927589279015,german_credit,7.307644482421876,23,73,3.0,ha_uniform,0.40848214285714285,0.261022819129475,0.0
0.5,2.0478195104430843,german_credit,7.307644482421876,24,73,3.0,ha_uniform,0.4129464285714286,0.2626186170875604,0.0
0.5,2.0909370405508154,german_credit,7.307644482421876,25,73,3.0,ha_uniform,0.41294642857142855,0.26462789762067407,0.0
0.5,2.1332714143155536,german_credit,7.307644482421876,26,73,3.0,ha_uniform,0.41517857142857145,0.2655117759033199,0.0
0.5,2.1749682781448194,german_credit,7.307644482421876,27,73,3.0,ha_uniform,0.41592261904761907,0.26620917272132516,0.0
0.5,2.215937893725337,german_credit,7.307644482421876,28,73,3.0,ha_uniform,0.41443452380952384,0.26531092392905464,0.0
0.5,2.2563195416661217,german_credit,7.307644482421876,29,73,3.0,ha_uniform,0.4166666666666667,0.26865661356369563,0.0
0.5,2.296136768945437,german_credit,7.307644482421876,30,73,3.0,ha_uniform,0.421875,0.2709673450240862,0.0
0.5,2.3353286288275723,german_credit,7.307644482421876,31,73,3.0,ha_uniform,0.4233630952380952,0.2713783061612797,0.0
0.5,2.3739940662430694,german_credit,7.307644482421876,32,73,3.0,ha_uniform,0.4241071428571429,0.26938633847522275,0.0
0.5,2.4121553319641653,german_credit,7.307644482421876,33,73,3.0,ha_uniform,0.43005952380952384,0.27412837140135826,0.0
0.5,2.4498294003340435,german_credit,7.307644482421876,34,73,3.0,ha_uniform,0.4330357142857143,0.2762537207017751,0.0
0.5,2.4870340389622245,german_credit,7.307644482421876,35,73,3.0,ha_uniform,0.43601190476190477,0.27750815566860115,0.0
0.5,2.523787862178634,german_credit,7.307644482421876,36,73,3.0,ha_uniform,0.4375,0.2777059952454316,0.0
0.5,2.5601103888130337,german_credit,7.307644482421876,37,73,3.0,ha_uniform,0.4427083333333333,0.2804058201460755,0.0
0.5,2.5960221047101633,german_credit,7.307644482421876,38,73,3.0,ha_uniform,0.44568452380952384,0.28091627628150917,0.0
0.5,2.631544530439898,german_credit,7.307644482421876,39,73,3.0,ha_uniform,0.45014880952380953,0.2809165342618857,0.0
0.5,2.6667002947136003,german_credit,7.307644482421876,40,73,3.0,ha_uniform,0.453125,0.28488772542063145,0.0
0.5,2.7014497160143818,german_credit,7.307644482421876,41,73,3.0,ha_uniform,0.456845238095238,0.2869868770405176,0.0
0.5,2.7358149807771404,german_credit,7.307644482421876,42,73,3.0,ha_uniform,0.4620535714285714,0.2897763693440305,0.0
0.5,2.7698631226141255,german_credit,7.307644482421876,43,73,3.0,ha_uniform,0.46577380952380953,0.2906090792855574,0.0
0.5,2.8036205994497028,german_credit,7.307644482421876,44,73,3.0,ha_uniform,0.46726190476190477,0.2926522079801022,0.0
0.5,2.837028948366063,german_credit,7.307644482421876,45,73,3.0,ha_uniform,0.47321428571428575,0.29492352492929297,0.0
0.5,2.87007792284248,german_credit,7.307644482421876,46,73,3.0,ha_uniform,0.47470238095238093,0.2965063018503711,0.0
0.5,2.902894299842932,german_credit,7.307644482421876,47,73,3.0,ha_uniform,0.4799107142857143,0.29966089575881366,0.0
0.5,2.9354117417271404,german_credit,7.307644482421876,48,73,3.0,ha_uniform,0.48065476190476186,0.2999767231186595,0.0
0.5,2.967617792823816,german_credit,7.307644482421876,49,73,3.0,ha_uniform,0.48139880952380953,0.2971287215302171,0.0
0.5,2.9998347846064015,german_credit,7.307644482421876,50,73,3.0,ha_uniform,0.48511904761904767,0.2986098841909586,0.0
0.5,0.21329672877269965,german_credit,37.072400842497515,1,73,3.0,full_ha_dp,0.359375,0.24241349405592016,0.0
0.5,0.23415568389553948,german_credit,26.214146030595877,2,73,3.0,full_ha_dp,0.35788690476190477,0.24204760967159689,0.0
0.5,0.2654441165797992,german_credit,21.403760605921654,3,73,3.0,full_ha_dp,0.3586309523809524,0.24243091128678254,0.0
0.5,0.3071620268254789,german_credit,18.536200421248758,4,73,3.0,full_ha_dp,0.35639880952380953,0.24236379613241332,0.0
0.5,0.3571789003023462,german_credit,16.579281674588987,5,73,3.0,full_ha_dp,0.3571428571428571,0.24194663640288847,0.0
0.5,0.40840811378621256,german_credit,15.134744267340688,6,73,3.0,full_ha_dp,0.35863095238095233,0.24222858492093474,0.0
0.5,0.4602264160720022,german_credit,14.012050447621409,7,73,3.0,full_ha_dp,0.36086309523809523,0.2436819838585155,0.0
0.5,0.5126101897544545,german_credit,13.107073015297939,8,73,3.0,full_ha_dp,0.36011904761904756,0.24337704466456153,0.0
0.5,0.5654514684608999,german_credit,12.357466947499173,9,73,3.0,full_ha_dp,0.359375,0.2424399886827485,0.0
0.5,0.618766202403035,german_credit,11.72332249930373,10,73,3.0,full_ha_dp,0.359375,0.24234807832762417,0.0
0.5,0.6725533626231843,german_credit,11.177749424747248,11,73,3.0,full_ha_dp,0.363095238095238,0.24360636873892483,0.0
0.5,0.726702293044662,german_credit,10.701880302960827,12,73,3.0,full_ha_dp,0.36458333333333337,0.24389556152435513,0.0
0.5,0.781381330954875,german_credit,10.282034010936863,13,73,3.0,full_ha_dp,0.36681547619047616,0.24456886719586413,0.0
0.5,0.8361372067854634,german_credit,9.908015889841096,14,73,3.0,full_ha_dp,0.369047619047619,0.24632884018315113,0.0
0.5,0.8915668065394614,german_credit,9.572052737794582,15,73,3.0,full_ha_dp,0.37127976190476186,0.2468209936771682,0.0
0.5,0.9472685865091947,german_credit,9.268100210624379,16,73,3.0,full_ha_dp,0.37127976190476186,0.24678267958901873,0.0
0.5,1.0032056989100568,german_credit,8.991377909932615,17,73,3.0,full_ha_dp,0.37127976190476186,0.24697671871040539,0.0
0.5,1.059605102896302,german_credit,8.738048676865292,18,73,3.0,full_ha_dp,0.3742559523809524,0.24791596034977634,0.0
0.5,1.1162222668011532,german_credit,8.504992045625201,19,73,3.0,full_ha_dp,0.38244047619047616,0.2502565296572934,0.0
0.5,1.172861114221153,german_credit,8.289640837294494,20,73,3.0,full_ha_dp,0.38392857142857145,0.250724569040374,0.0
0.5,1.2300132786477604,german_credit,8.089861097832834,21,73,3.0,full_ha_dp,0.3876488095238096,0.25203201794229013,0.0
0.5,1.2881786528462973,german_credit,7.903862416642807,22,73,3.0,full_ha_dp,0.3928571428571428,0.25362796894607087,0.0
0.5,1.3452924585397874,german_credit,7.730129939362375,23,73,3.0,full_ha_dp,0.3936011904761905,0.25386761580089723,0.0
0.5,1.4037957731220907,german_credit,7.567372133670344,24,73,3.0,full_ha_dp,0.4025297619047619,0.2573016523408506,0.0
0.5,1.461737315129979,german_credit,7.414480168499504,25,73,3.0,full_ha_dp,0.40178571428571436,0.2578793268130125,0.0
0.5,1.5210141284721734,german_credit,7.270495973524172,26,73,3.0,full_ha_dp,0.4047619047619048,0.26036681881809715,0.0
0.5,1.5791212177429417,german_credit,7.134586868640551,27,73,3.0,full_ha_dp,0.40625000000000006,0.2612514118290572,0.0
0.5,1.6393804214311456,german_credit,7.006025223810704,28,73,3.0,full_ha_dp,0.4084821428571429,0.26189130625461854,0.0
0.5,1.6978743184406908,german_credit,6.884172011482801,29,73,3.0,full_ha_dp,0.412202380952381,0.26337190445110975,0.0
0.5,1.7574713330773757,german_credit,6.768463400769806,30,73,3.0,full_ha_dp,0.41666666666666663,0.26625521245900907,0.0
0.5,1.8190549148686173,german_credit,6.65839975017443,31,73,3.0,full_ha_dp,0.4151785714285714,0.264945730168069,0.0
0.5,1.8781621687391867,german_credit,6.553536507648969,32,73,3.0,full_ha_dp,0.4129464285714286,0.26355570656603555,0.0
0.5,1.937709519197008,german_credit,6.453476639312008,33,73,3.0,full_ha_dp,0.4181547619047619,0.2669610806603713,0.0
0.5,1.9983564618225236,german_credit,6.357864292324277,34,73,3.0,full_ha_dp,0.42113095238095233,0.26830270365117276,0.0
0.5,2.059220577050654,german_credit,6.266379461007564,35,73,3.0,full_ha_dp,0.4255952380952381,0.26973636332667766,0.0
0.5,2.120341080812935,german_credit,6.1787334737495865,36,73,3.0,full_ha_dp,0.4270833333333333,0.27017015470274436,0.0
0.5,2.181674760997187,german_credit,6.094665155484867,37,73,3.0,full_ha_dp,0.43303571428571425,0.2735880727959075,0.0
0.5,2.243262072753887,german_credit,6.013937549399226,38,73,3.0,full_ha_dp,0.4389880952380953,0.27490526155827855,0.0
0.5,2.305083543576888,german_credit,5.936335104031285,39,73,3.0,full_ha_dp,0.44568452380952384,0.2779927322783844,0.0
0.5,2.3671275612205402,german_credit,5.861661249651865,40,73,3.0,full_ha_dp,0.45014880952380953,0.2827259320772525,0.0
0.5,2.429391359574725,german_credit,5.789736301815168,41,73,3.0,full_ha_dp,0.45386904761904767,0.2841667976781974,0.0
0.5,2.4918821561721853,german_credit,5.720395641134845,42,73,3.0,full_ha_dp,0.459077380952381,0.28653174225197786,0.0
0.5,2.554618469178685,german_credit,5.653488127278122,43,73,3.0,full_ha_dp,0.45982142857142855,0.2865887398162021,0.0
0.5,2.6175874483102666,german_credit,5.588874712373624,44,73,3.0,full_ha_dp,0.46354166666666663,0.28756407350927615,0.0
0.5,2.6807180571774745,german_credit,5.526427224862996,45,73,3.0,full_ha_dp,0.4694940476190476,0.29018715879134,0.0
0.5,2.744167490300431,german_credit,5.466027299576291,46,73,3.0,full_ha_dp,0.4702380952380953,0.28949536186047037,0.0
0.5,2.807713010649615,german_credit,5.40756543369744,47,73,3.0,full_ha_dp,0.4776785714285714,0.29260857058104883,0.0
0.5,2.8715778170175743,german_credit,5.350940151480414,48,73,3.0,full_ha_dp,0.484375,0.2958208050344022,0.0
0.5,2.935603229901087,german_credit,5.296057263213932,49,73,3.0,full_ha_dp,0.48809523809523814,0.2990225348938917,0.0
0.5,2.999834784606401,german_credit,5.242829206119174,50,73,3.0,full_ha_dp,0.4933035714285715,0.304478055189191,0.0
0.5,0.40738355113210456,german_credit,7.281471826171876,1,101,3.0,dp_uniform,0.5617559523809523,0.4393237908496041,0.0
0.5,0.565321712434712,german_credit,7.281471826171876,2,101,3.0,dp_uniform,0.5580357142857143,0.43271271635943126,0.0
0.5,0.689463618181332,german_credit,7.281471826171876,3,101,3.0,dp_uniform,0.5572916666666666,0.42906009621090946,0.0
0.5,0.7955179321294652,german_credit,7.281471826171876,4,101,3.0,dp_uniform,0.5572916666666666,0.4321113688263858,0.0
0.5,0.8904171894133831,german_credit,7.281471826171876,5,101,3.0,dp_uniform,0.5580357142857143,0.4310712925451613,0.0
0.5,0.9765692300894415,german_credit,7.281471826171876,6,101,3.0,dp_uniform,0.5610119047619048,0.4340741979344867,0.0
0.5,1.0566735269545762,german_credit,7.281471826171876,7,101,3.0,dp_uniform,0.5602678571428571,0.4296412486550462,0.0
0.5,1.1320024890147964,german_credit,7.281471826171876,8,101,3.0,dp_uniform,0.5580357142857143,0.41838457236620247,0.0
0.5,1.2035119513644075,german_credit,7.281471826171876,9,101,3.0,dp_uniform,0.5565476190476191,0.41377263011280463,0.0
0.5,1.270312537342911,german_credit,7.281471826171876,10,101,3.0,dp_uniform,0.5580357142857143,0.41278889832484944,0.0
0.5,1.3360160298151107,german_credit,7.281471826171876,11,101,3.0,dp_uniform,0.5528273809523809,0.4049406444299572,0.0
0.5,1.3969609445299218,german_credit,7.281471826171876,12,101,3.0,dp_uniform,0.5498511904761905,0.40479659927610445,0.0
0.5,1.457905859244733,german_credit,7.281471826171876,13,101,3.0,dp_uniform,0.5513392857142857,0.40694295442981754,0.0
0.5,1.5148707708520948,german_credit,7.281471826171876,14,101,3.0,dp_uniform,0.5580357142857143,0.40879774297642585,0.0
0.5,1.5706674254694764,german_credit,7.281471826171876,15,101,3.0,dp_uniform,0.5535714285714286,0.40719812029244484,0.0
0.5,1.626464080086858,german_credit,7.281471826171876,16,101,3.0,dp_uniform,0.5543154761904763,0.40689924061247795,0.0
0.5,1.6793527328433968,german_credit,7.281471826171876,17,101,3.0,dp_uniform,0.5483630952380952,0.40131108234026125,0.0
0.5,1.729584978221594,german_credit,7.281471826171876,18,101,3.0,dp_uniform,0.5498511904761905,0.40136797396086465,0.0
0.5,1.7797102704023968,german_credit,7.281471826171876,19,101,3.0,dp_uniform,0.543154761904762,0.39573684331411413,0.0
0.5,1.8288931863513107,german_credit,7.281471826171876,20,101,3.0,dp_uniform,0.5424107142857143,0.3940283803627179,0.0
0.5,1.8770152331861971,german_credit,7.281471826171876,21,101,3.0,dp_uniform,0.5424107142857143,0.39621950130749173,0.0
0.5,1.9241441895993803,german_credit,7.281471826171876,22,101,3.0,dp_uniform,0.5424107142857143,0.39930636071675885,0.0
0.5,1.9703530613903202,german_credit,7.281471826171876,23,101,3.0,dp_uniform,0.5379464285714285,0.39541543051283856,0.0
0.5,2.015720694991192,german_credit,7.281471826171876,24,101,3.0,dp_uniform,0.5386904761904762,0.39353513498616105,0.0
0.5,2.060253361313249,german_credit,7.281471826171876,25,101,3.0,dp_uniform,0.5409226190476191,0.3939686200002502,0.0
0.5,2.1040307535732876,german_credit,7.281471826171876,26,101,3.0,dp_uniform,0.5357142857142857,0.3829443930164146,0.0
0.5,2.1470859039728443,german_credit,7.281471826171876,27,101,3.0,dp_uniform,0.5357142857142857,0.3856535076323454,0.0
0.5,2.189495677735426,german_credit,7.281471826171876,28,101,3.0,dp_uniform,0.5357142857142857,0.38181605178233863,0.0
0.5,2.2311954210862526,german_credit,7.281471826171876,29,101,3.0,dp_uniform,0.5364583333333334,0.3886869874942382,0.0
0.5,2.272311150105238,german_credit,7.281471826171876,30,101,3.0,dp_uniform,0.5401785714285714,0.4005301377790736,0.0
0.5,2.3128594757994603,german_credit,7.281471826171876,31,101,3.0,dp_uniform,0.5379464285714286,0.3950490686333221,0.0
0.5,2.3528577504412205,german_credit,7.281471826171876,32,101,3.0,dp_uniform,0.5364583333333334,0.39224111205857165,0.0
0.5,2.392324117090262,german_credit,7.281471826171876,33,101,3.0,dp_uniform,0.5357142857142857,0.39127464105863535,0.0
0.5,2.431277563068732,german_credit,7.281471826171876,34,101,3.0,dp_uniform,0.5334821428571429,0.38381596369291,0.0
0.5,2.469737977759459,german_credit,7.281471826171876,35,101,3.0,dp_uniform,0.5357142857142857,0.38216067282092314,0.0
0.5,2.507726215139818,german_credit,7.281471826171876,36,101,3.0,dp_uniform,0.5379464285714286,0.39043619834060117,0.0
0.5,2.545264161511607,german_credit,7.281471826171876,37,101,3.0,dp_uniform,0.5386904761904763,0.39117539813897373,0.0
0.5,2.582374808935553,german_credit,7.281471826171876,38,101,3.0,dp_uniform,0.5334821428571428,0.3838081501776084,0.0
0.5,2.6190823349384673,german_credit,7.281471826171876,39,101,3.0,dp_uniform,0.53125,0.3836049778769129,0.0
0.5,2.6554121891257365,german_credit,7.281471826171876,40,101,3.0,dp_uniform,0.5290178571428572,0.3798602801703508,0.0
0.5,2.6913911874073047,german_credit,7.281471826171876,41,101,3.0,dp_uniform,0.5290178571428571,0.37878489415641353,0.0
0.5,2.7269457713165113,german_credit,7.281471826171876,42,101,3.0,dp_uniform,0.5282738095238095,0.37876154983754845,0.0
0.5,2.7621249594250816,german_credit,7.281471826171876,43,101,3.0,dp_uniform,0.5260416666666666,0.3738755979757901,0.0
0.5,2.797012192415642,german_credit,7.281471826171876,44,101,3.0,dp_uniform,0.5275297619047619,0.3773784154606143,0.0
0.5,2.8316130483504263,german_credit,7.281471826171876,45,101,3.0,dp_uniform,0.5282738095238095,0.37815858367010935,0.0
0.5,2.865764151850064,german_credit,7.281471826171876,46,101,3.0,dp_uniform,0.527529761904762,0.3774637716329763,0.0
0.5,2.8996890156487583,german_credit,7.281471826171876,47,101,3.0,dp_uniform,0.5297619047619048,0.3773508245863214,0.0
0.5,2.9333391355864125,german_credit,7.281471826171876,48,101,3.0,dp_uniform,0.5305059523809523,0.3775014940526476,0.0
0.5,2.9667105117101276,german_credit,7.281471826171876,49,101,3.0,dp_uniform,0.5275297619047619,0.3692249034574452,0.0
0.5,2.999888657989431,german_credit,7.281471826171876,50,101,3.0,dp_uniform,0.5245535714285714,0.3664917972760632,0.0
0.5,0.11394700822522269,german_credit,36.937276937491575,1,101,3.0,scheduler,0.5662202380952381,0.4416939638985632,0.0
0.5,0.1361065222531086,german_credit,26.118599001065764,2,101,3.0,scheduler,0.5662202380952381,0.43925945718091464,0.0
0.5,0.16934579329493749,german_credit,21.325746782992518,3,101,3.0,scheduler,0.5662202380952381,0.4372216626634523,0.0
0.5,0.2136648213507093,german_credit,18.468638468745787,4,101,3.0,scheduler,0.5632440476190476,0.43389509079135463,0.0
0.5,0.2657230445763909,german_credit,16.51885242719328,5,101,3.0,scheduler,0.5714285714285714,0.44523262157778565,0.0
0.5,0.3186587821263203,german_credit,15.079580164121207,6,101,3.0,scheduler,0.5699404761904762,0.4457073065387075,0.0
0.5,0.37218901684257044,german_credit,13.960978412074883,7,101,3.0,scheduler,0.5691964285714286,0.43513307265392276,0.0
0.5,0.42631002522053363,german_credit,13.059299500532882,8,101,3.0,scheduler,0.5669642857142857,0.43205092796774136,0.0
0.5,0.48090710186067964,german_credit,12.312425645830523,9,101,3.0,scheduler,0.5691964285714285,0.4362361372516349,0.0
0.5,0.5359973220876351,german_credit,11.68059256868823,10,101,3.0,scheduler,0.5691964285714286,0.4323880122767696,0.0
0.5,0.5916282265638603,german_credit,11.137008034464301,11,101,3.0,scheduler,0.5587797619047619,0.42089529354803923,0.0
0.5,0.647635098278261,german_credit,10.662873391496259,12,101,3.0,scheduler,0.5572916666666666,0.415761797660703,0.0
0.5,0.7039243519756737,german_credit,10.244557382626102,13,101,3.0,scheduler,0.558779761904762,0.4169332776005653,0.0
0.5,0.7607797897150115,german_credit,9.871902507177147,14,101,3.0,scheduler,0.5587797619047619,0.4115934131526079,0.0
0.5,0.8178202677506267,german_credit,9.537163895543744,15,101,3.0,scheduler,0.5572916666666667,0.4091495993697848,0.0
0.5,0.8753441438244753,german_credit,9.234319234372894,16,101,3.0,scheduler,0.5572916666666667,0.41019862969042786,0.0
0.5,0.933211450790763,german_credit,8.958605549174646,17,101,3.0,scheduler,0.5543154761904762,0.41156829082756974,0.0
0.5,0.9913758990052851,german_credit,8.70619966702192,18,101,3.0,scheduler,0.5550595238095238,0.4117745616470574,0.0
0.5,1.049914769153957,german_credit,8.473992495794803,19,101,3.0,scheduler,0.5535714285714287,0.40736196011570863,0.0
0.5,1.1090709691214165,german_credit,8.25942621359664,20,101,3.0,scheduler,0.5505952380952381,0.4048790034442238,0.0
0.5,1.1681630065291122,german_credit,8.060374644361989,21,101,3.0,scheduler,0.5491071428571428,0.4013552288357592,0.0
0.5,1.2273502484387568,german_credit,7.875053903298772,22,101,3.0,scheduler,0.5491071428571429,0.4042569678068193,0.0
0.5,1.2880251082770158,german_credit,7.701954657484956,23,101,3.0,scheduler,0.5461309523809524,0.39903863829239944,0.0
0.5,1.3471477366236269,german_credit,7.539790082060604,24,101,3.0,scheduler,0.5438988095238095,0.39683265455272543,0.0
0.5,1.4086691645221723,german_credit,7.387455387498315,25,101,3.0,scheduler,0.543154761904762,0.3953768386371621,0.0
0.5,1.468112940247771,german_credit,7.243995995509626,26,101,3.0,scheduler,0.5438988095238095,0.398764284254712,0.0
0.5,1.5298430150397389,german_credit,7.108582260997504,27,101,3.0,scheduler,0.543154761904762,0.39754632320122907,0.0
0.5,1.5905521486203438,german_credit,6.980489206037442,28,101,3.0,scheduler,0.5438988095238094,0.39807857896415255,0.0
0.5,1.6517546159354572,german_credit,6.859080132246916,29,101,3.0,scheduler,0.543154761904762,0.39761844620226816,0.0
0.5,1.7150675131579884,german_credit,6.74379326382649,30,101,3.0,scheduler,0.5424107142857142,0.39637648877746334,0.0
0.5,1.7762235823693024,german_credit,6.6341307804048,31,101,3.0,scheduler,0.5394345238095238,0.3939924615234487,0.0
0.5,1.8375667450115771,german_credit,6.529649750266441,32,101,3.0,scheduler,0.5379464285714286,0.38764541248672996,0.0
0.5,1.9000734154612187,german_credit,6.429954586664989,33,101,3.0,scheduler,0.5342261904761905,0.385142373480711,0.0
0.5,1.9628332662547132,german_credit,6.334690733796824,34,101,3.0,scheduler,0.5342261904761905,0.3808901416682775,0.0
0.5,2.02582632073471,german_credit,6.243539352361301,35,101,3.0,scheduler,0.534970238095238,0.3805987834817618,0.0
0.5,2.0890911881641285,german_credit,6.156212822915261,36,101,3.0,scheduler,0.5386904761904762,0.39530113810871836,0.0
0.5,2.1526214389611615,german_credit,6.072450922341143,37,101,3.0,scheduler,0.5394345238095238,0.39173962965870507,0.0
0.5,2.216356267726092,german_credit,5.992017557500422,38,101,3.0,scheduler,0.5409226190476191,0.3921974028925842,0.0
0.5,2.280348484230908,german_credit,5.914697962587747,39,101,3.0,scheduler,0.5379464285714286,0.3885466357903618,0.0
0.5,2.3445939683597574,german_credit,5.840296284344115,40,101,3.0,scheduler,0.5364583333333334,0.3913474717543265,0.0
0.5,2.4090962467163126,german_credit,5.768633493249308,41,101,3.0,scheduler,0.53125,0.3849056741941078,0.0
0.5,2.4737770858650197,german_credit,5.699545569932468,42,101,3.0,scheduler,0.5305059523809524,0.3845796903154924,0.0
0.5,2.53871533770467,german_credit,5.632881924946955,43,101,3.0,scheduler,0.5349702380952381,0.38613667099861726,0.0
0.5,2.6039507741228727,german_credit,5.568504017232151,44,101,3.0,scheduler,0.5305059523809524,0.3804029061363826,0.0
0.5,2.6693249947035333,german_credit,5.506284142397761,45,101,3.0,scheduler,0.527529761904762,0.3798349199322243,0.0
0.5,2.735025654457894,german_credit,5.4461043666989255,46,101,3.0,scheduler,0.5245535714285715,0.3705224974619071,0.0
0.5,2.8008584963782286,german_credit,5.387855586442585,47,101,3.0,scheduler,0.5267857142857143,0.37761153854735663,0.0
0.5,2.8670117543158278,german_credit,5.331436695748129,48,101,3.0,scheduler,0.5260416666666666,0.37749003568195133,0.0
0.5,2.9333507288022624,german_credit,5.276753848213081,49,101,3.0,scheduler,0.5252976190476191,0.3697142088372948,0.0
0.5,2.9998822110524985,german_credit,5.223719800213152,50,101,3.0,scheduler,0.5252976190476191,0.3696012611242757,0.0
0.5,0.4926007360355704,german_credit,7.501370263671875,1,101,3.0,ha_uniform,0.5639880952380952,0.4421878350179961,0.0
0.5,0.6455911602860409,german_credit,7.501370263671875,2,101,3.0,ha_uniform,0.5662202380952381,0.4471997770989037,0.0
0.5,0.7656685292660034,german_credit,7.501370263671875,3,101,3.0,ha_uniform,0.566220238095238,0.44660870150782805,0.0
0.5,0.868632504858402,german_credit,7.501370263671875,4,101,3.0,ha_uniform,0.5654761904761905,0.45067706356271386,0.0
0.5,0.9600803342844201,german_credit,7.501370263671875,5,101,3.0,ha_uniform,0.5691964285714285,0.4539995557566853,0.0
0.5,1.0440126871065019,german_credit,7.501370263671875,6,101,3.0,ha_uniform,0.5699404761904762,0.4552443943102592,0.0
0.5,1.1216965808564776,german_credit,7.501370263671875,7,101,3.0,ha_uniform,0.5721726190476192,0.45320100104135347,0.0
0.5,1.1941491393161858,german_credit,7.501370263671875,8,101,3.0,ha_uniform,0.5729166666666666,0.4740490442364298,0.0
0.5,1.2626031249552687,german_credit,7.501370263671875,9,101,3.0,ha_uniform,0.5721726190476192,0.44652636849946836,0.0
0.5,1.3285962982029675,german_credit,7.501370263671875,10,101,3.0,ha_uniform,0.5721726190476191,0.44873012049135597,0.0
0.5,1.3906062011205214,german_credit,7.501370263671875,11,101,3.0,ha_uniform,0.5714285714285715,0.4483998359385104,0.0
0.5,1.4512407609225537,german_credit,7.501370263671875,12,101,3.0,ha_uniform,0.5714285714285715,0.447120004715373,0.0
0.5,1.5083756603367506,german_credit,7.501370263671875,13,101,3.0,ha_uniform,0.5699404761904762,0.44479501652483544,0.0
0.5,1.565510559750948,german_credit,7.501370263671875,14,101,3.0,ha_uniform,0.5714285714285714,0.44571149422702744,0.0
0.5,1.6187670103496181,german_credit,7.501370263671875,15,101,3.0,ha_uniform,0.5706845238095238,0.44310254419959916,0.0
0.5,1.6711036372923425,german_credit,7.501370263671875,16,101,3.0,ha_uniform,0.5736607142857143,0.44507342379883685,0.0
0.5,1.7234402642350668,german_credit,7.501370263671875,17,101,3.0,ha_uniform,0.574404761904762,0.4452936589983256,0.0
0.5,1.7740041315532902,german_credit,7.501370263671875,18,101,3.0,ha_uniform,0.5729166666666666,0.444750678727691,0.0
0.5,1.8211485521165818,german_credit,7.501370263671875,19,101,3.0,ha_uniform,0.5729166666666666,0.4447437192085686,0.0
0.5,1.868292972679873,german_credit,7.501370263671875,20,101,3.0,ha_uniform,0.572172619047619,0.4439229240977542,0.0
0.5,1.9148331048062395,german_credit,7.501370263671875,21,101,3.0,ha_uniform,0.5751488095238095,0.46667984336605406,0.0
0.5,1.9604085775891296,german_credit,7.501370263671875,22,101,3.0,ha_uniform,0.5744047619047618,0.465824523653676,0.0
0.5,2.0050835669942835,german_credit,7.501370263671875,23,101,3.0,ha_uniform,0.5766369047619048,0.46490942509319777,0.0
0.5,2.0489272122789175,german_credit,7.501370263671875,24,101,3.0,ha_uniform,0.5758928571428572,0.46290666286932003,0.0
0.5,2.092014190732651,german_credit,7.501370263671875,25,101,3.0,ha_uniform,0.5751488095238095,0.4626665965768283,0.0
0.5,2.1343186314415434,german_credit,7.501370263671875,26,101,3.0,ha_uniform,0.5751488095238095,0.4573850250139717,0.0
0.5,2.17596485752987,german_credit,7.501370263671875,27,101,3.0,ha_uniform,0.5766369047619048,0.4401121140290315,0.0
0.5,2.216910430449876,german_credit,7.501370263671875,28,101,3.0,ha_uniform,0.5773809523809524,0.4421922726763543,0.0
0.5,2.257275330222972,german_credit,7.501370263671875,29,101,3.0,ha_uniform,0.5840773809523809,0.46716174906779934,0.0
0.5,2.2970282577607573,german_credit,7.501370263671875,30,101,3.0,ha_uniform,0.5811011904761905,0.4638525648421221,0.0
0.5,2.336191910405885,german_credit,7.501370263671875,31,101,3.0,ha_uniform,0.581845238095238,0.4664437313321491,0.0
0.5,2.374832956376304,german_credit,7.501370263671875,32,101,3.0,ha_uniform,0.5825892857142857,0.4673825056757534,0.0
0.5,2.412967724995928,german_credit,7.501370263671875,33,101,3.0,ha_uniform,0.5840773809523809,0.4678092361699634,0.0
0.5,2.450613288517464,german_credit,7.501370263671875,34,101,3.0,ha_uniform,0.5825892857142857,0.4667919895277167,0.0
0.5,2.487787511632968,german_credit,7.501370263671875,35,101,3.0,ha_uniform,0.5833333333333333,0.4668622542767775,0.0
0.5,2.524509104935783,german_credit,7.501370263671875,36,101,3.0,ha_uniform,0.5848214285714285,0.47179965483917813,0.0
0.5,2.560797682706978,german_credit,7.501370263671875,37,101,3.0,ha_uniform,0.5885416666666666,0.4740551523825103,0.0
0.5,2.5966738254370436,german_credit,7.501370263671875,38,101,3.0,ha_uniform,0.587797619047619,0.44925914557991886,0.0
0.5,2.6321591475442045,german_credit,7.501370263671875,39,101,3.0,ha_uniform,0.5900297619047619,0.474355345676119,0.0
0.5,2.6672763707957237,german_credit,7.501370263671875,40,101,3.0,ha_uniform,0.5870535714285714,0.45036308019241983,0.0
0.5,2.7020401939985574,german_credit,7.501370263671875,41,101,3.0,ha_uniform,0.5855654761904762,0.44983816624904416,0.0
0.5,2.736364248513535,german_credit,7.501370263671875,42,101,3.0,ha_uniform,0.587797619047619,0.4575274377869781,0.0
0.5,2.7703699596743188,german_credit,7.501370263671875,43,101,3.0,ha_uniform,0.5870535714285714,0.45119441773685276,0.0
0.5,2.804083875922126,german_credit,7.501370263671875,44,101,3.0,ha_uniform,0.5855654761904762,0.4486736878129103,0.0
0.5,2.8375027538492232,german_credit,7.501370263671875,45,101,3.0,ha_uniform,0.5892857142857143,0.44456974612090777,0.0
0.5,2.8705059024751858,german_credit,7.501370263671875,46,101,3.0,ha_uniform,0.5892857142857143,0.44499447721985397,0.0
0.5,2.9032755350546733,german_credit,7.501370263671875,47,101,3.0,ha_uniform,0.5892857142857143,0.45782556588427603,0.0
0.5,2.9358010883263654,german_credit,7.501370263671875,48,101,3.0,ha_uniform,0.5907738095238094,0.4559223176542734,0.0
0.5,2.9679228326552294,german_credit,7.501370263671875,49,101,3.0,ha_uniform,0.5915178571428571,0.45654749748385565,0.0
0.5,2.9998761621489973,german_credit,7.501370263671875,50,101,3.0,ha_uniform,0.5915178571428571,0.45710027803663617,0.0
0.5,0.21329672877269965,german_credit,38.04573730223792,1,101,3.0,full_ha_dp,0.5632440476190476,0.44197897954598275,0.0
0.5,0.23415568389553948,german_credit,26.902398841654417,2,101,3.0,full_ha_dp,0.5662202380952381,0.4471997770989037,0.0
0.5,0.2654441165797992,german_credit,21.965716672964845,3,101,3.0,full_ha_dp,0.5677083333333334,0.44595275074663576,0.0
0.5,0.3071620268254789,german_credit,19.02286865111896,4,101,3.0,full_ha_dp,0.5654761904761905,0.4472532033693351,0.0
0.5,0.3571789003023462,german_credit,17.01457097238069,5,101,3.0,full_ha_dp,0.5677083333333334,0.45141391393248465,0.0
0.5,0.40840811378621256,german_credit,15.532107213075852,6,101,3.0,full_ha_dp,0.5714285714285715,0.4558015887446035,0.0
0.5,0.4602264160720022,german_credit,14.37993704968785,7,101,3.0,full_ha_dp,0.5736607142857143,0.4550988616348662,0.0
0.5,0.5126101897544545,german_credit,13.451199420827209,8,101,3.0,full_ha_dp,0.5744047619047618,0.4546584135880352,0.0
0.5,0.5654514684608999,german_credit,12.681912434079305,9,101,3.0,full_ha_dp,0.5751488095238096,0.4556344048299426,0.0
0.5,0.618766202403035,german_credit,12.031118513550174,10,101,3.0,full_ha_dp,0.5751488095238096,0.4556344048299426,0.0
0.5,0.6725533626231843,german_credit,11.471221409450132,11,101,3.0,full_ha_dp,0.572172619047619,0.4493056330399597,0.0
0.5,0.726702293044662,german_credit,10.982858336482423,12,101,3.0,full_ha_dp,0.5736607142857143,0.449808074080056,0.0
0.5,0.781381330954875,german_credit,10.551988973542445,13,101,3.0,full_ha_dp,0.572172619047619,0.44772044648778975,0.0
0.5,0.8361372067854634,german_credit,10.168151000869955,14,101,3.0,full_ha_dp,0.5744047619047619,0.4466148477322611,0.0
0.5,0.8915668065394614,german_credit,9.823367131049983,15,101,3.0,full_ha_dp,0.5729166666666666,0.44562224875018774,0.0
0.5,0.9472685865091947,german_credit,9.51143432555948,16,101,3.0,full_ha_dp,0.5751488095238094,0.4478145256710695,0.0
0.5,1.0032056989100568,german_credit,9.227446676566402,17,101,3.0,full_ha_dp,0.5736607142857143,0.44633449946243847,0.0
0.5,1.059605102896302,german_credit,8.967466280551472,18,101,3.0,full_ha_dp,0.5714285714285715,0.44554388900851943,0.0
0.5,1.1162222668011532,german_credit,8.728290743839517,19,101,3.0,full_ha_dp,0.5721726190476191,0.445760055420634,0.0
0.5,1.172861114221153,german_credit,8.507285486190344,20,101,3.0,full_ha_dp,0.5714285714285715,0.44375907053637387,0.0
0.5,1.2300132786477604,german_credit,8.302260526567153,21,101,3.0,full_ha_dp,0.5729166666666667,0.46650416691121516,0.0
0.5,1.2881786528462973,german_credit,8.111378447114493,22,101,3.0,full_ha_dp,0.5721726190476191,0.46504273840333604,0.0
0.5,1.3452924585397874,german_credit,7.933084620945531,23,101,3.0,full_ha_dp,0.5751488095238094,0.4454668945821688,0.0
0.5,1.4037957731220907,german_credit,7.766053606537926,24,101,3.0,full_ha_dp,0.5758928571428571,0.4458168076625471,0.0
0.5,1.461737315129979,german_credit,7.609147460447582,25,101,3.0,full_ha_dp,0.5751488095238095,0.4420166226279765,0.0
0.5,1.5210141284721734,german_credit,7.4613829581975395,26,101,3.0,full_ha_dp,0.5766369047619047,0.4411903688074372,0.0
0.5,1.5791212177429417,german_credit,7.321905557654948,27,101,3.0,full_ha_dp,0.5773809523809524,0.4404427116751495,0.0
0.5,1.6393804214311456,german_credit,7.189968524843925,28,101,3.0,full_ha_dp,0.5788690476190476,0.4408735232800435,0.0
0.5,1.6978743184406908,german_credit,7.064916054534346,29,101,3.0,full_ha_dp,0.5825892857142856,0.46671717536059887,0.0
0.5,1.7574713330773757,german_credit,6.946169512450484,30,101,3.0,full_ha_dp,0.5818452380952381,0.4657119058285436,0.0
0.5,1.8190549148686173,german_credit,6.833216138999776,31,101,3.0,full_ha_dp,0.5840773809523809,0.4486504234495555,0.0
0.5,1.8781621687391867,german_credit,6.725599710413604,32,101,3.0,full_ha_dp,0.5848214285714285,0.4756937285658255,0.0
0.5,1.937709519197008,german_credit,6.622912768679832,33,101,3.0,full_ha_dp,0.5840773809523808,0.46934397559778457,0.0
0.5,1.9983564618225236,german_credit,6.524790118037373,34,101,3.0,full_ha_dp,0.5840773809523809,0.4493439755977846,0.0
0.5,2.059220577050654,german_credit,6.430903351053961,35,101,3.0,full_ha_dp,0.5833333333333334,0.44781810292829494,0.0
0.5,2.120341080812935,german_credit,6.340956217039652,36,101,3.0,full_ha_dp,0.5863095238095238,0.45012037311331254,0.0
0.5,2.181674760997187,german_credit,6.254680683773569,37,101,3.0,full_ha_dp,0.5930059523809523,0.47715001060290374,0.0
0.5,2.243262072753887,german_credit,6.171833573136698,38,101,3.0,full_ha_dp,0.5907738095238095,0.452168699635937,0.0
0.5,2.305083543576888,german_credit,6.0921936743606935,39,101,3.0,full_ha_dp,0.5892857142857143,0.4525898397703727,0.0
0.5,2.3671275612205402,german_credit,6.015559256775087,40,101,3.0,full_ha_dp,0.5885416666666666,0.45228152405508026,0.0
0.5,2.429391359574725,german_credit,5.941745918316162,41,101,3.0,full_ha_dp,0.5855654761904763,0.4431981632733499,0.0
0.5,2.4918821561721853,german_credit,5.870584717513031,42,101,3.0,full_ha_dp,0.5877976190476191,0.4497009852793392,0.0
0.5,2.554618469178685,german_credit,5.80192054584113,43,101,3.0,full_ha_dp,0.5892857142857142,0.45117709208848344,0.0
0.5,2.6175874483102666,german_credit,5.735610704725066,44,101,3.0,full_ha_dp,0.5870535714285714,0.4435842936692322,0.0
0.5,2.6807180571774745,german_credit,5.671523657460229,45,101,3.0,full_ha_dp,0.5915178571428571,0.44530162899651704,0.0
0.5,2.744167490300431,german_credit,5.609537931197297,46,101,3.0,full_ha_dp,0.5900297619047619,0.44526428912241334,0.0
0.5,2.807713010649615,german_credit,5.549541148122063,47,101,3.0,full_ha_dp,0.5930059523809523,0.44658881386692584,0.0
0.5,2.8715778170175743,german_credit,5.491429168241211,48,101,3.0,full_ha_dp,0.5915178571428571,0.4487010175955089,0.0
0.5,2.935603229901087,german_credit,5.435105328891131,49,101,3.0,full_ha_dp,0.59375,0.4509922519538061,0.0
0.5,2.999834784606401,german_credit,5.380479768330884,50,101,3.0,full_ha_dp,0.5930059523809523,0.45068786883692297,0.0
0.5,0.40738355113210456,german_credit,6.6861017578125,1,909,3.0,dp_uniform,0.6994047619047619,0.551759868884701,0.0
0.5,0.565321712434712,german_credit,6.6861017578125,2,909,3.0,dp_uniform,0.6964285714285714,0.5520409960520766,0.0
0.5,0.689463618181332,german_credit,6.6861017578125,3,909,3.0,dp_uniform,0.6986607142857143,0.5545597460811622,0.0
0.5,0.7955179321294652,german_credit,6.6861017578125,4,909,3.0,dp_uniform,0.6979166666666666,0.5535674820109706,0.0
0.5,0.8904171894133831,german_credit,6.6861017578125,5,909,3.0,dp_uniform,0.6979166666666667,0.5529823179239683,0.0
0.5,0.9765692300894415,german_credit,6.6861017578125,6,909,3.0,dp_uniform,0.7008928571428572,0.5585316238790641,0.0
0.5,1.0566735269545762,german_credit,6.6861017578125,7,909,3.0,dp_uniform,0.6986607142857142,0.5553224241650851,0.0
0.5,1.1320024890147964,german_credit,6.6861017578125,8,909,3.0,dp_uniform,0.697172619047619,0.5493577746732194,0.0
0.5,1.2035119513644075,german_credit,6.6861017578125,9,909,3.0,dp_uniform,0.6956845238095238,0.5458321020646808,0.0
0.5,1.270312537342911,german_credit,6.6861017578125,10,909,3.0,dp_uniform,0.6927083333333334,0.5422604255537353,0.0
0.5,1.3360160298151107,german_credit,6.6861017578125,11,909,3.0,dp_uniform,0.6964285714285714,0.5484401708494644,0.0
0.5,1.3969609445299218,german_credit,6.6861017578125,12,909,3.0,dp_uniform,0.6927083333333334,0.5436399541333322,0.0
0.5,1.457905859244733,german_credit,6.6861017578125,13,909,3.0,dp_uniform,0.6919642857142857,0.5426480845930756,0.0
0.5,1.5148707708520948,german_credit,6.6861017578125,14,909,3.0,dp_uniform,0.6941964285714286,0.5432339350629454,0.0
0.5,1.5706674254694764,german_credit,6.6861017578125,15,909,3.0,dp_uniform,0.6964285714285715,0.5453118021287486,0.0
0.5,1.626464080086858,german_credit,6.6861017578125,16,909,3.0,dp_uniform,0.6971726190476191,0.5390388988594526,0.0
0.5,1.6793527328433968,german_credit,6.6861017578125,17,909,3.0,dp_uniform,0.6979166666666667,0.539854723094817,0.0
0.5,1.729584978221594,german_credit,6.6861017578125,18,909,3.0,dp_uniform,0.699404761904762,0.5396032721875401,0.0
0.5,1.7797102704023968,german_credit,6.6861017578125,19,909,3.0,dp_uniform,0.7008928571428572,0.5387433029641647,0.0
0.5,1.8288931863513107,german_credit,6.6861017578125,20,909,3.0,dp_uniform,0.6971726190476191,0.537587257065296,0.0
0.5,1.8770152331861971,german_credit,6.6861017578125,21,909,3.0,dp_uniform,0.699404761904762,0.5387287438592985,0.0
0.5,1.9241441895993803,german_credit,6.6861017578125,22,909,3.0,dp_uniform,0.6949404761904763,0.5306321161421347,0.0
0.5,1.9703530613903202,german_credit,6.6861017578125,23,909,3.0,dp_uniform,0.6956845238095238,0.5319540966307819,0.0
0.5,2.015720694991192,german_credit,6.6861017578125,24,909,3.0,dp_uniform,0.6956845238095238,0.5324301112675671,0.0
0.5,2.060253361313249,german_credit,6.6861017578125,25,909,3.0,dp_uniform,0.6912202380952381,0.5292043396102002,0.0
0.5,2.1040307535732876,german_credit,6.6861017578125,26,909,3.0,dp_uniform,0.6919642857142857,0.5265126756805912,0.0
0.5,2.1470859039728443,german_credit,6.6861017578125,27,909,3.0,dp_uniform,0.6845238095238095,0.5197096852225503,0.0
0.5,2.189495677735426,german_credit,6.6861017578125,28,909,3.0,dp_uniform,0.6860119047619049,0.5190885385945697,0.0
0.5,2.2311954210862526,german_credit,6.6861017578125,29,909,3.0,dp_uniform,0.6904761904761905,0.5221189624631744,0.0
0.5,2.272311150105238,german_credit,6.6861017578125,30,909,3.0,dp_uniform,0.6837797619047619,0.518311544681807,0.0
0.5,2.3128594757994603,german_credit,6.6861017578125,31,909,3.0,dp_uniform,0.6770833333333333,0.5076386439756007,0.0
0.5,2.3528577504412205,german_credit,6.6861017578125,32,909,3.0,dp_uniform,0.6733630952380952,0.5017630916416579,0.0
0.5,2.392324117090262,german_credit,6.6861017578125,33,909,3.0,dp_uniform,0.6741071428571428,0.5025979629048986,0.0
0.5,2.431277563068732,german_credit,6.6861017578125,34,909,3.0,dp_uniform,0.6703869047619047,0.4990906721449403,0.0
0.5,2.469737977759459,german_credit,6.6861017578125,35,909,3.0,dp_uniform,0.6696428571428571,0.49402404886312834,0.0
0.5,2.507726215139818,german_credit,6.6861017578125,36,909,3.0,dp_uniform,0.6711309523809523,0.49632016162376114,0.0
0.5,2.545264161511607,german_credit,6.6861017578125,37,909,3.0,dp_uniform,0.6696428571428572,0.4952604195740448,0.0
0.5,2.582374808935553,german_credit,6.6861017578125,38,909,3.0,dp_uniform,0.6711309523809523,0.49689141695213923,0.0
0.5,2.6190823349384673,german_credit,6.6861017578125,39,909,3.0,dp_uniform,0.6711309523809523,0.49525844615988046,0.0
0.5,2.6554121891257365,german_credit,6.6861017578125,40,909,3.0,dp_uniform,0.6703869047619048,0.4965117909963771,0.0
0.5,2.6913911874073047,german_credit,6.6861017578125,41,909,3.0,dp_uniform,0.6703869047619048,0.4968187527233755,0.0
0.5,2.7269457713165113,german_credit,6.6861017578125,42,909,3.0,dp_uniform,0.6688988095238095,0.4917719073998262,0.0
0.5,2.7621249594250816,german_credit,6.6861017578125,43,909,3.0,dp_uniform,0.6674107142857143,0.49053866067239343,0.0
0.5,2.797012192415642,german_credit,6.6861017578125,44,909,3.0,dp_uniform,0.6636904761904763,0.4927247755807347,0.0
0.5,2.8316130483504263,german_credit,6.6861017578125,45,909,3.0,dp_uniform,0.6644345238095238,0.4789768748448133,0.0
0.5,2.865764151850064,german_credit,6.6861017578125,46,909,3.0,dp_uniform,0.6629464285714286,0.4775112642721764,0.0
0.5,2.8996890156487583,german_credit,6.6861017578125,47,909,3.0,dp_uniform,0.6674107142857143,0.48124978614737923,0.0
0.5,2.9333391355864125,german_credit,6.6861017578125,48,909,3.0,dp_uniform,0.6636904761904762,0.4931527081911288,0.0
0.5,2.9667105117101276,german_credit,6.6861017578125,49,909,3.0,dp_uniform,0.6651785714285714,0.48215173015088775,0.0
0.5,2.999888657989431,german_credit,6.6861017578125,50,909,3.0,dp_uniform,0.6629464285714286,0.4803936871901137,0.0
0.5,0.11362027831306126,german_credit,33.96827941149558,1,909,3.0,scheduler,0.6971726190476191,0.5499525714425559,0.0
0.5,0.13535811267960768,german_credit,24.019200717107918,2,909,3.0,scheduler,0.6979166666666666,0.5534505206857232,0.0
0.5,0.16831993625640296,german_credit,19.6115952621354,3,909,3.0,scheduler,0.6994047619047619,0.5564145664118912,0.0
0.5,0.2127525805840294,german_credit,16.98413970574779,4,909,3.0,scheduler,0.6964285714285714,0.5529761933767123,0.0
0.5,0.2647657060696932,german_credit,15.191076368562133,5,909,3.0,scheduler,0.6964285714285715,0.5520082362459724,0.0
0.5,0.31756052157819237,german_credit,13.867491999741906,6,909,3.0,scheduler,0.6986607142857143,0.5550452074124503,0.0
0.5,0.37099412162165374,german_credit,12.838802826796112,7,909,3.0,scheduler,0.7008928571428571,0.557360090673338,0.0
0.5,0.42497683393165675,german_credit,12.009600358553959,8,909,3.0,scheduler,0.7008928571428571,0.5561717365438075,0.0
0.5,0.47953391180941285,german_credit,11.322759803831861,9,909,3.0,scheduler,0.7008928571428571,0.5574073384754884,0.0
0.5,0.5345697074457092,german_credit,10.741713113732999,10,909,3.0,scheduler,0.6964285714285714,0.5512435241003287,0.0
0.5,0.5899746366700912,german_credit,10.2418215983532,11,909,3.0,scheduler,0.6994047619047619,0.5524778904462835,0.0
0.5,0.645878918781413,german_credit,9.8057976310677,12,909,3.0,scheduler,0.6956845238095238,0.5462101913713612,0.0
0.5,0.7023627105286483,german_credit,9.421105627495004,13,909,3.0,scheduler,0.6941964285714286,0.5449301384859676,0.0
0.5,0.758871391096904,german_credit,9.078404541144545,14,909,3.0,scheduler,0.6956845238095238,0.5448786629982213,0.0
0.5,0.8160481488922079,german_credit,8.770572030669511,15,909,3.0,scheduler,0.6994047619047619,0.5470141482752896,0.0
0.5,0.8736540066100431,german_credit,8.492069852873895,16,909,3.0,scheduler,0.6949404761904762,0.5444334644107232,0.0
0.5,0.9315233016874516,german_credit,8.238517878475882,17,909,3.0,scheduler,0.7023809523809524,0.5495273985625497,0.0
0.5,0.989586634902739,german_credit,8.006400239035973,18,909,3.0,scheduler,0.7038690476190477,0.5534076927401118,0.0
0.5,1.047902066312136,german_credit,7.792857749508552,19,909,3.0,scheduler,0.7031249999999999,0.5504876088235776,0.0
0.5,1.1066984604861663,german_credit,7.595538184281066,20,909,3.0,scheduler,0.6971726190476191,0.5427784976863745,0.0
0.5,1.166437145225178,german_credit,7.412486268123263,21,909,3.0,scheduler,0.6971726190476191,0.5457823089144486,0.0
0.5,1.225330731894675,german_credit,7.242061503898393,22,909,3.0,scheduler,0.6964285714285715,0.5421972020015428,0.0
0.5,1.2852807041284706,german_credit,7.082875878014997,23,909,3.0,scheduler,0.6979166666666667,0.5479172317499186,0.0
0.5,1.345297546883222,german_credit,6.933745999870953,24,909,3.0,scheduler,0.6986607142857143,0.5444681496711963,0.0
0.5,1.4057602770945172,german_credit,6.793655882299116,25,909,3.0,scheduler,0.6979166666666667,0.5386616313510322,0.0
0.5,1.466144233183649,german_credit,6.661727675476461,26,909,3.0,scheduler,0.6964285714285715,0.5396804093733385,0.0
0.5,1.528098369265929,german_credit,6.537198420711798,27,909,3.0,scheduler,0.6979166666666666,0.5399024322470709,0.0
0.5,1.5880921751893475,german_credit,6.419401413398056,28,909,3.0,scheduler,0.6927083333333333,0.5333586322545315,0.0
0.5,1.6503553351561742,german_credit,6.30775113261026,29,909,3.0,scheduler,0.6927083333333333,0.5336304478882401,0.0
0.5,1.7131308431761734,german_credit,6.201730957771479,30,909,3.0,scheduler,0.6904761904761905,0.5290736238573607,0.0
0.5,1.7734668928598203,german_credit,6.100883083031543,31,909,3.0,scheduler,0.6897321428571428,0.5254483172234332,0.0
0.5,1.8355872109372773,german_credit,6.004800179276979,32,909,3.0,scheduler,0.6860119047619047,0.5241954086889525,0.0
0.5,1.8981358726090527,german_credit,5.9131184568013415,33,909,3.0,scheduler,0.6852678571428572,0.5186651483559739,0.0
0.5,1.9609137510783419,german_credit,5.825511858796905,34,909,3.0,scheduler,0.6785714285714286,0.5140868731979767,0.0
0.5,2.024000090802908,german_credit,5.741687174086513,35,909,3.0,scheduler,0.6785714285714286,0.5138029356387342,0.0
0.5,2.087286203136647,german_credit,5.6613799019159305,36,909,3.0,scheduler,0.6778273809523809,0.5128865417345354,0.0
0.5,2.150853782203741,german_credit,5.584350735755291,37,909,3.0,scheduler,0.6741071428571428,0.5091003955990363,0.0
0.5,2.2146792260724366,german_credit,5.510382559499636,38,909,3.0,scheduler,0.6733630952380953,0.5015912540055594,0.0
0.5,2.2787479895880334,german_credit,5.439277870098139,39,909,3.0,scheduler,0.671875,0.5004476605490542,0.0
0.5,2.3430557745006197,german_credit,5.370856556866499,40,909,3.0,scheduler,0.6733630952380952,0.5029423784639758,0.0
0.5,2.4076098988876913,german_credit,5.304953980576551,41,909,3.0,scheduler,0.671875,0.4971726499782944,0.0
0.5,2.4724308796523498,german_credit,5.241419305642124,42,909,3.0,scheduler,0.6726190476190477,0.4978140762167136,0.0
0.5,2.5374959242320756,german_credit,5.180114046911527,43,909,3.0,scheduler,0.6733630952380952,0.5006085053297458,0.0
0.5,2.6027430764777577,german_credit,5.1209107991766,44,909,3.0,scheduler,0.6666666666666666,0.49399598999698896,0.0
0.5,2.6683388480377332,german_credit,5.063692122854046,45,909,3.0,scheduler,0.6688988095238095,0.4951167314899731,0.0
0.5,2.7340288278587472,german_credit,5.008349563647027,46,909,3.0,scheduler,0.6666666666666666,0.4929022359161025,0.0
0.5,2.8000667103610417,german_credit,4.954782787555909,47,909,3.0,scheduler,0.6688988095238095,0.4946386783158414,0.0
0.5,2.866290379147578,german_credit,4.90289881553385,48,909,3.0,scheduler,0.6674107142857143,0.49504634616532034,0.0
0.5,2.932722875211234,german_credit,4.85261134449937,49,909,3.0,scheduler,0.6696428571428572,0.4974430493757527,0.0
0.5,2.9996657736494767,german_credit,4.803840143421583,50,909,3.0,scheduler,0.6644345238095238,0.49332835160343913,0.0
0.5,0.4926007360355704,german_credit,6.886857910156249,1,909,3.0,ha_uniform,0.6986607142857142,0.5515432422451839,0.0
0.5,0.6455911602860409,german_credit,6.886857910156249,2,909,3.0,ha_uniform,0.6971726190476191,0.5531223005406665,0.0
0.5,0.7656685292660034,german_credit,6.886857910156249,3,909,3.0,ha_uniform,0.6986607142857143,0.5545628161254768,0.0
0.5,0.868632504858402,german_credit,6.886857910156249,4,909,3.0,ha_uniform,0.6979166666666666,0.5542315135012298,0.0
0.5,0.9600803342844201,german_credit,6.886857910156249,5,909,3.0,ha_uniform,0.6986607142857142,0.5537880351532013,0.0
0.5,1.0440126871065019,german_credit,6.886857910156249,6,909,3.0,ha_uniform,0.6979166666666667,0.554284066899233,0.0
0.5,1.1216965808564776,german_credit,6.886857910156249,7,909,3.0,ha_uniform,0.6986607142857142,0.555615268231099,0.0
0.5,1.1941491393161858,german_credit,6.886857910156249,8,909,3.0,ha_uniform,0.7001488095238095,0.5560747502695282,0.0
0.5,1.2626031249552687,german_credit,6.886857910156249,9,909,3.0,ha_uniform,0.7001488095238095,0.5560747502695282,0.0
0.5,1.3285962982029675,german_credit,6.886857910156249,10,909,3.0,ha_uniform,0.6971726190476191,0.5522565626241116,0.0
0.5,1.3906062011205214,german_credit,6.886857910156249,11,909,3.0,ha_uniform,0.6956845238095237,0.5504771741559444,0.0
0.5,1.4512407609225537,german_credit,6.886857910156249,12,909,3.0,ha_uniform,0.6964285714285714,0.548878406756975,0.0
0.5,1.5083756603367506,german_credit,6.886857910156249,13,909,3.0,ha_uniform,0.6941964285714285,0.5454222818469494,0.0
0.5,1.565510559750948,german_credit,6.886857910156249,14,909,3.0,ha_uniform,0.6941964285714286,0.5464887057865452,0.0
0.5,1.6187670103496181,german_credit,6.886857910156249,15,909,3.0,ha_uniform,0.695684523809524,0.5473971747023356,0.0
0.5,1.6711036372923425,german_credit,6.886857910156249,16,909,3.0,ha_uniform,0.6949404761904763,0.5437152078698491,0.0
0.5,1.7234402642350668,german_credit,6.886857910156249,17,909,3.0,ha_uniform,0.6964285714285714,0.5452409431639667,0.0
0.5,1.7740041315532902,german_credit,6.886857910156249,18,909,3.0,ha_uniform,0.6979166666666666,0.5457380202918295,0.0
0.5,1.8211485521165818,german_credit,6.886857910156249,19,909,3.0,ha_uniform,0.6979166666666666,0.5456627603027764,0.0
0.5,1.868292972679873,german_credit,6.886857910156249,20,909,3.0,ha_uniform,0.6941964285714286,0.5408680145928697,0.0
0.5,1.9148331048062395,german_credit,6.886857910156249,21,909,3.0,ha_uniform,0.6971726190476191,0.5423023646501428,0.0
0.5,1.9604085775891296,german_credit,6.886857910156249,22,909,3.0,ha_uniform,0.6941964285714286,0.5410711642451731,0.0
0.5,2.0050835669942835,german_credit,6.886857910156249,23,909,3.0,ha_uniform,0.6956845238095238,0.5463769934734161,0.0
0.5,2.0489272122789175,german_credit,6.886857910156249,24,909,3.0,ha_uniform,0.6956845238095238,0.5466737147260197,0.0
0.5,2.092014190732651,german_credit,6.886857910156249,25,909,3.0,ha_uniform,0.6964285714285715,0.5471442052202865,0.0
0.5,2.1343186314415434,german_credit,6.886857910156249,26,909,3.0,ha_uniform,0.6971726190476191,0.5481877015468017,0.0
0.5,2.17596485752987,german_credit,6.886857910156249,27,909,3.0,ha_uniform,0.693452380952381,0.5444825899793713,0.0
0.5,2.216910430449876,german_credit,6.886857910156249,28,909,3.0,ha_uniform,0.6949404761904762,0.5449753226488809,0.0
0.5,2.257275330222972,german_credit,6.886857910156249,29,909,3.0,ha_uniform,0.6941964285714286,0.5345586559822142,0.0
0.5,2.2970282577607573,german_credit,6.886857910156249,30,909,3.0,ha_uniform,0.6941964285714286,0.5350357218085448,0.0
0.5,2.336191910405885,german_credit,6.886857910156249,31,909,3.0,ha_uniform,0.6927083333333334,0.5336761658308561,0.0
0.5,2.374832956376304,german_credit,6.886857910156249,32,909,3.0,ha_uniform,0.6934523809523809,0.5347484697524247,0.0
0.5,2.412967724995928,german_credit,6.886857910156249,33,909,3.0,ha_uniform,0.6934523809523809,0.5341224086318814,0.0
0.5,2.450613288517464,german_credit,6.886857910156249,34,909,3.0,ha_uniform,0.6904761904761905,0.5318284769761417,0.0
0.5,2.487787511632968,german_credit,6.886857910156249,35,909,3.0,ha_uniform,0.6889880952380952,0.5309331531860465,0.0
0.5,2.524509104935783,german_credit,6.886857910156249,36,909,3.0,ha_uniform,0.6889880952380953,0.5303375208626793,0.0
0.5,2.560797682706978,german_credit,6.886857910156249,37,909,3.0,ha_uniform,0.6889880952380952,0.5320769476940179,0.0
0.5,2.5966738254370436,german_credit,6.886857910156249,38,909,3.0,ha_uniform,0.6927083333333334,0.5357819665235922,0.0
0.5,2.6321591475442045,german_credit,6.886857910156249,39,909,3.0,ha_uniform,0.6919642857142857,0.5337159125831096,0.0
0.5,2.6672763707957237,german_credit,6.886857910156249,40,909,3.0,ha_uniform,0.6919642857142857,0.5337159125831096,0.0
0.5,2.7020401939985574,german_credit,6.886857910156249,41,909,3.0,ha_uniform,0.6912202380952381,0.5341253223602145,0.0
0.5,2.736364248513535,german_credit,6.886857910156249,42,909,3.0,ha_uniform,0.6919642857142857,0.5353348592495759,0.0
0.5,2.7703699596743188,german_credit,6.886857910156249,43,909,3.0,ha_uniform,0.6934523809523809,0.5370581902944767,0.0
0.5,2.804083875922126,german_credit,6.886857910156249,44,909,3.0,ha_uniform,0.6927083333333333,0.5368670808302693,0.0
0.5,2.8375027538492232,german_credit,6.886857910156249,45,909,3.0,ha_uniform,0.6882440476190477,0.5301147810033058,0.0
0.5,2.8705059024751858,german_credit,6.886857910156249,46,909,3.0,ha_uniform,0.6882440476190477,0.5308571794119445,0.0
0.5,2.9032755350546733,german_credit,6.886857910156249,47,909,3.0,ha_uniform,0.6904761904761905,0.5336816398976953,0.0
0.5,2.9358010883263654,german_credit,6.886857910156249,48,909,3.0,ha_uniform,0.6889880952380951,0.5277061995945972,0.0
0.5,2.9679228326552294,german_credit,6.886857910156249,49,909,3.0,ha_uniform,0.6889880952380952,0.528174124524699,0.0
0.5,2.9998761621489973,german_credit,6.886857910156249,50,909,3.0,ha_uniform,0.6867559523809523,0.527243542056411,0.0
0.5,0.21299704025188448,german_credit,34.98007597450838,1,909,3.0,full_ha_dp,0.6986607142857143,0.5510294270825324,0.0
0.5,0.23346218852250927,german_credit,24.734648927995508,2,909,3.0,full_ha_dp,0.6979166666666666,0.5503573193558079,0.0
0.5,0.26447444772021594,german_credit,20.19575628015598,3,909,3.0,full_ha_dp,0.7001488095238095,0.5525200687653286,0.0
0.5,0.30625194645317055,german_credit,17.49003798725419,4,909,3.0,full_ha_dp,0.6979166666666666,0.5504343905248646,0.0
0.5,0.3563045285333235,german_credit,15.643565547421591,5,909,3.0,full_ha_dp,0.6956845238095237,0.5468776309346799,0.0
0.5,0.40742084915157806,german_credit,14.280556216889096,6,909,3.0,full_ha_dp,0.6986607142857143,0.5507837242536595,0.0
0.5,0.45914901528449226,german_credit,13.221225981527791,7,909,3.0,full_ha_dp,0.6986607142857143,0.5506963028413592,0.0
0.5,0.5113859213230608,german_credit,12.367324463997754,8,909,3.0,full_ha_dp,0.6986607142857143,0.5548648152075459,0.0
0.5,0.564173185530695,german_credit,11.660025324836129,9,909,3.0,full_ha_dp,0.6994047619047619,0.5554948555301266,0.0
0.5,0.6174334683980615,german_credit,11.061671280518052,10,909,3.0,full_ha_dp,0.6979166666666666,0.5529953980027731,0.0
0.5,0.6710545766480025,german_credit,10.54688974050635,11,909,3.0,full_ha_dp,0.6979166666666667,0.5524441456286041,0.0
0.5,0.7251490163152827,german_credit,10.09787814007799,12,909,3.0,full_ha_dp,0.6986607142857143,0.5528824992646322,0.0
0.5,0.7796479126155401,german_credit,9.701727503516612,13,909,3.0,full_ha_dp,0.6949404761904762,0.5503847613199795,0.0
0.5,0.8346156587616359,german_credit,9.34881854713807,14,909,3.0,full_ha_dp,0.6971726190476191,0.5516975094858925,0.0
0.5,0.889829626772314,german_credit,9.031816779889411,15,909,3.0,full_ha_dp,0.6986607142857143,0.5530187157344242,0.0
0.5,0.9453289979098779,german_credit,8.745018993627095,16,909,3.0,full_ha_dp,0.6971726190476192,0.5510572147597653,0.0
0.5,1.001237372825957,german_credit,8.483914590295806,17,909,3.0,full_ha_dp,0.6979166666666667,0.5520318736291611,0.0
0.5,1.057519485993207,german_credit,8.244882975998504,18,909,3.0,full_ha_dp,0.7008928571428571,0.5544184842245764,0.0
0.5,1.1142670722860555,german_credit,8.024979800539846,19,909,3.0,full_ha_dp,0.6986607142857143,0.5512551752071967,0.0
0.5,1.1713841018359175,german_credit,7.821782773710796,20,909,3.0,full_ha_dp,0.6979166666666666,0.5510204935209021,0.0
0.5,1.2281442979351627,german_credit,7.633278379451946,21,909,3.0,full_ha_dp,0.7001488095238095,0.5524909034166091,0.0
0.5,1.2857726596013062,german_credit,7.457777255938867,22,909,3.0,full_ha_dp,0.7001488095238095,0.5532166761818555,0.0
0.5,1.3437624821007765,german_credit,7.293850045496574,23,909,3.0,full_ha_dp,0.7001488095238095,0.5540743859772432,0.0
0.5,1.4014736213023147,german_credit,7.140278108444548,24,909,3.0,full_ha_dp,0.7016369047619048,0.5546102087756495,0.0
0.5,1.4603425109602552,german_credit,6.996015194901678,25,909,3.0,full_ha_dp,0.7023809523809523,0.5563398771729162,0.0
0.5,1.5185281801670603,german_credit,6.860157306960632,26,909,3.0,full_ha_dp,0.7038690476190477,0.5575302862062412,0.0
0.5,1.5775644878206894,german_credit,6.731918760051991,27,909,3.0,full_ha_dp,0.7031249999999999,0.5566778746979604,0.0
0.5,1.6372933485547936,german_credit,6.6106129907638955,28,909,3.0,full_ha_dp,0.7053571428571429,0.5577542148477308,0.0
0.5,1.6957851442130996,german_credit,6.495637037545302,29,909,3.0,full_ha_dp,0.7046130952380952,0.5569976332409232,0.0
0.5,1.7564100771982334,german_credit,6.386458891494249,30,909,3.0,full_ha_dp,0.7046130952380952,0.5583640185325499,0.0
0.5,1.8170996855311148,german_credit,6.282607110321111,31,909,3.0,full_ha_dp,0.7016369047619048,0.5555650670328132,0.0
0.5,1.8757179321758315,german_credit,6.183662231998877,32,909,3.0,full_ha_dp,0.7008928571428571,0.5548970965088522,0.0
0.5,1.9360106661943544,german_credit,6.089249630794643,33,909,3.0,full_ha_dp,0.7016369047619048,0.5559935877369224,0.0
0.5,1.9966864794311963,german_credit,5.999033537805653,34,909,3.0,full_ha_dp,0.7001488095238095,0.5549390970611134,0.0
0.5,2.0576005067904557,german_credit,5.912712008116504,35,909,3.0,full_ha_dp,0.7008928571428571,0.555170456130389,0.0
0.5,2.118778206830161,german_credit,5.830012662418064,36,909,3.0,full_ha_dp,0.7001488095238095,0.5549390970611134,0.0
0.5,2.1801994484964147,german_credit,5.750689066073638,37,909,3.0,full_ha_dp,0.7038690476190476,0.5599633044906067,0.0
0.5,2.241829685121876,german_credit,5.674517635846795,38,909,3.0,full_ha_dp,0.7016369047619048,0.5565602656434889,0.0
0.5,2.30370889584499,german_credit,5.601294985759713,39,909,3.0,full_ha_dp,0.7023809523809523,0.5575291496533137,0.0
0.5,2.365829374197474,german_credit,5.530835640259026,40,909,3.0,full_ha_dp,0.7046130952380952,0.5633282275155126,0.0
0.5,2.42819365792054,german_credit,5.462970056088222,41,909,3.0,full_ha_dp,0.7038690476190476,0.56265618450476,0.0
0.5,2.490804243813125,german_credit,5.39754290479513,42,909,3.0,full_ha_dp,0.7046130952380952,0.5589509849130654,0.0
0.5,2.5535753974299653,german_credit,5.334411576238422,43,909,3.0,full_ha_dp,0.7038690476190477,0.560019229018393,0.0
0.5,2.616615196810502,german_credit,5.273444870253175,44,909,3.0,full_ha_dp,0.703125,0.5576606780711324,0.0
0.5,2.6799136006914086,german_credit,5.21452184914053,45,909,3.0,full_ha_dp,0.7046130952380952,0.5576961980332785,0.0
0.5,2.7433690024568937,german_credit,5.157530828128436,46,909,3.0,full_ha_dp,0.7016369047619047,0.5556006497946566,0.0
0.5,2.8071131593430443,german_credit,5.102368484617371,47,909,3.0,full_ha_dp,0.7016369047619047,0.555403760027924,0.0
0.5,2.871046602674573,german_credit,5.048939070038995,48,909,3.0,full_ha_dp,0.7023809523809524,0.5573473009027805,0.0
0.5,2.9351789122425753,german_credit,4.997153710644056,49,909,3.0,full_ha_dp,0.7031250000000001,0.5598045827575653,0.0
0.5,2.999592743285723,german_credit,4.946929785599102,50,909,3.0,full_ha_dp,0.7046130952380952,0.559569933054911,0.0
0.5,0.40738355113210456,german_credit,7.281471826171876,1,4096,3.0,dp_uniform,0.59375,0.42653839207260824,0.0
0.5,0.565321712434712,german_credit,7.281471826171876,2,4096,3.0,dp_uniform,0.5944940476190477,0.43048781847385786,0.0
0.5,0.689463618181332,german_credit,7.281471826171876,3,4096,3.0,dp_uniform,0.5907738095238095,0.42777877933575925,0.0
0.5,0.7955179321294652,german_credit,7.281471826171876,4,4096,3.0,dp_uniform,0.5967261904761905,0.432263254428531,0.0
0.5,0.8904171894133831,german_credit,7.281471826171876,5,4096,3.0,dp_uniform,0.5974702380952381,0.4330145144996467,0.0
0.5,0.9765692300894415,german_credit,7.281471826171876,6,4096,3.0,dp_uniform,0.5944940476190477,0.4261988593656923,0.0
0.5,1.0566735269545762,german_credit,7.281471826171876,7,4096,3.0,dp_uniform,0.6026785714285714,0.4368702043462246,0.0
0.5,1.1320024890147964,german_credit,7.281471826171876,8,4096,3.0,dp_uniform,0.6101190476190477,0.4469014410281354,0.0
0.5,1.2035119513644075,german_credit,7.281471826171876,9,4096,3.0,dp_uniform,0.6086309523809524,0.44644872485014236,0.0
0.5,1.270312537342911,german_credit,7.281471826171876,10,4096,3.0,dp_uniform,0.6101190476190477,0.4476950170226621,0.0
0.5,1.3360160298151107,german_credit,7.281471826171876,11,4096,3.0,dp_uniform,0.6116071428571428,0.4476051897644215,0.0
0.5,1.3969609445299218,german_credit,7.281471826171876,12,4096,3.0,dp_uniform,0.6116071428571429,0.44869821678433186,0.0
0.5,1.457905859244733,german_credit,7.281471826171876,13,4096,3.0,dp_uniform,0.6101190476190477,0.4430553438817638,0.0
0.5,1.5148707708520948,german_credit,7.281471826171876,14,4096,3.0,dp_uniform,0.6138392857142857,0.4497960151332599,0.0
0.5,1.5706674254694764,german_credit,7.281471826171876,15,4096,3.0,dp_uniform,0.6190476190476191,0.4732373959199491,0.0
0.5,1.626464080086858,german_credit,7.281471826171876,16,4096,3.0,dp_uniform,0.6190476190476191,0.47203308758888785,0.0
0.5,1.6793527328433968,german_credit,7.281471826171876,17,4096,3.0,dp_uniform,0.6190476190476191,0.4660503237615734,0.0
0.5,1.729584978221594,german_credit,7.281471826171876,18,4096,3.0,dp_uniform,0.6205357142857143,0.4667889995558795,0.0
0.5,1.7797102704023968,german_credit,7.281471826171876,19,4096,3.0,dp_uniform,0.6257440476190477,0.4810428603970309,0.0
0.5,1.8288931863513107,german_credit,7.281471826171876,20,4096,3.0,dp_uniform,0.6302083333333333,0.487522829554015,0.0
0.5,1.8770152331861971,german_credit,7.281471826171876,21,4096,3.0,dp_uniform,0.6309523809523809,0.4879420146178609,0.0
0.5,1.9241441895993803,german_credit,7.281471826171876,22,4096,3.0,dp_uniform,0.6331845238095237,0.48632276782937656,0.0
0.5,1.9703530613903202,german_credit,7.281471826171876,23,4096,3.0,dp_uniform,0.6302083333333334,0.4830927742214346,0.0
0.5,2.015720694991192,german_credit,7.281471826171876,24,4096,3.0,dp_uniform,0.6272321428571429,0.4805741085342045,0.0
0.5,2.060253361313249,german_credit,7.281471826171876,25,4096,3.0,dp_uniform,0.6331845238095238,0.48981406198647326,0.0
0.5,2.1040307535732876,german_credit,7.281471826171876,26,4096,3.0,dp_uniform,0.6331845238095238,0.4794340666943281,0.0
0.5,2.1470859039728443,german_credit,7.281471826171876,27,4096,3.0,dp_uniform,0.6324404761904762,0.482335606268035,0.0
0.5,2.189495677735426,german_credit,7.281471826171876,28,4096,3.0,dp_uniform,0.6331845238095238,0.4724202251351951,0.0
0.5,2.2311954210862526,german_credit,7.281471826171876,29,4096,3.0,dp_uniform,0.6316964285714286,0.47095023085915033,0.0
0.5,2.272311150105238,german_credit,7.281471826171876,30,4096,3.0,dp_uniform,0.6294642857142857,0.45805708211400886,0.0
0.5,2.3128594757994603,german_credit,7.281471826171876,31,4096,3.0,dp_uniform,0.6331845238095238,0.4639934420508865,0.0
0.5,2.3528577504412205,german_credit,7.281471826171876,32,4096,3.0,dp_uniform,0.6361607142857143,0.46532961316241295,0.0
0.5,2.392324117090262,german_credit,7.281471826171876,33,4096,3.0,dp_uniform,0.6354166666666666,0.4646570546294474,0.0
0.5,2.431277563068732,german_credit,7.281471826171876,34,4096,3.0,dp_uniform,0.6376488095238095,0.46602925496946906,0.0
0.5,2.469737977759459,german_credit,7.281471826171876,35,4096,3.0,dp_uniform,0.6376488095238095,0.46533879150886326,0.0
0.5,2.507726215139818,german_credit,7.281471826171876,36,4096,3.0,dp_uniform,0.6391369047619048,0.46315220876180074,0.0
0.5,2.545264161511607,german_credit,7.281471826171876,37,4096,3.0,dp_uniform,0.6391369047619047,0.45813723054829314,0.0
0.5,2.582374808935553,german_credit,7.281471826171876,38,4096,3.0,dp_uniform,0.6383928571428571,0.4359687632856647,0.0
0.5,2.6190823349384673,german_credit,7.281471826171876,39,4096,3.0,dp_uniform,0.6421130952380952,0.4395856076972985,0.0
0.5,2.6554121891257365,german_credit,7.281471826171876,40,4096,3.0,dp_uniform,0.6473214285714286,0.4431305449188053,0.0
0.5,2.6913911874073047,german_credit,7.281471826171876,41,4096,3.0,dp_uniform,0.6473214285714285,0.4442596795009953,0.0
0.5,2.7269457713165113,german_credit,7.281471826171876,42,4096,3.0,dp_uniform,0.6495535714285714,0.4461767055885312,0.0
0.5,2.7621249594250816,german_credit,7.281471826171876,43,4096,3.0,dp_uniform,0.6458333333333333,0.44431215079339137,0.0
0.5,2.797012192415642,german_credit,7.281471826171876,44,4096,3.0,dp_uniform,0.6458333333333333,0.44470537128679954,0.0
0.5,2.8316130483504263,german_credit,7.281471826171876,45,4096,3.0,dp_uniform,0.6480654761904762,0.44637553926036777,0.0
0.5,2.865764151850064,german_credit,7.281471826171876,46,4096,3.0,dp_uniform,0.6502976190476191,0.44847698310085093,0.0
0.5,2.8996890156487583,german_credit,7.281471826171876,47,4096,3.0,dp_uniform,0.6532738095238095,0.4509369147495733,0.0
0.5,2.9333391355864125,german_credit,7.281471826171876,48,4096,3.0,dp_uniform,0.6502976190476191,0.44935512606672084,0.0
0.5,2.9667105117101276,german_credit,7.281471826171876,49,4096,3.0,dp_uniform,0.6510416666666666,0.44990158196193036,0.0
0.5,2.999888657989431,german_credit,7.281471826171876,50,4096,3.0,dp_uniform,0.6502976190476191,0.44825597750981255,0.0
0.5,0.11394700822522269,german_credit,36.937276937491575,1,4096,3.0,scheduler,0.5959821428571429,0.4270030937150658,0.0
0.5,0.1361065222531086,german_credit,26.118599001065764,2,4096,3.0,scheduler,0.5959821428571429,0.42745629029325805,0.0
0.5,0.16934579329493749,german_credit,21.325746782992514,3,4096,3.0,scheduler,0.5885416666666667,0.4243009330107007,0.0
0.5,0.2136648213507093,german_credit,18.468638468745787,4,4096,3.0,scheduler,0.5930059523809523,0.42990042138895546,0.0
0.5,0.2657230445763909,german_credit,16.51885242719328,5,4096,3.0,scheduler,0.59375,0.42988733549925584,0.0
0.5,0.3186587821263203,german_credit,15.079580164121207,6,4096,3.0,scheduler,0.5907738095238095,0.4222562278610227,0.0
0.5,0.37218901684257044,german_credit,13.960978412074883,7,4096,3.0,scheduler,0.5915178571428572,0.4285553162916679,0.0
0.5,0.42631002522053363,german_credit,13.059299500532882,8,4096,3.0,scheduler,0.59375,0.4302226296946604,0.0
0.5,0.48090710186067964,german_credit,12.312425645830524,9,4096,3.0,scheduler,0.5930059523809523,0.4341652609834379,0.0
0.5,0.5359973220876351,german_credit,11.68059256868823,10,4096,3.0,scheduler,0.5974702380952381,0.4369793231665201,0.0
0.5,0.5916282265638603,german_credit,11.137008034464301,11,4096,3.0,scheduler,0.5989583333333333,0.43836669616078217,0.0
0.5,0.647635098278261,german_credit,10.662873391496257,12,4096,3.0,scheduler,0.5989583333333333,0.43858662442226704,0.0
0.5,0.7039243519756737,german_credit,10.244557382626102,13,4096,3.0,scheduler,0.5989583333333333,0.4398317770395952,0.0
0.5,0.7607797897150115,german_credit,9.871902507177147,14,4096,3.0,scheduler,0.6019345238095238,0.44209424592784324,0.0
0.5,0.8178202677506267,german_credit,9.537163895543745,15,4096,3.0,scheduler,0.6108630952380952,0.45134912141113326,0.0
0.5,0.8753441438244753,german_credit,9.234319234372894,16,4096,3.0,scheduler,0.6101190476190476,0.44981898533178183,0.0
0.5,0.933211450790763,german_credit,8.958605549174646,17,4096,3.0,scheduler,0.609375,0.4495659537066058,0.0
0.5,0.9913758990052851,german_credit,8.70619966702192,18,4096,3.0,scheduler,0.6138392857142858,0.45197339932814784,0.0
0.5,1.049914769153957,german_credit,8.473992495794803,19,4096,3.0,scheduler,0.6175595238095238,0.47535874834738795,0.0
0.5,1.1090709691214165,german_credit,8.25942621359664,20,4096,3.0,scheduler,0.6235119047619048,0.4739850969016814,0.0
0.5,1.1681630065291122,german_credit,8.060374644361989,21,4096,3.0,scheduler,0.6227678571428571,0.47344927124014735,0.0
0.5,1.2273502484387568,german_credit,7.875053903298772,22,4096,3.0,scheduler,0.6220238095238095,0.47053099910838037,0.0
0.5,1.2880251082770158,german_credit,7.701954657484956,23,4096,3.0,scheduler,0.6197916666666666,0.46635860457981093,0.0
0.5,1.3471477366236269,german_credit,7.539790082060604,24,4096,3.0,scheduler,0.625,0.4689093612687776,0.0
0.5,1.4086691645221723,german_credit,7.3874553874983135,25,4096,3.0,scheduler,0.6257440476190477,0.46523259635155456,0.0
0.5,1.468112940247771,german_credit,7.243995995509626,26,4096,3.0,scheduler,0.6272321428571429,0.47372453042590196,0.0
0.5,1.5298430150397389,german_credit,7.108582260997503,27,4096,3.0,scheduler,0.6316964285714286,0.48689914047542604,0.0
0.5,1.5905521486203438,german_credit,6.980489206037442,28,4096,3.0,scheduler,0.6309523809523809,0.48394237766516723,0.0
0.5,1.6517546159354572,german_credit,6.859080132246916,29,4096,3.0,scheduler,0.6287202380952381,0.48584155397187034,0.0
0.5,1.7150675131579884,german_credit,6.7437932638264915,30,4096,3.0,scheduler,0.6294642857142858,0.4766524731808339,0.0
0.5,1.7762235823693024,german_credit,6.634130780404798,31,4096,3.0,scheduler,0.6316964285714286,0.4760474179184254,0.0
0.5,1.8375667450115771,german_credit,6.529649750266441,32,4096,3.0,scheduler,0.6339285714285714,0.48134270955043296,0.0
0.5,1.9000734154612187,german_credit,6.429954586664991,33,4096,3.0,scheduler,0.6339285714285714,0.47168442217278495,0.0
0.5,1.9628332662547132,german_credit,6.334690733796825,34,4096,3.0,scheduler,0.6354166666666666,0.4751901691345422,0.0
0.5,2.02582632073471,german_credit,6.243539352361302,35,4096,3.0,scheduler,0.6324404761904762,0.47456513962151714,0.0
0.5,2.0890911881641285,german_credit,6.156212822915262,36,4096,3.0,scheduler,0.6331845238095238,0.460939867604108,0.0
0.5,2.1526214389611615,german_credit,6.072450922341143,37,4096,3.0,scheduler,0.634672619047619,0.4625919978715479,0.0
0.5,2.216356267726092,german_credit,5.992017557500423,38,4096,3.0,scheduler,0.634672619047619,0.4604492122397048,0.0
0.5,2.280348484230908,german_credit,5.914697962587747,39,4096,3.0,scheduler,0.6391369047619048,0.4662197427752941,0.0
0.5,2.3445939683597574,german_credit,5.840296284344115,40,4096,3.0,scheduler,0.6398809523809524,0.4607910476816683,0.0
0.5,2.4090962467163126,german_credit,5.768633493249309,41,4096,3.0,scheduler,0.6458333333333334,0.4667203607808199,0.0
0.5,2.4737770858650197,german_credit,5.699545569932467,42,4096,3.0,scheduler,0.6488095238095238,0.4663892499775235,0.0
0.5,2.53871533770467,german_credit,5.632881924946956,43,4096,3.0,scheduler,0.6488095238095237,0.4684274394516196,0.0
0.5,2.6039507741228727,german_credit,5.568504017232151,44,4096,3.0,scheduler,0.6465773809523809,0.4633796080006794,0.0
0.5,2.6693249947035333,german_credit,5.50628414239776,45,4096,3.0,scheduler,0.6488095238095237,0.44577891347896564,0.0
0.5,2.735025654457894,german_credit,5.446104366698925,46,4096,3.0,scheduler,0.6510416666666666,0.4463490771968916,0.0
0.5,2.8008584963782286,german_credit,5.387855586442584,47,4096,3.0,scheduler,0.6547619047619048,0.45203484416661105,0.0
0.5,2.8670117543158278,german_credit,5.3314366957481285,48,4096,3.0,scheduler,0.6495535714285715,0.4485824000498142,0.0
0.5,2.9333507288022624,german_credit,5.276753848213082,49,4096,3.0,scheduler,0.6525297619047619,0.44916388128858903,0.0
0.5,2.9998822110524985,german_credit,5.223719800213152,50,4096,3.0,scheduler,0.6540178571428572,0.45068931833816306,0.0
0.5,0.4926007360355704,german_credit,7.501370263671875,1,4096,3.0,ha_uniform,0.5982142857142857,0.4312447605695851,0.0
0.5,0.6455911602860409,german_credit,7.501370263671875,2,4096,3.0,ha_uniform,0.5989583333333334,0.4311858305892585,0.0
0.5,0.7656685292660034,german_credit,7.501370263671875,3,4096,3.0,ha_uniform,0.5959821428571428,0.42952945603166504,0.0
0.5,0.868632504858402,german_credit,7.501370263671875,4,4096,3.0,ha_uniform,0.5997023809523809,0.4318496696711076,0.0
0.5,0.9600803342844201,german_credit,7.501370263671875,5,4096,3.0,ha_uniform,0.5997023809523809,0.4327557642023635,0.0
0.5,1.0440126871065019,german_credit,7.501370263671875,6,4096,3.0,ha_uniform,0.6026785714285714,0.4349844171444304,0.0
0.5,1.1216965808564776,german_credit,7.501370263671875,7,4096,3.0,ha_uniform,0.6041666666666667,0.43702732433671354,0.0
0.5,1.1941491393161858,german_credit,7.501370263671875,8,4096,3.0,ha_uniform,0.6041666666666666,0.4354972215740126,0.0
0.5,1.2626031249552687,german_credit,7.501370263671875,9,4096,3.0,ha_uniform,0.6056547619047619,0.43566334723324984,0.0
0.5,1.3285962982029675,german_credit,7.501370263671875,10,4096,3.0,ha_uniform,0.6145833333333333,0.44130539645331585,0.0
0.5,1.3906062011205214,german_credit,7.501370263671875,11,4096,3.0,ha_uniform,0.6130952380952381,0.44078602130798794,0.0
0.5,1.4512407609225537,german_credit,7.501370263671875,12,4096,3.0,ha_uniform,0.6123511904761905,0.44094826546871835,0.0
0.5,1.5083756603367506,german_credit,7.501370263671875,13,4096,3.0,ha_uniform,0.6116071428571428,0.44184959290517367,0.0
0.5,1.565510559750948,german_credit,7.501370263671875,14,4096,3.0,ha_uniform,0.609375,0.44059596147912844,0.0
0.5,1.6187670103496181,german_credit,7.501370263671875,15,4096,3.0,ha_uniform,0.6138392857142857,0.4439805118926845,0.0
0.5,1.6711036372923425,german_credit,7.501370263671875,16,4096,3.0,ha_uniform,0.6190476190476191,0.4454805169950547,0.0
0.5,1.7234402642350668,german_credit,7.501370263671875,17,4096,3.0,ha_uniform,0.6205357142857144,0.4462120684785139,0.0
0.5,1.7740041315532902,german_credit,7.501370263671875,18,4096,3.0,ha_uniform,0.625,0.4490890948680539,0.0
0.5,1.8211485521165818,german_credit,7.501370263671875,19,4096,3.0,ha_uniform,0.6302083333333333,0.45779306346438914,0.0
0.5,1.868292972679873,german_credit,7.501370263671875,20,4096,3.0,ha_uniform,0.6361607142857143,0.46516926568129563,0.0
0.5,1.9148331048062395,german_credit,7.501370263671875,21,4096,3.0,ha_uniform,0.6354166666666666,0.46475473177780086,0.0
0.5,1.9604085775891296,german_credit,7.501370263671875,22,4096,3.0,ha_uniform,0.6369047619047619,0.46960542727805954,0.0
0.5,2.0050835669942835,german_credit,7.501370263671875,23,4096,3.0,ha_uniform,0.6369047619047619,0.46965599742704744,0.0
0.5,2.0489272122789175,german_credit,7.501370263671875,24,4096,3.0,ha_uniform,0.6354166666666666,0.46839507867666696,0.0
0.5,2.092014190732651,german_credit,7.501370263671875,25,4096,3.0,ha_uniform,0.6383928571428572,0.4661399458543581,0.0
0.5,2.1343186314415434,german_credit,7.501370263671875,26,4096,3.0,ha_uniform,0.6383928571428572,0.4707605354032781,0.0
0.5,2.17596485752987,german_credit,7.501370263671875,27,4096,3.0,ha_uniform,0.6398809523809523,0.46608294192703115,0.0
0.5,2.216910430449876,german_credit,7.501370263671875,28,4096,3.0,ha_uniform,0.640625,0.4618742133761973,0.0
0.5,2.257275330222972,german_credit,7.501370263671875,29,4096,3.0,ha_uniform,0.6413690476190476,0.46166015691530055,0.0
0.5,2.2970282577607573,german_credit,7.501370263671875,30,4096,3.0,ha_uniform,0.6428571428571429,0.46230223603799936,0.0
0.5,2.336191910405885,german_credit,7.501370263671875,31,4096,3.0,ha_uniform,0.6450892857142858,0.4634702364585831,0.0
0.5,2.374832956376304,german_credit,7.501370263671875,32,4096,3.0,ha_uniform,0.6480654761904763,0.4899540448933149,0.0
0.5,2.412967724995928,german_credit,7.501370263671875,33,4096,3.0,ha_uniform,0.6502976190476191,0.49536422069328,0.0
0.5,2.450613288517464,german_credit,7.501370263671875,34,4096,3.0,ha_uniform,0.6502976190476191,0.4953938873892948,0.0
0.5,2.487787511632968,german_credit,7.501370263671875,35,4096,3.0,ha_uniform,0.6532738095238094,0.49689675804110156,0.0
0.5,2.524509104935783,german_credit,7.501370263671875,36,4096,3.0,ha_uniform,0.6495535714285714,0.49465530140685476,0.0
0.5,2.560797682706978,german_credit,7.501370263671875,37,4096,3.0,ha_uniform,0.6510416666666667,0.49524897931670997,0.0
0.5,2.5966738254370436,german_credit,7.501370263671875,38,4096,3.0,ha_uniform,0.6480654761904763,0.49345211705710434,0.0
0.5,2.6321591475442045,german_credit,7.501370263671875,39,4096,3.0,ha_uniform,0.6547619047619048,0.4959980540156047,0.0
0.5,2.6672763707957237,german_credit,7.501370263671875,40,4096,3.0,ha_uniform,0.6577380952380952,0.49813447063233596,0.0
0.5,2.7020401939985574,german_credit,7.501370263671875,41,4096,3.0,ha_uniform,0.6540178571428572,0.4962210199666085,0.0
0.5,2.736364248513535,german_credit,7.501370263671875,42,4096,3.0,ha_uniform,0.6569940476190477,0.4984670901129017,0.0
0.5,2.7703699596743188,german_credit,7.501370263671875,43,4096,3.0,ha_uniform,0.6584821428571428,0.49938099108302547,0.0
0.5,2.804083875922126,german_credit,7.501370263671875,44,4096,3.0,ha_uniform,0.6599702380952381,0.5006429020085412,0.0
0.5,2.8375027538492232,german_credit,7.501370263671875,45,4096,3.0,ha_uniform,0.6607142857142857,0.5017353023881082,0.0
0.5,2.8705059024751858,german_credit,7.501370263671875,46,4096,3.0,ha_uniform,0.6636904761904763,0.5039137845326344,0.0
0.5,2.9032755350546733,german_credit,7.501370263671875,47,4096,3.0,ha_uniform,0.6666666666666667,0.5060633192543222,0.0
0.5,2.9358010883263654,german_credit,7.501370263671875,48,4096,3.0,ha_uniform,0.6651785714285714,0.5049679598615073,0.0
0.5,2.9679228326552294,german_credit,7.501370263671875,49,4096,3.0,ha_uniform,0.6674107142857142,0.5063093492813904,0.0
0.5,2.9998761621489973,german_credit,7.501370263671875,50,4096,3.0,ha_uniform,0.6666666666666667,0.5053871648333907,0.0
0.5,0.21329672877269965,german_credit,38.045737302237924,1,4096,3.0,full_ha_dp,0.5974702380952381,0.43009711224471847,0.0
0.5,0.23415568389553948,german_credit,26.90239884165441,2,4096,3.0,full_ha_dp,0.6004464285714286,0.42876536471933335,0.0
0.5,0.2654441165797992,german_credit,21.965716672964845,3,4096,3.0,full_ha_dp,0.5967261904761905,0.42655721004423,0.0
0.5,0.3071620268254789,german_credit,19.022868651118962,4,4096,3.0,full_ha_dp,0.6004464285714286,0.4326907131668305,0.0
0.5,0.3571789003023462,german_credit,17.01457097238069,5,4096,3.0,full_ha_dp,0.6019345238095238,0.433530244652239,0.0
0.5,0.40840811378621256,german_credit,15.53210721307585,6,4096,3.0,full_ha_dp,0.6019345238095237,0.43408417031070434,0.0
0.5,0.4602264160720022,german_credit,14.37993704968785,7,4096,3.0,full_ha_dp,0.6034226190476191,0.43547629053640974,0.0
0.5,0.5126101897544545,german_credit,13.451199420827205,8,4096,3.0,full_ha_dp,0.6063988095238095,0.43738112095089327,0.0
0.5,0.5654514684608999,german_credit,12.681912434079305,9,4096,3.0,full_ha_dp,0.6034226190476191,0.43525417830311625,0.0
0.5,0.618766202403035,german_credit,12.031118513550174,10,4096,3.0,full_ha_dp,0.6086309523809523,0.43766101224157283,0.0
0.5,0.6725533626231843,german_credit,11.471221409450132,11,4096,3.0,full_ha_dp,0.6071428571428571,0.43795942948472255,0.0
0.5,0.726702293044662,german_credit,10.982858336482423,12,4096,3.0,full_ha_dp,0.6101190476190477,0.4394659302793048,0.0
0.5,0.781381330954875,german_credit,10.551988973542446,13,4096,3.0,full_ha_dp,0.6078869047619048,0.437972043256741,0.0
0.5,0.8361372067854634,german_credit,10.168151000869955,14,4096,3.0,full_ha_dp,0.6049107142857143,0.4368243529302387,0.0
0.5,0.8915668065394614,german_credit,9.823367131049983,15,4096,3.0,full_ha_dp,0.6101190476190476,0.4405398738692747,0.0
0.5,0.9472685865091947,german_credit,9.511434325559481,16,4096,3.0,full_ha_dp,0.6130952380952381,0.44211217642687284,0.0
0.5,1.0032056989100568,german_credit,9.227446676566402,17,4096,3.0,full_ha_dp,0.6123511904761905,0.44103453637591067,0.0
0.5,1.059605102896302,german_credit,8.967466280551472,18,4096,3.0,full_ha_dp,0.6160714285714286,0.4430324990703366,0.0
0.5,1.1162222668011532,german_credit,8.728290743839517,19,4096,3.0,full_ha_dp,0.6123511904761905,0.44172097400632593,0.0
0.5,1.172861114221153,german_credit,8.507285486190344,20,4096,3.0,full_ha_dp,0.6220238095238095,0.4462627115975206,0.0
0.5,1.2300132786477604,german_credit,8.302260526567153,21,4096,3.0,full_ha_dp,0.6190476190476191,0.44969338396567343,0.0
0.5,1.2881786528462973,german_credit,8.111378447114493,22,4096,3.0,full_ha_dp,0.6220238095238095,0.4517297290111455,0.0
0.5,1.3452924585397874,german_credit,7.9330846209455315,23,4096,3.0,full_ha_dp,0.625,0.4550712797711596,0.0
0.5,1.4037957731220907,german_credit,7.766053606537925,24,4096,3.0,full_ha_dp,0.625,0.45381983611764704,0.0
0.5,1.461737315129979,german_credit,7.609147460447582,25,4096,3.0,full_ha_dp,0.6272321428571428,0.4545403672112214,0.0
0.5,1.5210141284721734,german_credit,7.461382958197541,26,4096,3.0,full_ha_dp,0.6279761904761905,0.4506100319120018,0.0
0.5,1.5791212177429417,german_credit,7.321905557654948,27,4096,3.0,full_ha_dp,0.6316964285714286,0.4529852692085352,0.0
0.5,1.6393804214311456,german_credit,7.189968524843925,28,4096,3.0,full_ha_dp,0.6346726190476191,0.4545357922377529,0.0
0.5,1.6978743184406908,german_credit,7.064916054534346,29,4096,3.0,full_ha_dp,0.6339285714285714,0.454574703961766,0.0
0.5,1.7574713330773757,german_credit,6.946169512450483,30,4096,3.0,full_ha_dp,0.6361607142857143,0.45557294456025343,0.0
0.5,1.8190549148686173,german_credit,6.833216138999776,31,4096,3.0,full_ha_dp,0.6339285714285714,0.45975829391214573,0.0
0.5,1.8781621687391867,german_credit,6.7255997104136025,32,4096,3.0,full_ha_dp,0.6369047619047619,0.4613854551559228,0.0
0.5,1.937709519197008,german_credit,6.622912768679832,33,4096,3.0,full_ha_dp,0.6436011904761905,0.4662087522537712,0.0
0.5,1.9983564618225236,german_credit,6.524790118037373,34,4096,3.0,full_ha_dp,0.6428571428571428,0.46616485618825476,0.0
0.5,2.059220577050654,german_credit,6.430903351053961,35,4096,3.0,full_ha_dp,0.6421130952380952,0.46579462841488595,0.0
0.5,2.120341080812935,german_credit,6.340956217039652,36,4096,3.0,full_ha_dp,0.6421130952380952,0.4642011957366348,0.0
0.5,2.181674760997187,german_credit,6.254680683773569,37,4096,3.0,full_ha_dp,0.6458333333333333,0.46625934462089136,0.0
0.5,2.243262072753887,german_credit,6.171833573136698,38,4096,3.0,full_ha_dp,0.6450892857142856,0.4644483249993982,0.0
0.5,2.305083543576888,german_credit,6.092193674360694,39,4096,3.0,full_ha_dp,0.6502976190476191,0.4717508043891516,0.0
0.5,2.3671275612205402,german_credit,6.015559256775087,40,4096,3.0,full_ha_dp,0.6532738095238095,0.4742348995946988,0.0
0.5,2.429391359574725,german_credit,5.941745918316163,41,4096,3.0,full_ha_dp,0.6495535714285715,0.4670425860571326,0.0
0.5,2.4918821561721853,german_credit,5.870584717513031,42,4096,3.0,full_ha_dp,0.65625,0.47138816069622413,0.0
0.5,2.554618469178685,german_credit,5.80192054584113,43,4096,3.0,full_ha_dp,0.6622023809523809,0.47646737439641096,0.0
0.5,2.6175874483102666,german_credit,5.735610704725066,44,4096,3.0,full_ha_dp,0.6644345238095238,0.482869658608328,0.0
0.5,2.6807180571774745,german_credit,5.671523657460229,45,4096,3.0,full_ha_dp,0.6659226190476191,0.47991599324524226,0.0
0.5,2.744167490300431,german_credit,5.609537931197297,46,4096,3.0,full_ha_dp,0.6666666666666667,0.5007302658141732,0.0
0.5,2.807713010649615,german_credit,5.549541148122063,47,4096,3.0,full_ha_dp,0.6681547619047619,0.5153765564887729,0.0
0.5,2.8715778170175743,german_credit,5.491429168241211,48,4096,3.0,full_ha_dp,0.6644345238095238,0.4997896066529236,0.0
0.5,2.935603229901087,german_credit,5.43510532889113,49,4096,3.0,full_ha_dp,0.6674107142857143,0.5018220292138014,0.0
0.5,2.999834784606401,german_credit,5.380479768330884,50,4096,3.0,full_ha_dp,0.6688988095238095,0.5072402353387633,0.0
0.5,0.4046029095776438,german_credit,7.201598999023437,1,65537,3.0,dp_uniform,0.6436011904761905,0.45259080514851846,0.0
0.5,0.5627759041911835,german_credit,7.201598999023437,2,65537,3.0,dp_uniform,0.640625,0.4437305255645547,0.0
0.5,0.687189166325906,german_credit,7.201598999023437,3,65537,3.0,dp_uniform,0.6376488095238095,0.4409996086363799,0.0
0.5,0.7932520365200877,german_credit,7.201598999023437,4,65537,3.0,dp_uniform,0.6369047619047619,0.439304574618397,0.0
0.5,0.8883651324141612,german_credit,7.201598999023437,5,65537,3.0,dp_uniform,0.6346726190476191,0.4379984446489267,0.0
0.5,0.9745042017311369,german_credit,7.201598999023437,6,65537,3.0,dp_uniform,0.6361607142857142,0.4374012597425051,0.0
0.5,1.0546781088140647,german_credit,7.201598999023437,7,65537,3.0,dp_uniform,0.6294642857142857,0.4337936916351216,0.0
0.5,1.1301418318234602,german_credit,7.201598999023437,8,65537,3.0,dp_uniform,0.6257440476190477,0.42998940931460167,0.0
0.5,1.2014187120241542,german_credit,7.201598999023437,9,65537,3.0,dp_uniform,0.6264880952380952,0.42928791516530157,0.0
0.5,1.2684497026500112,german_credit,7.201598999023437,10,65537,3.0,dp_uniform,0.625,0.43108429697351247,0.0
0.5,1.3344128455777526,german_credit,7.201598999023437,11,65537,3.0,dp_uniform,0.6272321428571429,0.43268399295203125,0.0
0.5,1.3952120162709858,german_credit,7.201598999023437,12,65537,3.0,dp_uniform,0.625,0.4104440901801965,0.0
0.5,1.456011186964219,german_credit,7.201598999023437,13,65537,3.0,dp_uniform,0.6272321428571428,0.4346523280494742,0.0
0.5,1.5133227013120947,german_credit,7.201598999023437,14,65537,3.0,dp_uniform,0.6279761904761905,0.43698439352478724,0.0
0.5,1.5690087795337617,german_credit,7.201598999023437,15,65537,3.0,dp_uniform,0.6331845238095237,0.44151045044090054,0.0
0.5,1.6246948577554288,german_credit,7.201598999023437,16,65537,3.0,dp_uniform,0.6354166666666666,0.4458017450954612,0.0
0.5,1.678032343604976,german_credit,7.201598999023437,17,65537,3.0,dp_uniform,0.6316964285714286,0.4439988929483137,0.0
0.5,1.728186919027972,german_credit,7.201598999023437,18,65537,3.0,dp_uniform,0.6339285714285713,0.44752269876712697,0.0
0.5,1.778285957357981,german_credit,7.201598999023437,19,65537,3.0,dp_uniform,0.6354166666666666,0.4474964759447332,0.0
0.5,1.827499389763023,german_credit,7.201598999023437,20,65537,3.0,dp_uniform,0.6324404761904763,0.4460712387035604,0.0
0.5,1.8756586747963904,german_credit,7.201598999023437,21,65537,3.0,dp_uniform,0.628720238095238,0.44492057709545,0.0
0.5,1.9228310984923631,german_credit,7.201598999023437,22,65537,3.0,dp_uniform,0.6302083333333333,0.4468166680584561,0.0
0.5,1.9690891829512815,german_credit,7.201598999023437,23,65537,3.0,dp_uniform,0.6331845238095238,0.45125218260327404,0.0
0.5,2.014503509461658,german_credit,7.201598999023437,24,65537,3.0,dp_uniform,0.6302083333333334,0.44631867070095227,0.0
0.5,2.0590489497390863,german_credit,7.201598999023437,25,65537,3.0,dp_uniform,0.6272321428571429,0.4441003335004197,0.0
0.5,2.10289001007621,german_credit,7.201598999023437,26,65537,3.0,dp_uniform,0.6212797619047619,0.44196576268198745,0.0
0.5,2.145957642235432,german_credit,7.201598999023437,27,65537,3.0,dp_uniform,0.6153273809523809,0.4374181868799297,0.0
0.5,2.1883992179561558,german_credit,7.201598999023437,28,65537,3.0,dp_uniform,0.6175595238095238,0.4355728734240714,0.0
0.5,2.2301579008652244,german_credit,7.201598999023437,29,65537,3.0,dp_uniform,0.6175595238095238,0.43926911560374227,0.0
0.5,2.271295481124615,german_credit,7.201598999023437,30,65537,3.0,dp_uniform,0.6145833333333333,0.43748517330332154,0.0
0.5,2.311868232146746,german_credit,7.201598999023437,31,65537,3.0,dp_uniform,0.6123511904761905,0.4336388441902065,0.0
0.5,2.3518933922450427,german_credit,7.201598999023437,32,65537,3.0,dp_uniform,0.6101190476190477,0.4332531677943128,0.0
0.5,2.3913889915451896,german_credit,7.201598999023437,33,65537,3.0,dp_uniform,0.609375,0.4329872360487196,0.0
0.5,2.4303739054491174,german_credit,7.201598999023437,34,65537,3.0,dp_uniform,0.6086309523809523,0.43408906536165703,0.0
0.5,2.4688679124260706,german_credit,7.201598999023437,35,65537,3.0,dp_uniform,0.6116071428571429,0.4371148438738637,0.0
0.5,2.5068917565347615,german_credit,7.201598999023437,36,65537,3.0,dp_uniform,0.6108630952380951,0.4349945394684427,0.0
0.5,2.5444672151447967,german_credit,7.201598999023437,37,65537,3.0,dp_uniform,0.6138392857142858,0.43400085778555525,0.0
0.5,2.581617172363142,german_credit,7.201598999023437,38,65537,3.0,dp_uniform,0.6145833333333334,0.4346574168533128,0.0
0.5,2.6183656987308184,german_credit,7.201598999023437,39,65537,3.0,dp_uniform,0.6071428571428572,0.4302431330218881,0.0
0.5,2.654738137827267,german_credit,7.201598999023437,40,65537,3.0,dp_uniform,0.6086309523809524,0.43117719989345493,0.0
0.5,2.6907538620768103,german_credit,7.201598999023437,41,65537,3.0,dp_uniform,0.6071428571428571,0.42973490438708717,0.0
0.5,2.7263004188615443,german_credit,7.201598999023437,42,65537,3.0,dp_uniform,0.6049107142857143,0.42805085437165574,0.0
0.5,2.7615264944285447,german_credit,7.201598999023437,43,65537,3.0,dp_uniform,0.6026785714285714,0.4268256678068213,0.0
0.5,2.796461849260909,german_credit,7.201598999023437,44,65537,3.0,dp_uniform,0.6026785714285714,0.4269686588828502,0.0
0.5,2.831050197396722,german_credit,7.201598999023437,45,65537,3.0,dp_uniform,0.6026785714285714,0.43284906876936985,0.0
0.5,2.8652519275847697,german_credit,7.201598999023437,46,65537,3.0,dp_uniform,0.5997023809523809,0.42906818236974476,0.0
0.5,2.8992284120647165,german_credit,7.201598999023437,47,65537,3.0,dp_uniform,0.5974702380952381,0.43760977283962765,0.0
0.5,2.9328687319261144,german_credit,7.201598999023437,48,65537,3.0,dp_uniform,0.599702380952381,0.4379585453915046,0.0
0.5,2.9663006469126536,german_credit,7.201598999023437,49,65537,3.0,dp_uniform,0.6004464285714286,0.4421701290148529,0.0
0.5,2.9998822110524976,german_credit,7.201598999023437,50,65537,3.0,dp_uniform,0.5915178571428572,0.434225839101496,0.0
0.5,0.11394700822522269,german_credit,36.53295277488411,1,65537,3.0,scheduler,0.6443452380952381,0.45274153115861954,0.0
0.5,0.1361065222531086,german_credit,25.832698643888456,2,65537,3.0,scheduler,0.6413690476190477,0.44373999439575934,0.0
0.5,0.16934579329493749,german_credit,21.092310118871232,3,65537,3.0,scheduler,0.6361607142857143,0.4382732851661706,0.0
0.5,0.2136648213507093,german_credit,18.266476387442054,4,65537,3.0,scheduler,0.6398809523809523,0.43916596166696054,0.0
0.5,0.2657230445763909,german_credit,16.338033164686088,5,65537,3.0,scheduler,0.6361607142857142,0.4406037629118287,0.0
0.5,0.3186587821263203,german_credit,14.914515515943478,6,65537,3.0,scheduler,0.6436011904761905,0.4452887478955269,0.0
0.5,0.37218901684257044,german_credit,13.808158243030059,7,65537,3.0,scheduler,0.6391369047619048,0.4399843119316734,0.0
0.5,0.42631002522053363,german_credit,12.916349321944228,8,65537,3.0,scheduler,0.636904761904762,0.43919517912771366,0.0
0.5,0.48090710186067964,german_credit,12.17765092496137,9,65537,3.0,scheduler,0.6383928571428572,0.43511564419990234,0.0
0.5,0.5359973220876351,german_credit,11.552734042000244,10,65537,3.0,scheduler,0.6324404761904762,0.4325641800144487,0.0
0.5,0.5916282265638603,german_credit,11.015099712551251,11,65537,3.0,scheduler,0.6354166666666667,0.43549557370699055,0.0
0.5,0.647635098278261,german_credit,10.546155059435616,12,65537,3.0,scheduler,0.636904761904762,0.4156219559301967,0.0
0.5,0.7039243519756737,german_credit,10.132418036457622,13,65537,3.0,scheduler,0.6376488095238095,0.4406307962158635,0.0
0.5,0.7607797897150115,german_credit,9.763842329343479,14,65537,3.0,scheduler,0.6421130952380952,0.4449923747924099,0.0
0.5,0.8178202677506267,german_credit,9.432767845660548,15,65537,3.0,scheduler,0.6428571428571429,0.44611811804324153,0.0
0.5,0.8753441438244753,german_credit,9.133238193721027,16,65537,3.0,scheduler,0.6450892857142857,0.4488617234767203,0.0
0.5,0.933211450790763,german_credit,8.860542535679354,17,65537,3.0,scheduler,0.6428571428571428,0.4477017401212362,0.0
0.5,0.9913758990052851,german_credit,8.610899547962818,18,65537,3.0,scheduler,0.6443452380952381,0.4506336162671172,0.0
0.5,1.049914769153957,german_credit,8.381234171308613,19,65537,3.0,scheduler,0.644345238095238,0.44929314345638866,0.0
0.5,1.1090709691214165,german_credit,8.169016582343044,20,65537,3.0,scheduler,0.6421130952380952,0.45054266048866054,0.0
0.5,1.1681630065291122,german_credit,7.972143878626353,21,65537,3.0,scheduler,0.6413690476190476,0.4547125723391901,0.0
0.5,1.2273502484387568,german_credit,7.788851702190979,22,65537,3.0,scheduler,0.6391369047619048,0.45198848352225374,0.0
0.5,1.2880251082770158,german_credit,7.6176472416297445,23,65537,3.0,scheduler,0.6398809523809523,0.452175528347987,0.0
0.5,1.3471477366236269,german_credit,7.457257757971739,24,65537,3.0,scheduler,0.6376488095238095,0.4504606225761831,0.0
0.5,1.4086691645221723,german_credit,7.306590554976822,25,65537,3.0,scheduler,0.6383928571428572,0.4500897918126787,0.0
0.5,1.468112940247771,german_credit,7.164701503396069,26,65537,3.0,scheduler,0.6339285714285713,0.4467661004015513,0.0
0.5,1.5298430150397389,german_credit,7.030770039623741,27,65537,3.0,scheduler,0.6309523809523809,0.44430918101672,0.0
0.5,1.5905521486203438,german_credit,6.9040791215150294,28,65537,3.0,scheduler,0.6309523809523808,0.44429301784879105,0.0
0.5,1.6517546159354572,german_credit,6.7839990201383715,29,65537,3.0,scheduler,0.6324404761904762,0.44523314348867804,0.0
0.5,1.7150675131579884,german_credit,6.669974109024994,30,65537,3.0,scheduler,0.6309523809523808,0.44632704185726424,0.0
0.5,1.7762235823693024,german_credit,6.561512017062964,31,65537,3.0,scheduler,0.6309523809523809,0.44424915524823466,0.0
0.5,1.8375667450115771,german_credit,6.458174660972114,32,65537,3.0,scheduler,0.6294642857142857,0.446475813271868,0.0
0.5,1.9000734154612187,german_credit,6.359570784192033,33,65537,3.0,scheduler,0.6264880952380952,0.4470861200166236,0.0
0.5,1.9628332662547132,german_credit,6.265349711970717,34,65537,3.0,scheduler,0.6250000000000001,0.4471834909889236,0.0
0.5,2.02582632073471,german_credit,6.175196095097855,35,65537,3.0,scheduler,0.6242559523809524,0.44674371257938245,0.0
0.5,2.0890911881641285,german_credit,6.088825462480685,36,65537,3.0,scheduler,0.6257440476190476,0.44608363484640445,0.0
0.5,2.1526214389611615,german_credit,6.005980439465391,37,65537,3.0,scheduler,0.6227678571428572,0.44171067331692354,0.0
0.5,2.216356267726092,german_credit,5.926427517244735,38,65537,3.0,scheduler,0.621279761904762,0.4385640908370209,0.0
0.5,2.280348484230908,german_credit,5.849954280890627,39,65537,3.0,scheduler,0.619047619047619,0.43831710346186814,0.0
0.5,2.3445939683597574,german_credit,5.776367021000122,40,65537,3.0,scheduler,0.6190476190476191,0.4343417882582026,0.0
0.5,2.4090962467163126,german_credit,5.705488667752443,41,65537,3.0,scheduler,0.6183035714285714,0.4358166556104759,0.0
0.5,2.4737770858650197,german_credit,5.6371569971715205,42,65537,3.0,scheduler,0.6153273809523809,0.43461615384266744,0.0
0.5,2.53871533770467,german_credit,5.57122306819839,43,65537,3.0,scheduler,0.6123511904761905,0.4312593534456913,0.0
0.5,2.6039507741228727,german_credit,5.5075498562756255,44,65537,3.0,scheduler,0.615327380952381,0.43306353321613505,0.0
0.5,2.6693249947035333,german_credit,5.446011054895363,45,65537,3.0,scheduler,0.6101190476190476,0.43075531473014783,0.0
0.5,2.735025654457894,german_credit,5.386490021243391,46,65537,3.0,scheduler,0.6041666666666667,0.4286985772585764,0.0
0.5,2.8008584963782286,german_credit,5.328878845901454,47,65537,3.0,scheduler,0.6049107142857143,0.4287773334135253,0.0
0.5,2.8670117543158278,german_credit,5.273077529717808,48,65537,3.0,scheduler,0.6056547619047619,0.43493683822613044,0.0
0.5,2.9333507288022624,german_credit,5.218993253554873,49,65537,3.0,scheduler,0.6086309523809524,0.4493521582766956,0.0
0.5,2.9998822110524985,german_credit,5.166539728777691,50,65537,3.0,scheduler,0.6011904761904763,0.44673176806378717,0.0
0.5,0.49000905407590967,german_credit,7.4185681152343745,1,65537,3.0,ha_uniform,0.6443452380952381,0.4536047025141182,0.0
0.5,0.6431990390300479,german_credit,7.4185681152343745,2,65537,3.0,ha_uniform,0.6443452380952381,0.4528127719886673,0.0
0.5,0.7634798351378512,german_credit,7.4185681152343745,3,65537,3.0,ha_uniform,0.6398809523809523,0.4486805218329226,0.0
0.5,0.8664200564647988,german_credit,7.4185681152343745,4,65537,3.0,ha_uniform,0.6458333333333334,0.4461705252123474,0.0
0.5,0.9580411279122474,german_credit,7.4185681152343745,5,65537,3.0,ha_uniform,0.640625,0.44242198324198856,0.0
0.5,1.0419390502109949,german_credit,7.4185681152343745,6,65537,3.0,ha_uniform,0.6413690476190476,0.44153259298296677,0.0
0.5,1.1196687199543418,german_credit,7.4185681152343745,7,65537,3.0,ha_uniform,0.6413690476190476,0.4410621109867494,0.0
0.5,1.1922316045894161,german_credit,7.4185681152343745,8,65537,3.0,ha_uniform,0.6339285714285714,0.4338739079065096,0.0
0.5,1.2608461881671917,german_credit,7.4185681152343745,9,65537,3.0,ha_uniform,0.6383928571428571,0.43490460403869846,0.0
0.5,1.3270372027411252,german_credit,7.4185681152343745,10,65537,3.0,ha_uniform,0.6398809523809523,0.43648942640188937,0.0
0.5,1.3888911961124948,german_credit,7.4185681152343745,11,65537,3.0,ha_uniform,0.6428571428571428,0.43780823984124706,0.0
0.5,1.4497834114483736,german_credit,7.4185681152343745,12,65537,3.0,ha_uniform,0.6428571428571429,0.43746108579781673,0.0
0.5,1.5067968650730557,german_credit,7.4185681152343745,13,65537,3.0,ha_uniform,0.6443452380952381,0.44324193183186933,0.0
0.5,1.5638103186977377,german_credit,7.4185681152343745,14,65537,3.0,ha_uniform,0.6450892857142857,0.44369177438697505,0.0
0.5,1.6173942330645592,german_credit,7.4185681152343745,15,65537,3.0,ha_uniform,0.6480654761904762,0.44607362919298865,0.0
0.5,1.6696393415216129,german_credit,7.4185681152343745,16,65537,3.0,ha_uniform,0.6547619047619048,0.45582934727754304,0.0
0.5,1.7218844499786665,german_credit,7.4185681152343745,17,65537,3.0,ha_uniform,0.6540178571428571,0.4531851250316827,0.0
0.5,1.7728611320586474,german_credit,7.4185681152343745,18,65537,3.0,ha_uniform,0.6517857142857143,0.4538164745994818,0.0
0.5,1.8199420526500143,german_credit,7.4185681152343745,19,65537,3.0,ha_uniform,0.6614583333333334,0.46326194141679355,0.0
0.5,1.8670229732413812,german_credit,7.4185681152343745,20,65537,3.0,ha_uniform,0.659970238095238,0.46297689368108796,0.0
0.5,1.9135955579794142,german_credit,7.4185681152343745,21,65537,3.0,ha_uniform,0.659970238095238,0.46297689368108796,0.0
0.5,1.9592091793133652,german_credit,7.4185681152343745,22,65537,3.0,ha_uniform,0.6629464285714287,0.46701790425451173,0.0
0.5,2.003927589279015,german_credit,7.4185681152343745,23,65537,3.0,ha_uniform,0.6636904761904762,0.47041474684167583,0.0
0.5,2.0478195104430843,german_credit,7.4185681152343745,24,65537,3.0,ha_uniform,0.6659226190476191,0.4718268658420669,0.0
0.5,2.0909370405508154,german_credit,7.4185681152343745,25,65537,3.0,ha_uniform,0.6636904761904763,0.4689330147165266,0.0
0.5,2.1332714143155536,german_credit,7.4185681152343745,26,65537,3.0,ha_uniform,0.6592261904761905,0.4616413954028724,0.0
0.5,2.1749682781448194,german_credit,7.4185681152343745,27,65537,3.0,ha_uniform,0.659970238095238,0.46207355427049424,0.0
0.5,2.215937893725337,german_credit,7.4185681152343745,28,65537,3.0,ha_uniform,0.6592261904761905,0.4592524066282247,0.0
0.5,2.2563195416661217,german_credit,7.4185681152343745,29,65537,3.0,ha_uniform,0.6651785714285714,0.4700166375589035,0.0
0.5,2.296136768945437,german_credit,7.4185681152343745,30,65537,3.0,ha_uniform,0.6666666666666666,0.46682732809145133,0.0
0.5,2.3353286288275723,german_credit,7.4185681152343745,31,65537,3.0,ha_uniform,0.6674107142857143,0.46793464682453223,0.0
0.5,2.3739940662430694,german_credit,7.4185681152343745,32,65537,3.0,ha_uniform,0.6659226190476191,0.46796549990771086,0.0
0.5,2.4121553319641653,german_credit,7.4185681152343745,33,65537,3.0,ha_uniform,0.6666666666666666,0.4695293046845569,0.0
0.5,2.4498294003340435,german_credit,7.4185681152343745,34,65537,3.0,ha_uniform,0.6696428571428572,0.48154261728934245,0.0
0.5,2.4870340389622245,german_credit,7.4185681152343745,35,65537,3.0,ha_uniform,0.6726190476190477,0.4838579148099688,0.0
0.5,2.523787862178634,german_credit,7.4185681152343745,36,65537,3.0,ha_uniform,0.6748511904761906,0.4780537885203465,0.0
0.5,2.5601103888130337,german_credit,7.4185681152343745,37,65537,3.0,ha_uniform,0.6733630952380952,0.4772339621384146,0.0
0.5,2.5960221047101633,german_credit,7.4185681152343745,38,65537,3.0,ha_uniform,0.6785714285714286,0.48144807738331286,0.0
0.5,2.631544530439898,german_credit,7.4185681152343745,39,65537,3.0,ha_uniform,0.6785714285714286,0.48919842068142505,0.0
0.5,2.6667002947136003,german_credit,7.4185681152343745,40,65537,3.0,ha_uniform,0.6800595238095238,0.4904751300831344,0.0
0.5,2.7014497160143818,german_credit,7.4185681152343745,41,65537,3.0,ha_uniform,0.6793154761904763,0.48285523936233093,0.0
0.5,2.7358149807771404,german_credit,7.4185681152343745,42,65537,3.0,ha_uniform,0.6808035714285714,0.48670354500821766,0.0
0.5,2.7699002355306015,german_credit,7.4185681152343745,43,65537,3.0,ha_uniform,0.6793154761904762,0.4873489359939681,0.0
0.5,2.8037279125916106,german_credit,7.4185681152343745,44,65537,3.0,ha_uniform,0.6830357142857142,0.48945963438488116,0.0
0.5,2.8371387004430146,german_credit,7.4185681152343745,45,65537,3.0,ha_uniform,0.6778273809523809,0.4857815356275621,0.0
0.5,2.8702604682502733,german_credit,7.4185681152343745,46,65537,3.0,ha_uniform,0.6800595238095237,0.4879664034578203,0.0
0.5,2.903150529286365,german_credit,7.4185681152343745,47,65537,3.0,ha_uniform,0.6800595238095237,0.48841351381872367,0.0
0.5,2.9356734228608596,german_credit,7.4185681152343745,48,65537,3.0,ha_uniform,0.6860119047619048,0.4918351557383312,0.0
0.5,2.9679197888958786,german_credit,7.4185681152343745,49,65537,3.0,ha_uniform,0.6882440476190477,0.49346225769299035,0.0
0.5,2.999999046102365,german_credit,7.4185681152343745,50,65537,3.0,ha_uniform,0.6830357142857143,0.4880787543561125,0.0
0.5,0.21329672877269965,german_credit,37.629579261700485,1,65537,3.0,full_ha_dp,0.6413690476190477,0.4419296764965419,0.0
0.5,0.23415568389553948,german_credit,26.60813066914509,2,65537,3.0,full_ha_dp,0.6421130952380953,0.4425130573104793,0.0
0.5,0.2654441165797992,german_credit,21.725447716235134,3,65537,3.0,full_ha_dp,0.6391369047619048,0.44906974461563826,0.0
0.5,0.3071620268254789,german_credit,18.814789630850242,4,65537,3.0,full_ha_dp,0.6413690476190477,0.44478609552066384,0.0
0.5,0.3571789003023462,german_credit,16.828459438775727,5,65537,3.0,full_ha_dp,0.6413690476190476,0.4419436742815728,0.0
0.5,0.40840811378621256,german_credit,15.362211404463656,6,65537,3.0,full_ha_dp,0.6421130952380951,0.4453640624804729,0.0
0.5,0.4602264160720022,german_credit,14.222644095207567,7,65537,3.0,full_ha_dp,0.6361607142857143,0.43961707112382703,0.0
0.5,0.5126101897544545,german_credit,13.304065334572545,8,65537,3.0,full_ha_dp,0.6339285714285715,0.43571545760494823,0.0
0.5,0.5654514684608999,german_credit,12.543193087233496,9,65537,3.0,full_ha_dp,0.6369047619047619,0.4359197653604178,0.0
0.5,0.618766202403035,german_credit,11.89951778608108,10,65537,3.0,full_ha_dp,0.6369047619047619,0.4372801671227218,0.0
0.5,0.6725533626231843,german_credit,11.345745039090843,11,65537,3.0,full_ha_dp,0.6421130952380952,0.4409478109736593,0.0
0.5,0.726702293044662,german_credit,10.862723858117567,12,65537,3.0,full_ha_dp,0.6413690476190477,0.440182594501206,0.0
0.5,0.781381330954875,german_credit,10.436567500169037,13,65537,3.0,full_ha_dp,0.6458333333333334,0.44406795994528914,0.0
0.5,0.8361372067854634,german_credit,10.05692808612408,14,65537,3.0,full_ha_dp,0.6502976190476191,0.450839975378828,0.0
0.5,0.8915668065394614,german_credit,9.715915587023865,15,65537,3.0,full_ha_dp,0.6555059523809524,0.4578290728520604,0.0
0.5,0.9472685865091947,german_credit,9.407394815425121,16,65537,3.0,full_ha_dp,0.6614583333333334,0.46306031547602483,0.0
0.5,1.0032056989100568,german_credit,9.126513526090761,17,65537,3.0,full_ha_dp,0.6547619047619048,0.45893201572295206,0.0
0.5,1.059605102896302,german_credit,8.869376889715031,18,65537,3.0,full_ha_dp,0.6555059523809523,0.45930399220339824,0.0
0.5,1.1162222668011532,german_credit,8.632817541563487,19,65537,3.0,full_ha_dp,0.6592261904761905,0.46102960899750817,0.0
0.5,1.172861114221153,german_credit,8.414229719387864,20,65537,3.0,full_ha_dp,0.6584821428571429,0.4600554067851608,0.0
0.5,1.2300132786477604,german_credit,8.21144739695633,21,65537,3.0,full_ha_dp,0.6584821428571429,0.46586553064778,0.0
0.5,1.2881786528462973,german_credit,8.022653254754767,22,65537,3.0,full_ha_dp,0.6592261904761905,0.4600374506556424,0.0
0.5,1.3452924585397874,german_credit,7.846309670967727,23,65537,3.0,full_ha_dp,0.6622023809523809,0.4620291577408368,0.0
0.5,1.4037957731220907,german_credit,7.681105702231828,24,65537,3.0,full_ha_dp,0.6636904761904762,0.46627656026657505,0.0
0.5,1.461737315129979,german_credit,7.525915852340097,25,65537,3.0,full_ha_dp,0.6629464285714286,0.46689230925188924,0.0
0.5,1.5210141284721734,german_credit,7.379767651680659,26,65537,3.0,full_ha_dp,0.6599702380952381,0.4639781761318243,0.0
0.5,1.5791212177429417,german_credit,7.241815905411711,27,65537,3.0,full_ha_dp,0.6584821428571429,0.4622587934439908,0.0
0.5,1.6393804214311456,german_credit,7.1113220476037835,28,65537,3.0,full_ha_dp,0.6599702380952381,0.46207033016674703,0.0
0.5,1.6978743184406908,german_credit,6.987637446461649,29,65537,3.0,full_ha_dp,0.6644345238095238,0.4684300367354788,0.0
0.5,1.7574713330773757,german_credit,6.87018979702065,30,65537,3.0,full_ha_dp,0.6651785714285715,0.46907100061670903,0.0
0.5,1.8190549148686173,german_credit,6.75847194843818,31,65537,3.0,full_ha_dp,0.668154761904762,0.4713773646074139,0.0
0.5,1.8781621687391867,german_credit,6.652032667286273,32,65537,3.0,full_ha_dp,0.6666666666666666,0.47092301295008787,0.0
0.5,1.937709519197008,german_credit,6.55046895247596,33,65537,3.0,full_ha_dp,0.6636904761904762,0.4704673256010739,0.0
0.5,1.9983564618225236,german_credit,6.453419602889523,34,65537,3.0,full_ha_dp,0.6651785714285715,0.471373244542453,0.0
0.5,2.059220577050654,german_credit,6.360559803334022,35,65537,3.0,full_ha_dp,0.6651785714285715,0.47069674170855497,0.0
0.5,2.120341080812935,german_credit,6.271596543616748,36,65537,3.0,full_ha_dp,0.6741071428571428,0.4802437469626968,0.0
0.5,2.181674760997187,german_credit,6.186264723350233,37,65537,3.0,full_ha_dp,0.675595238095238,0.47877531363245973,0.0
0.5,2.243262072753887,german_credit,6.104323824385722,38,65537,3.0,full_ha_dp,0.677827380952381,0.4869486745567181,0.0
0.5,2.305083543576888,german_credit,6.025555055638292,39,65537,3.0,full_ha_dp,0.6770833333333333,0.484956500080859,0.0
0.5,2.3671275612205402,german_credit,5.94975889304054,40,65537,3.0,full_ha_dp,0.675595238095238,0.48153612908126997,0.0
0.5,2.429391359574725,german_credit,5.876752951585241,41,65537,3.0,full_ha_dp,0.6733630952380952,0.48099568190426645,0.0
0.5,2.4918821561721853,german_credit,5.806370137744446,42,65537,3.0,full_ha_dp,0.675595238095238,0.4850710726997697,0.0
0.5,2.554618469178685,german_credit,5.738457039626754,43,65537,3.0,full_ha_dp,0.6688988095238094,0.4790440306224557,0.0
0.5,2.6175874483102666,german_credit,5.672872519545422,44,65537,3.0,full_ha_dp,0.6696428571428571,0.4794758438959772,0.0
0.5,2.6807180571774745,german_credit,5.60948647959191,45,65537,3.0,full_ha_dp,0.6666666666666666,0.47789114271313005,0.0
0.5,2.744167490300431,german_credit,5.548178775630869,46,65537,3.0,full_ha_dp,0.6666666666666667,0.4744174872758261,0.0
0.5,2.807713010649615,german_credit,5.48883825907729,47,65537,3.0,full_ha_dp,0.659970238095238,0.47294745485402023,0.0
0.5,2.8715778170175743,german_credit,5.431361929058784,48,65537,3.0,full_ha_dp,0.6696428571428571,0.4825944578268124,0.0
0.5,2.935603229901087,german_credit,5.375654180242927,49,65537,3.0,full_ha_dp,0.6688988095238095,0.47958832869825063,0.0
0.5,2.999834784606401,german_credit,5.321626133829018,50,65537,3.0,full_ha_dp,0.6666666666666667,0.4788831219617963,0.0
0.1,0.4926007360355704,german_credit,8.1158826171875,1,42,3.0,ha_uniform,0.5252976190476191,0.35141102758664033,0.0
0.1,0.6455911602860409,german_credit,8.1158826171875,2,42,3.0,ha_uniform,0.5238095238095238,0.35081228658643226,0.0
0.1,0.7656685292660034,german_credit,8.1158826171875,3,42,3.0,ha_uniform,0.5305059523809524,0.35865856733040935,0.0
0.1,0.868632504858402,german_credit,8.1158826171875,4,42,3.0,ha_uniform,0.5297619047619048,0.3587477978593061,0.0
0.1,0.9600803342844201,german_credit,8.1158826171875,5,42,3.0,ha_uniform,0.53125,0.35949670853468735,0.0
0.1,1.0440126871065019,german_credit,8.1158826171875,6,42,3.0,ha_uniform,0.5334821428571428,0.36059619460804104,0.0
0.1,1.1216965808564776,german_credit,8.1158826171875,7,42,3.0,ha_uniform,0.5334821428571429,0.36057086038421515,0.0
0.1,1.1941491393161858,german_credit,8.1158826171875,8,42,3.0,ha_uniform,0.5349702380952381,0.36124118020776075,0.0
0.1,1.2626031249552687,german_credit,8.1158826171875,9,42,3.0,ha_uniform,0.5386904761904763,0.36324700051008463,0.0
0.1,1.3285962982029675,german_credit,8.1158826171875,10,42,3.0,ha_uniform,0.5372023809523809,0.3622553273062883,0.0
0.1,1.3906062011205214,german_credit,8.1158826171875,11,42,3.0,ha_uniform,0.5394345238095238,0.36412157307497306,0.0
0.1,1.4512407609225537,german_credit,8.1158826171875,12,42,3.0,ha_uniform,0.5438988095238095,0.3708212591673811,0.0
0.1,1.5083756603367506,german_credit,8.1158826171875,13,42,3.0,ha_uniform,0.5491071428571429,0.3789860898893279,0.0
0.1,1.565510559750948,german_credit,8.1158826171875,14,42,3.0,ha_uniform,0.5476190476190476,0.3786032575056043,0.0
0.1,1.6187670103496181,german_credit,8.1158826171875,15,42,3.0,ha_uniform,0.5528273809523809,0.3812626649183759,0.0
0.1,1.6711036372923425,german_credit,8.1158826171875,16,42,3.0,ha_uniform,0.5505952380952381,0.379946147956416,0.0
0.1,1.7234402642350668,german_credit,8.1158826171875,17,42,3.0,ha_uniform,0.5483630952380952,0.37846529428480424,0.0
0.1,1.7740041315532902,german_credit,8.1158826171875,18,42,3.0,ha_uniform,0.5498511904761905,0.3785510786820794,0.0
0.1,1.8211485521165818,german_credit,8.1158826171875,19,42,3.0,ha_uniform,0.5528273809523809,0.3828290992658102,0.0
0.1,1.868292972679873,german_credit,8.1158826171875,20,42,3.0,ha_uniform,0.5528273809523809,0.38009891281211416,0.0
0.1,1.9148331048062395,german_credit,8.1158826171875,21,42,3.0,ha_uniform,0.5528273809523809,0.38011204138536936,0.0
0.1,1.9604085775891296,german_credit,8.1158826171875,22,42,3.0,ha_uniform,0.5550595238095238,0.3820825056226246,0.0
0.1,2.0050835669942835,german_credit,8.1158826171875,23,42,3.0,ha_uniform,0.5610119047619048,0.3881399584539773,0.0
0.1,2.0489272122789175,german_credit,8.1158826171875,24,42,3.0,ha_uniform,0.5662202380952381,0.39031965472069313,0.0
0.1,2.092014190732651,german_credit,8.1158826171875,25,42,3.0,ha_uniform,0.5706845238095238,0.3944848566133721,0.0
0.1,2.1343186314415434,german_credit,8.1158826171875,26,42,3.0,ha_uniform,0.5706845238095238,0.39505640684537524,0.0
0.1,2.17596485752987,german_credit,8.1158826171875,27,42,3.0,ha_uniform,0.5706845238095237,0.3944081130450965,0.0
0.1,2.216910430449876,german_credit,8.1158826171875,28,42,3.0,ha_uniform,0.5736607142857143,0.3952065746605665,0.0
0.1,2.257275330222972,german_credit,8.1158826171875,29,42,3.0,ha_uniform,0.5729166666666667,0.39476921880093907,0.0
0.1,2.2970282577607573,german_credit,8.1158826171875,30,42,3.0,ha_uniform,0.574404761904762,0.3952379378767541,0.0
0.1,2.336191910405885,german_credit,8.1158826171875,31,42,3.0,ha_uniform,0.5766369047619048,0.39710020940725815,0.0
0.1,2.374832956376304,german_credit,8.1158826171875,32,42,3.0,ha_uniform,0.578125,0.3980606784926195,0.0
0.1,2.412967724995928,german_credit,8.1158826171875,33,42,3.0,ha_uniform,0.578125,0.39764944559338106,0.0
0.1,2.450613288517464,german_credit,8.1158826171875,34,42,3.0,ha_uniform,0.5818452380952381,0.40035733312826616,0.0
0.1,2.487787511632968,german_credit,8.1158826171875,35,42,3.0,ha_uniform,0.5833333333333334,0.4002291307639352,0.0
0.1,2.524509104935783,german_credit,8.1158826171875,36,42,3.0,ha_uniform,0.5848214285714286,0.4005130247684273,0.0
0.1,2.560797682706978,german_credit,8.1158826171875,37,42,3.0,ha_uniform,0.5855654761904762,0.40060993337165196,0.0
0.1,2.5966738254370436,german_credit,8.1158826171875,38,42,3.0,ha_uniform,0.5863095238095238,0.40051893581136255,0.0
0.1,2.6321591475442045,german_credit,8.1158826171875,39,42,3.0,ha_uniform,0.5900297619047619,0.40202917719973164,0.0
0.1,2.6672763707957237,german_credit,8.1158826171875,40,42,3.0,ha_uniform,0.5907738095238095,0.40231642925585165,0.0
0.1,2.7020401939985574,german_credit,8.1158826171875,41,42,3.0,ha_uniform,0.5930059523809524,0.4048759619814475,0.0
0.1,2.736364248513535,german_credit,8.1158826171875,42,42,3.0,ha_uniform,0.5952380952380952,0.405824589589114,0.0
0.1,2.7703699596743188,german_credit,8.1158826171875,43,42,3.0,ha_uniform,0.5959821428571428,0.4063465487048231,0.0
0.1,2.804083875922126,german_credit,8.1158826171875,44,42,3.0,ha_uniform,0.5959821428571428,0.40315454090755215,0.0
0.1,2.8375027538492232,german_credit,8.1158826171875,45,42,3.0,ha_uniform,0.5944940476190477,0.40249890086046475,0.0
0.1,2.8705059024751858,german_credit,8.1158826171875,46,42,3.0,ha_uniform,0.59375,0.40212352548508934,0.0
0.1,2.9032755350546733,german_credit,8.1158826171875,47,42,3.0,ha_uniform,0.5944940476190477,0.4023097087747226,0.0
0.1,2.9358010883263654,german_credit,8.1158826171875,48,42,3.0,ha_uniform,0.5922619047619049,0.40153015763468575,0.0
0.1,2.9679228326552294,german_credit,8.1158826171875,49,42,3.0,ha_uniform,0.59375,0.4021600082568928,0.0
0.1,2.9998761621489973,german_credit,8.1158826171875,50,42,3.0,ha_uniform,0.5952380952380952,0.40948960676296187,0.0
0.1,0.49611630547460217,german_credit,7.661016162109375,1,123,3.0,ha_uniform,0.375,0.2809478967414484,0.0
0.1,0.6487936885147594,german_credit,7.661016162109375,2,123,3.0,ha_uniform,0.3787202380952381,0.2826990859786116,0.0
0.1,0.7685356131440608,german_credit,7.661016162109375,3,123,3.0,ha_uniform,0.3861607142857143,0.2856573320260045,0.0
0.1,0.8714898313766216,german_credit,7.661016162109375,4,123,3.0,ha_uniform,0.39360119047619047,0.28907122227484605,0.0
0.1,0.9626841881446218,german_credit,7.661016162109375,5,123,3.0,ha_uniform,0.39508928571428564,0.2908722599889552,0.0
0.1,1.046639862911792,german_credit,7.661016162109375,6,123,3.0,ha_uniform,0.3995535714285714,0.2929729921206704,0.0
0.1,1.124234885854535,german_credit,7.661016162109375,7,123,3.0,ha_uniform,0.40252976190476186,0.29479256726639136,0.0
0.1,1.1965326416845459,german_credit,7.661016162109375,8,123,3.0,ha_uniform,0.39806547619047616,0.29365389122790786,0.0
0.1,1.2647604771407928,german_credit,7.661016162109375,9,123,3.0,ha_uniform,0.3943452380952381,0.29401275953627254,0.0
0.1,1.3304819631031355,german_credit,7.661016162109375,10,123,3.0,ha_uniform,0.39880952380952384,0.2971021597559706,0.0
0.1,1.392680432510706,german_credit,7.661016162109375,11,123,3.0,ha_uniform,0.4047619047619047,0.2992645312358434,0.0
0.1,1.4529691085540657,german_credit,7.661016162109375,12,123,3.0,ha_uniform,0.4107142857142857,0.3009160839763492,0.0
0.1,1.5102480369375555,german_credit,7.661016162109375,13,123,3.0,ha_uniform,0.4107142857142857,0.2996981770528101,0.0
0.1,1.5675269653210453,german_credit,7.661016162109375,14,123,3.0,ha_uniform,0.41666666666666663,0.30660682186943544,0.0
0.1,1.620351628139503,german_credit,7.661016162109375,15,123,3.0,ha_uniform,0.41145833333333337,0.3031036519241923,0.0
0.1,1.6727938962682196,german_credit,7.661016162109375,16,123,3.0,ha_uniform,0.4174107142857143,0.3071579579649784,0.0
0.1,1.7252361643969358,german_credit,7.661016162109375,17,123,3.0,ha_uniform,0.41592261904761907,0.30549459918474037,0.0
0.1,1.7752645108033294,german_credit,7.661016162109375,18,123,3.0,ha_uniform,0.41741071428571425,0.30846913454328506,0.0
0.1,1.8224789524360672,german_credit,7.661016162109375,19,123,3.0,ha_uniform,0.41889880952380953,0.3101876618824347,0.0
0.1,1.869691247284761,german_credit,7.661016162109375,20,123,3.0,ha_uniform,0.42485119047619047,0.3148252544337059,0.0
0.1,1.9161560070816717,german_credit,7.661016162109375,21,123,3.0,ha_uniform,0.42410714285714285,0.3159506341171402,0.0
0.1,1.961679423469044,german_credit,7.661016162109375,22,123,3.0,ha_uniform,0.421875,0.31406184532114023,0.0
0.1,2.0063101969700003,german_credit,7.661016162109375,23,123,3.0,ha_uniform,0.4248511904761904,0.31726001964231443,0.0
0.1,2.0500835305247485,german_credit,7.661016162109375,24,123,3.0,ha_uniform,0.42782738095238093,0.3198496432476493,0.0
0.1,2.0930949182297245,german_credit,7.661016162109375,25,123,3.0,ha_uniform,0.42931547619047616,0.3209728900163869,0.0
0.1,2.135380164620855,german_credit,7.661016162109375,26,123,3.0,ha_uniform,0.43526785714285715,0.3245634722193433,0.0
0.1,2.1769415483510874,german_credit,7.661016162109375,27,123,3.0,ha_uniform,0.4412202380952381,0.3364671193273595,0.0
0.1,2.217860176498406,german_credit,7.661016162109375,28,123,3.0,ha_uniform,0.4419642857142857,0.33704037682875965,0.0
0.1,2.258183472359656,german_credit,7.661016162109375,29,123,3.0,ha_uniform,0.4441964285714286,0.34065674685324776,0.0
0.1,2.297851603291211,german_credit,7.661016162109375,30,123,3.0,ha_uniform,0.4479166666666667,0.342712270110973,0.0
0.1,2.3369787389484076,german_credit,7.661016162109375,31,123,3.0,ha_uniform,0.45163690476190477,0.34652082929713063,0.0
0.1,2.375580643127919,german_credit,7.661016162109375,32,123,3.0,ha_uniform,0.45386904761904756,0.3547168376333426,0.0
0.1,2.413673775459735,german_credit,7.661016162109375,33,123,3.0,ha_uniform,0.45610119047619047,0.3551471123493785,0.0
0.1,2.451275337313813,german_credit,7.661016162109375,34,123,3.0,ha_uniform,0.46354166666666663,0.3621410353658411,0.0
0.1,2.488403321322035,german_credit,7.661016162109375,35,123,3.0,ha_uniform,0.46726190476190477,0.3666428180583607,0.0
0.1,2.525076564851846,german_credit,7.661016162109375,36,123,3.0,ha_uniform,0.4732142857142857,0.3677418820902174,0.0
0.1,2.561314807802675,german_credit,7.661016162109375,37,123,3.0,ha_uniform,0.47619047619047616,0.3713663905481299,0.0
0.1,2.5971387551397167,german_credit,7.661016162109375,38,123,3.0,ha_uniform,0.47619047619047616,0.3779405094604178,0.0
0.1,2.6325701446225906,german_credit,7.661016162109375,39,123,3.0,ha_uniform,0.47991071428571425,0.39387005475483894,0.0
0.1,2.6676318202378932,german_credit,7.661016162109375,40,123,3.0,ha_uniform,0.48288690476190477,0.4002571981789755,0.0
0.1,2.7023478119047146,german_credit,7.661016162109375,41,123,3.0,ha_uniform,0.48586309523809523,0.40773746784526527,0.0
0.1,2.736669934654328,german_credit,7.661016162109375,42,123,3.0,ha_uniform,0.48735119047619047,0.41071225849607707,0.0
0.1,2.7706156662381374,german_credit,7.661016162109375,43,123,3.0,ha_uniform,0.49330357142857145,0.4140328569035514,0.0
0.1,2.8042683914880486,german_credit,7.661016162109375,44,123,3.0,ha_uniform,0.49479166666666674,0.4153330334751735,0.0
0.1,2.8376562468729905,german_credit,7.661016162109375,45,123,3.0,ha_uniform,0.4947916666666667,0.4187143279407283,0.0
0.1,2.870630849401596,german_credit,7.661016162109375,46,123,3.0,ha_uniform,0.4970238095238096,0.4193013268574083,0.0
0.1,2.9033357853813317,german_credit,7.661016162109375,47,123,3.0,ha_uniform,0.4992559523809524,0.42246516221501584,0.0
0.1,2.9358376900720224,german_credit,7.661016162109375,48,123,3.0,ha_uniform,0.5007440476190477,0.4241677955778141,0.0
0.1,2.9679174573867724,german_credit,7.661016162109375,49,123,3.0,ha_uniform,0.5044642857142857,0.42762485949990525,0.0
0.1,2.9998347846064015,german_credit,7.661016162109375,50,123,3.0,ha_uniform,0.5126488095238095,0.4352660604370232,0.0
0.1,0.4926007360355704,german_credit,7.3338130859375,1,2026,3.0,ha_uniform,0.45089285714285715,0.2715034226616319,0.0
0.1,0.6455911602860409,german_credit,7.3338130859375,2,2026,3.0,ha_uniform,0.45312499999999994,0.27250336214675464,0.0
0.1,0.7656685292660034,german_credit,7.3338130859375,3,2026,3.0,ha_uniform,0.45386904761904767,0.27424949943043403,0.0
0.1,0.868632504858402,german_credit,7.3338130859375,4,2026,3.0,ha_uniform,0.45758928571428575,0.27650904408745575,0.0
0.1,0.9600803342844201,german_credit,7.3338130859375,5,2026,3.0,ha_uniform,0.46130952380952384,0.2786004278802846,0.0
0.1,1.0440126871065019,german_credit,7.3338130859375,6,2026,3.0,ha_uniform,0.4665178571428572,0.283272304738583,0.0
0.1,1.1216965808564776,german_credit,7.3338130859375,7,2026,3.0,ha_uniform,0.465029761904762,0.28086180515039044,0.0
0.1,1.1941491393161858,german_credit,7.3338130859375,8,2026,3.0,ha_uniform,0.46726190476190477,0.28185169090319195,0.0
0.1,1.2626031249552687,german_credit,7.3338130859375,9,2026,3.0,ha_uniform,0.4642857142857143,0.2804532855315135,0.0
0.1,1.3285962982029675,german_credit,7.3338130859375,10,2026,3.0,ha_uniform,0.4732142857142857,0.28425646497829965,0.0
0.1,1.3906062011205214,german_credit,7.3338130859375,11,2026,3.0,ha_uniform,0.4754464285714286,0.2865839139311356,0.0
0.1,1.4512407609225537,german_credit,7.3338130859375,12,2026,3.0,ha_uniform,0.474702380952381,0.28633691782629633,0.0
0.1,1.5083756603367506,german_credit,7.3338130859375,13,2026,3.0,ha_uniform,0.4769345238095238,0.28713574855689994,0.0
0.1,1.565510559750948,german_credit,7.3338130859375,14,2026,3.0,ha_uniform,0.48214285714285715,0.28977795663428196,0.0
0.1,1.6187670103496181,german_credit,7.3338130859375,15,2026,3.0,ha_uniform,0.48586309523809523,0.291443689166528,0.0
0.1,1.6711036372923425,german_credit,7.3338130859375,16,2026,3.0,ha_uniform,0.49330357142857145,0.29535026051248814,0.0
0.1,1.7234402642350668,german_credit,7.3338130859375,17,2026,3.0,ha_uniform,0.5014880952380952,0.30153164165025903,0.0
0.1,1.7740041315532902,german_credit,7.3338130859375,18,2026,3.0,ha_uniform,0.5007440476190477,0.3018128247010289,0.0
0.1,1.8211485521165818,german_credit,7.3338130859375,19,2026,3.0,ha_uniform,0.5074404761904763,0.3050484038488489,0.0
0.1,1.868292972679873,german_credit,7.3338130859375,20,2026,3.0,ha_uniform,0.5104166666666667,0.30707594223256657,0.0
0.1,1.9148331048062395,german_credit,7.3338130859375,21,2026,3.0,ha_uniform,0.5141369047619048,0.31694188447569327,0.0
0.1,1.9604085775891296,german_credit,7.3338130859375,22,2026,3.0,ha_uniform,0.5141369047619047,0.3172255590845242,0.0
0.1,2.0050835669942835,german_credit,7.3338130859375,23,2026,3.0,ha_uniform,0.5178571428571428,0.3205762140151523,0.0
0.1,2.0489272122789175,german_credit,7.3338130859375,24,2026,3.0,ha_uniform,0.5171130952380952,0.32203781260747133,0.0
0.1,2.092014190732651,german_credit,7.3338130859375,25,2026,3.0,ha_uniform,0.5230654761904762,0.33143290185628405,0.0
0.1,2.1343186314415434,german_credit,7.3338130859375,26,2026,3.0,ha_uniform,0.5223214285714286,0.32441919247269735,0.0
0.1,2.17596485752987,german_credit,7.3338130859375,27,2026,3.0,ha_uniform,0.5252976190476191,0.3250408384693118,0.0
0.1,2.216910430449876,german_credit,7.3338130859375,28,2026,3.0,ha_uniform,0.5275297619047619,0.328078221565311,0.0
0.1,2.257275330222972,german_credit,7.3338130859375,29,2026,3.0,ha_uniform,0.5327380952380952,0.33278085901251364,0.0
0.1,2.2970282577607573,german_credit,7.3338130859375,30,2026,3.0,ha_uniform,0.5349702380952381,0.3400078175775733,0.0
0.1,2.336191910405885,german_credit,7.3338130859375,31,2026,3.0,ha_uniform,0.5394345238095238,0.3371548925061273,0.0
0.1,2.374832956376304,german_credit,7.3338130859375,32,2026,3.0,ha_uniform,0.5461309523809524,0.35888166347871264,0.0
0.1,2.412967724995928,german_credit,7.3338130859375,33,2026,3.0,ha_uniform,0.5446428571428571,0.3622584168348393,0.0
0.1,2.450613288517464,german_credit,7.3338130859375,34,2026,3.0,ha_uniform,0.5483630952380952,0.3571915988747365,0.0
0.1,2.487787511632968,german_credit,7.3338130859375,35,2026,3.0,ha_uniform,0.5535714285714285,0.3664605529443562,0.0
0.1,2.524509104935783,german_credit,7.3338130859375,36,2026,3.0,ha_uniform,0.5535714285714286,0.3670862552944154,0.0
0.1,2.560797682706978,german_credit,7.3338130859375,37,2026,3.0,ha_uniform,0.5535714285714285,0.3674911805617935,0.0
0.1,2.5966738254370436,german_credit,7.3338130859375,38,2026,3.0,ha_uniform,0.558779761904762,0.36961707022616225,0.0
0.1,2.6321591475442045,german_credit,7.3338130859375,39,2026,3.0,ha_uniform,0.5598958333333334,0.3694103713991095,0.0
0.1,2.6672763707957237,german_credit,7.3338130859375,40,2026,3.0,ha_uniform,0.5625,0.3668757625103035,0.0
0.1,2.7020401939985574,german_credit,7.3338130859375,41,2026,3.0,ha_uniform,0.572172619047619,0.3764577554642585,0.0
0.1,2.736364248513535,german_credit,7.3338130859375,42,2026,3.0,ha_uniform,0.5751488095238095,0.37905146556875996,0.0
0.1,2.7703699596743188,german_credit,7.3338130859375,43,2026,3.0,ha_uniform,0.574404761904762,0.3789392458600075,0.0
0.1,2.804083875922126,german_credit,7.3338130859375,44,2026,3.0,ha_uniform,0.578125,0.38138261554914477,0.0
0.1,2.8375027538492232,german_credit,7.3338130859375,45,2026,3.0,ha_uniform,0.5781250000000001,0.3789121817585932,0.0
0.1,2.8705059024751858,german_credit,7.3338130859375,46,2026,3.0,ha_uniform,0.5818452380952381,0.38069161806768265,0.0
0.1,2.9032755350546733,german_credit,7.3338130859375,47,2026,3.0,ha_uniform,0.5855654761904762,0.38301064313990113,0.0
0.1,2.9358010883263654,german_credit,7.3338130859375,48,2026,3.0,ha_uniform,0.5870535714285715,0.3831185191678319,0.0
0.1,2.9679228326552294,german_credit,7.3338130859375,49,2026,3.0,ha_uniform,0.5907738095238095,0.3847679722264994,0.0
0.1,2.999999046102365,german_credit,7.3338130859375,50,2026,3.0,ha_uniform,0.5930059523809524,0.38532849545847186,0.0
0.1,0.49000905407590967,german_credit,7.754599658203125,1,31415,3.0,ha_uniform,0.5401785714285715,0.3817775817735076,0.0
0.1,0.6431990390300479,german_credit,7.754599658203125,2,31415,3.0,ha_uniform,0.5409226190476191,0.3842630095439722,0.0
0.1,0.7634798351378512,german_credit,7.754599658203125,3,31415,3.0,ha_uniform,0.5491071428571429,0.3896103970661099,0.0
0.1,0.8664200564647988,german_credit,7.754599658203125,4,31415,3.0,ha_uniform,0.5498511904761905,0.39094657042434205,0.0
0.1,0.9580411279122474,german_credit,7.754599658203125,5,31415,3.0,ha_uniform,0.5513392857142858,0.39002529594227636,0.0
0.1,1.0419390502109949,german_credit,7.754599658203125,6,31415,3.0,ha_uniform,0.5513392857142858,0.3844428106427134,0.0
0.1,1.1196687199543418,german_credit,7.754599658203125,7,31415,3.0,ha_uniform,0.5528273809523809,0.38742246847587825,0.0
0.1,1.1922316045894161,german_credit,7.754599658203125,8,31415,3.0,ha_uniform,0.5520833333333334,0.39104489172283735,0.0
0.1,1.2608461881671917,german_credit,7.754599658203125,9,31415,3.0,ha_uniform,0.5565476190476191,0.39507616931728573,0.0
0.1,1.3270372027411252,german_credit,7.754599658203125,10,31415,3.0,ha_uniform,0.5602678571428572,0.39976099537836324,0.0
0.1,1.3888911961124948,german_credit,7.754599658203125,11,31415,3.0,ha_uniform,0.5639880952380953,0.40117091326281185,0.0
0.1,1.4497834114483736,german_credit,7.754599658203125,12,31415,3.0,ha_uniform,0.5684523809523809,0.4031133574835527,0.0
0.1,1.5067968650730557,german_credit,7.754599658203125,13,31415,3.0,ha_uniform,0.5736607142857143,0.4055925167491463,0.0
0.1,1.5638103186977377,german_credit,7.754599658203125,14,31415,3.0,ha_uniform,0.5751488095238095,0.41652340316317654,0.0
0.1,1.6173942330645592,german_credit,7.754599658203125,15,31415,3.0,ha_uniform,0.5870535714285714,0.4231161544499458,0.0
0.1,1.6696393415216129,german_credit,7.754599658203125,16,31415,3.0,ha_uniform,0.5877976190476191,0.4236339078115415,0.0
0.1,1.7218844499786665,german_credit,7.754599658203125,17,31415,3.0,ha_uniform,0.5952380952380952,0.42422275171963386,0.0
0.1,1.7728611320586474,german_credit,7.754599658203125,18,31415,3.0,ha_uniform,0.5944940476190477,0.4310475899521157,0.0
0.1,1.8199420526500143,german_credit,7.754599658203125,19,31415,3.0,ha_uniform,0.5959821428571428,0.4312432596577619,0.0
0.1,1.8670229732413812,german_credit,7.754599658203125,20,31415,3.0,ha_uniform,0.5997023809523809,0.43261061765121395,0.0
0.1,1.9135955579794142,german_credit,7.754599658203125,21,31415,3.0,ha_uniform,0.6004464285714286,0.4330841024996988,0.0
0.1,1.9592091793133652,german_credit,7.754599658203125,22,31415,3.0,ha_uniform,0.6019345238095237,0.4339062547628574,0.0
0.1,2.003927589279015,german_credit,7.754599658203125,23,31415,3.0,ha_uniform,0.6011904761904762,0.42889195031226357,0.0
0.1,2.0478195104430843,german_credit,7.754599658203125,24,31415,3.0,ha_uniform,0.6049107142857144,0.43124218030137595,0.0
0.1,2.0909370405508154,german_credit,7.754599658203125,25,31415,3.0,ha_uniform,0.6041666666666666,0.4255055899037765,0.0
0.1,2.1332714143155536,german_credit,7.754599658203125,26,31415,3.0,ha_uniform,0.6011904761904762,0.42407982049539805,0.0
0.1,2.1749682781448194,german_credit,7.754599658203125,27,31415,3.0,ha_uniform,0.6056547619047619,0.42695751038387453,0.0
0.1,2.215937893725337,german_credit,7.754599658203125,28,31415,3.0,ha_uniform,0.6056547619047619,0.4266927856466435,0.0
0.1,2.2563195416661217,german_credit,7.754599658203125,29,31415,3.0,ha_uniform,0.6086309523809524,0.42185781940690614,0.0
0.1,2.296136768945437,german_credit,7.754599658203125,30,31415,3.0,ha_uniform,0.6145833333333333,0.4304516255830796,0.0
0.1,2.3353286288275723,german_credit,7.754599658203125,31,31415,3.0,ha_uniform,0.6108630952380952,0.42258662473880415,0.0
0.1,2.3739940662430694,german_credit,7.754599658203125,32,31415,3.0,ha_uniform,0.6108630952380952,0.42225138720084077,0.0
0.1,2.4121553319641653,german_credit,7.754599658203125,33,31415,3.0,ha_uniform,0.6130952380952381,0.4234417686341626,0.0
0.1,2.4498294003340435,german_credit,7.754599658203125,34,31415,3.0,ha_uniform,0.6183035714285715,0.42620033897107557,0.0
0.1,2.4870340389622245,german_credit,7.754599658203125,35,31415,3.0,ha_uniform,0.6175595238095238,0.4263001698101796,0.0
0.1,2.523787862178634,german_credit,7.754599658203125,36,31415,3.0,ha_uniform,0.6242559523809523,0.4304641099360078,0.0
0.1,2.5601103888130337,german_credit,7.754599658203125,37,31415,3.0,ha_uniform,0.6227678571428572,0.4292012955951459,0.0
0.1,2.5960221047101633,german_credit,7.754599658203125,38,31415,3.0,ha_uniform,0.6212797619047619,0.4327519729439191,0.0
0.1,2.631544530439898,german_credit,7.754599658203125,39,31415,3.0,ha_uniform,0.6294642857142857,0.4407587459060765,0.0
0.1,2.6667002947136003,german_credit,7.754599658203125,40,31415,3.0,ha_uniform,0.6331845238095237,0.4439063958899131,0.0
0.1,2.7014497160143818,german_credit,7.754599658203125,41,31415,3.0,ha_uniform,0.6354166666666667,0.4445878762883746,0.0
0.1,2.7358149807771404,german_credit,7.754599658203125,42,31415,3.0,ha_uniform,0.6369047619047619,0.4457285663475338,0.0
0.1,2.7699002355306015,german_credit,7.754599658203125,43,31415,3.0,ha_uniform,0.6369047619047619,0.44467493694032867,0.0
0.1,2.8037279125916106,german_credit,7.754599658203125,44,31415,3.0,ha_uniform,0.6428571428571428,0.44906012586338,0.0
0.1,2.8371387004430146,german_credit,7.754599658203125,45,31415,3.0,ha_uniform,0.6436011904761905,0.449479031322608,0.0
0.1,2.8702604682502733,german_credit,7.754599658203125,46,31415,3.0,ha_uniform,0.6488095238095237,0.45139005100807367,0.0
0.1,2.903150529286365,german_credit,7.754599658203125,47,31415,3.0,ha_uniform,0.6502976190476191,0.4529766294923874,0.0
0.1,2.9356734228608596,german_credit,7.754599658203125,48,31415,3.0,ha_uniform,0.6525297619047619,0.45431780165192415,0.0
0.1,2.9679197888958786,german_credit,7.754599658203125,49,31415,3.0,ha_uniform,0.6547619047619048,0.4498444274164752,0.0
0.1,2.999999046102365,german_credit,7.754599658203125,50,31415,3.0,ha_uniform,0.6540178571428571,0.4494516661760128,0.0
0.1,0.4926007360355704,german_credit,7.501370263671875,1,27182,3.0,ha_uniform,0.6123511904761904,0.39921568831515636,0.0
0.1,0.6455911602860409,german_credit,7.501370263671875,2,27182,3.0,ha_uniform,0.6153273809523809,0.39990029724964204,0.0
0.1,0.7656685292660034,german_credit,7.501370263671875,3,27182,3.0,ha_uniform,0.6116071428571428,0.39474111323158023,0.0
0.1,0.868632504858402,german_credit,7.501370263671875,4,27182,3.0,ha_uniform,0.6145833333333334,0.3915273577922026,0.0
0.1,0.9600803342844201,german_credit,7.501370263671875,5,27182,3.0,ha_uniform,0.6212797619047619,0.41052133917083067,0.0
0.1,1.0440126871065019,german_credit,7.501370263671875,6,27182,3.0,ha_uniform,0.6197916666666666,0.40908789520520383,0.0
0.1,1.1216965808564776,german_credit,7.501370263671875,7,27182,3.0,ha_uniform,0.6190476190476191,0.4066262426208409,0.0
0.1,1.1941491393161858,german_credit,7.501370263671875,8,27182,3.0,ha_uniform,0.6205357142857143,0.40477442425615184,0.0
0.1,1.2626031249552687,german_credit,7.501370263671875,9,27182,3.0,ha_uniform,0.6205357142857143,0.40337824977702713,0.0
0.1,1.3285962982029675,german_credit,7.501370263671875,10,27182,3.0,ha_uniform,0.6175595238095238,0.40083873463027664,0.0
0.1,1.3906062011205214,german_credit,7.501370263671875,11,27182,3.0,ha_uniform,0.6197916666666666,0.40228783709360116,0.0
0.1,1.4512407609225537,german_credit,7.501370263671875,12,27182,3.0,ha_uniform,0.621279761904762,0.40372680058724275,0.0
0.1,1.5083756603367506,german_credit,7.501370263671875,13,27182,3.0,ha_uniform,0.6242559523809523,0.405065824081773,0.0
0.1,1.565510559750948,german_credit,7.501370263671875,14,27182,3.0,ha_uniform,0.6257440476190477,0.4063564228225971,0.0
0.1,1.6187670103496181,german_credit,7.501370263671875,15,27182,3.0,ha_uniform,0.6272321428571428,0.4077128647483932,0.0
0.1,1.6711036372923425,german_credit,7.501370263671875,16,27182,3.0,ha_uniform,0.6264880952380952,0.4076528961222481,0.0
0.1,1.7234402642350668,german_credit,7.501370263671875,17,27182,3.0,ha_uniform,0.6309523809523809,0.41234301028486864,0.0
0.1,1.7740041315532902,german_credit,7.501370263671875,18,27182,3.0,ha_uniform,0.628720238095238,0.40894671463047405,0.0
0.1,1.8211485521165818,german_credit,7.501370263671875,19,27182,3.0,ha_uniform,0.6294642857142857,0.40903815262332244,0.0
0.1,1.868292972679873,german_credit,7.501370263671875,20,27182,3.0,ha_uniform,0.6287202380952381,0.4085940940660132,0.0
0.1,1.9148331048062395,german_credit,7.501370263671875,21,27182,3.0,ha_uniform,0.6287202380952381,0.40934195731387646,0.0
0.1,1.9604085775891296,german_credit,7.501370263671875,22,27182,3.0,ha_uniform,0.6279761904761905,0.4076201460074824,0.0
0.1,2.0050835669942835,german_credit,7.501370263671875,23,27182,3.0,ha_uniform,0.6294642857142857,0.406918833529742,0.0
0.1,2.0489272122789175,german_credit,7.501370263671875,24,27182,3.0,ha_uniform,0.6331845238095238,0.41057537918137543,0.0
0.1,2.092014190732651,german_credit,7.501370263671875,25,27182,3.0,ha_uniform,0.6339285714285715,0.40944715719516167,0.0
0.1,2.1343186314415434,german_credit,7.501370263671875,26,27182,3.0,ha_uniform,0.6339285714285715,0.4033281304695939,0.0
0.1,2.17596485752987,german_credit,7.501370263671875,27,27182,3.0,ha_uniform,0.6376488095238095,0.4066498310276803,0.0
0.1,2.216910430449876,german_credit,7.501370263671875,28,27182,3.0,ha_uniform,0.6376488095238095,0.40800263576308327,0.0
0.1,2.257275330222972,german_credit,7.501370263671875,29,27182,3.0,ha_uniform,0.6369047619047619,0.4029959992544314,0.0
0.1,2.2970282577607573,german_credit,7.501370263671875,30,27182,3.0,ha_uniform,0.6354166666666666,0.4016325580331129,0.0
0.1,2.336191910405885,german_credit,7.501370263671875,31,27182,3.0,ha_uniform,0.6398809523809524,0.4037476999978793,0.0
0.1,2.374832956376304,german_credit,7.501370263671875,32,27182,3.0,ha_uniform,0.6391369047619048,0.4025324222201015,0.0
0.1,2.412967724995928,german_credit,7.501370263671875,33,27182,3.0,ha_uniform,0.6428571428571428,0.40583842156757627,0.0
0.1,2.450613288517464,german_credit,7.501370263671875,34,27182,3.0,ha_uniform,0.644345238095238,0.40736540567675517,0.0
0.1,2.487787511632968,german_credit,7.501370263671875,35,27182,3.0,ha_uniform,0.6443452380952381,0.40541872422639724,0.0
0.1,2.524509104935783,german_credit,7.501370263671875,36,27182,3.0,ha_uniform,0.6443452380952381,0.40847245110020824,0.0
0.1,2.560797682706978,german_credit,7.501370263671875,37,27182,3.0,ha_uniform,0.6450892857142857,0.4089562724190704,0.0
0.1,2.5966738254370436,german_credit,7.501370263671875,38,27182,3.0,ha_uniform,0.6465773809523809,0.4107773233866758,0.0
0.1,2.6321591475442045,german_credit,7.501370263671875,39,27182,3.0,ha_uniform,0.650297619047619,0.4143427083488325,0.0
0.1,2.6672763707957237,german_credit,7.501370263671875,40,27182,3.0,ha_uniform,0.6525297619047619,0.41541713293448423,0.0
0.1,2.7020401939985574,german_credit,7.501370263671875,41,27182,3.0,ha_uniform,0.6510416666666666,0.4121892609758746,0.0
0.1,2.736364248513535,german_credit,7.501370263671875,42,27182,3.0,ha_uniform,0.6540178571428571,0.41462490801468327,0.0
0.1,2.7703699596743188,german_credit,7.501370263671875,43,27182,3.0,ha_uniform,0.6495535714285714,0.4110601289736718,0.0
0.1,2.804083875922126,german_credit,7.501370263671875,44,27182,3.0,ha_uniform,0.6473214285714286,0.4104093770978745,0.0
0.1,2.8375027538492232,german_credit,7.501370263671875,45,27182,3.0,ha_uniform,0.6525297619047619,0.4154352931677174,0.0
0.1,2.8705059024751858,german_credit,7.501370263671875,46,27182,3.0,ha_uniform,0.6532738095238095,0.4162088150651431,0.0
0.1,2.9032755350546733,german_credit,7.501370263671875,47,27182,3.0,ha_uniform,0.6525297619047619,0.4155286029171451,0.0
0.1,2.9358010883263654,german_credit,7.501370263671875,48,27182,3.0,ha_uniform,0.6532738095238095,0.41525728812221363,0.0
0.1,2.9679228326552294,german_credit,7.501370263671875,49,27182,3.0,ha_uniform,0.6525297619047619,0.41491038710463735,0.0
0.1,2.9998761621489973,german_credit,7.501370263671875,50,27182,3.0,ha_uniform,0.6510416666666666,0.40898421533705054,0.0
0.1,0.41261957338623934,german_credit,8.314327587890626,1,73,3.0,dp_uniform,0.36979166666666663,0.24967086055391932,0.0
0.1,0.5700827712778044,german_credit,8.314327587890626,2,73,3.0,dp_uniform,0.37499999999999994,0.25222788956422526,0.0
0.1,0.6936220633837363,german_credit,8.314327587890626,3,73,3.0,dp_uniform,0.3824404761904762,0.254582970832001,0.0
0.1,0.7996147534695824,german_credit,8.314327587890626,4,73,3.0,dp_uniform,0.39583333333333337,0.26829074308083456,0.0
0.1,0.8940840413612021,german_credit,8.314327587890626,5,73,3.0,dp_uniform,0.4002976190476191,0.272674943688028,0.0
0.1,0.9802358614791611,german_credit,8.314327587890626,6,73,3.0,dp_uniform,0.4174107142857143,0.2776582056973837,0.0
0.1,1.0601921709494913,german_credit,8.314327587890626,7,73,3.0,dp_uniform,0.42782738095238093,0.2807509361337699,0.0
0.1,1.1352582871766315,german_credit,8.314327587890626,8,73,3.0,dp_uniform,0.43675595238095244,0.2874294863550218,0.0
0.1,1.2070385987219163,german_credit,8.314327587890626,9,73,3.0,dp_uniform,0.44717261904761907,0.28493939537888857,0.0
0.1,1.2735431909101926,german_credit,8.314327587890626,10,73,3.0,dp_uniform,0.4598214285714286,0.28574510576841106,0.0
0.1,1.338766550474821,german_credit,8.314327587890626,11,73,3.0,dp_uniform,0.47619047619047616,0.2917010414705049,0.0
0.1,1.3999615125223328,german_credit,8.314327587890626,12,73,3.0,dp_uniform,0.4858630952380953,0.29623311943716935,0.0
0.1,1.461156474569845,german_credit,8.314327587890626,13,73,3.0,dp_uniform,0.505952380952381,0.3034280791343642,0.0
0.1,1.517490309499078,german_credit,8.314327587890626,14,73,3.0,dp_uniform,0.5260416666666666,0.31217827679704613,0.0
0.1,1.5734740740198156,german_credit,8.314327587890626,15,73,3.0,dp_uniform,0.53125,0.31063386724579056,0.0
0.1,1.629457838540553,german_credit,8.314327587890626,16,73,3.0,dp_uniform,0.5461309523809523,0.3187721216735725,0.0
0.1,1.681539588560371,german_credit,8.314327587890626,17,73,3.0,dp_uniform,0.5535714285714286,0.319324241427743,0.0
0.1,1.7319004725101546,german_credit,8.314327587890626,18,73,3.0,dp_uniform,0.5602678571428571,0.32016284951646096,0.0
0.1,1.782063450947607,german_credit,8.314327587890626,19,73,3.0,dp_uniform,0.5714285714285714,0.32671622939999134,0.0
0.1,1.8311658038426646,german_credit,8.314327587890626,20,73,3.0,dp_uniform,0.578125,0.3284376191314876,0.0
0.1,1.8792045351002684,german_credit,8.314327587890626,21,73,3.0,dp_uniform,0.5855654761904762,0.33143065712557174,0.0
0.1,1.9262739631444075,german_credit,8.314327587890626,22,73,3.0,dp_uniform,0.5922619047619048,0.335032922562171,0.0
0.1,1.9723902291660678,german_credit,8.314327587890626,23,73,3.0,dp_uniform,0.6004464285714286,0.3406146826499,0.0
0.1,2.017654329218751,german_credit,8.314327587890626,24,73,3.0,dp_uniform,0.6071428571428571,0.34505274737928926,0.0
0.1,2.0621544831815144,german_credit,8.314327587890626,25,73,3.0,dp_uniform,0.6153273809523809,0.34985398556010183,0.0
0.1,2.105828745617703,german_credit,8.314327587890626,26,73,3.0,dp_uniform,0.6183035714285714,0.3517220061453106,0.0
0.1,2.1488545188223886,german_credit,8.314327587890626,27,73,3.0,dp_uniform,0.6205357142857143,0.3541674375302601,0.0
0.1,2.1911318745797193,german_credit,8.314327587890626,28,73,3.0,dp_uniform,0.6264880952380952,0.3569451195453876,0.0
0.1,2.232790859296699,german_credit,8.314327587890626,29,73,3.0,dp_uniform,0.6279761904761905,0.3602965310391579,0.0
0.1,2.273861243132424,german_credit,8.314327587890626,30,73,3.0,dp_uniform,0.6361607142857143,0.3678065683100386,0.0
0.1,2.3143598454562366,german_credit,8.314327587890626,31,73,3.0,dp_uniform,0.6436011904761905,0.3695832369550536,0.0
0.1,2.354270869767308,german_credit,8.314327587890626,32,73,3.0,dp_uniform,0.6443452380952381,0.37398301389306526,0.0
0.1,2.393649061254387,german_credit,8.314327587890626,33,73,3.0,dp_uniform,0.6540178571428572,0.3817636866936948,0.0
0.1,2.4325298152491848,german_credit,8.314327587890626,34,73,3.0,dp_uniform,0.6517857142857143,0.38028425243124164,0.0
0.1,2.470934186881925,german_credit,8.314327587890626,35,73,3.0,dp_uniform,0.6577380952380952,0.3859357603624669,0.0
0.1,2.508884261638985,german_credit,8.314327587890626,36,73,3.0,dp_uniform,0.6607142857142857,0.3885358676330484,0.0
0.1,2.5463856607117736,german_credit,8.314327587890626,37,73,3.0,dp_uniform,0.6688988095238095,0.39634937835384,0.0
0.1,2.5834216014152602,german_credit,8.314327587890626,38,73,3.0,dp_uniform,0.6674107142857143,0.3946116033178795,0.0
0.1,2.620051637096577,german_credit,8.314327587890626,39,73,3.0,dp_uniform,0.669642857142857,0.3997937652066236,0.0
0.1,2.6563014079510237,german_credit,8.314327587890626,40,73,3.0,dp_uniform,0.6711309523809524,0.4018062275630848,0.0
0.1,2.692197918606401,german_credit,8.314327587890626,41,73,3.0,dp_uniform,0.6785714285714286,0.4116102721497381,0.0
0.1,2.7277696407682845,german_credit,8.314327587890626,42,73,3.0,dp_uniform,0.6793154761904762,0.41237395897583173,0.0
0.1,2.7628641766654884,german_credit,8.314327587890626,43,73,3.0,dp_uniform,0.6837797619047619,0.41535613884385275,0.0
0.1,2.7976622552503554,german_credit,8.314327587890626,44,73,3.0,dp_uniform,0.6927083333333334,0.4247515661190325,0.0
0.1,2.8321981638534193,german_credit,8.314327587890626,45,73,3.0,dp_uniform,0.6971726190476191,0.42755558156748075,0.0
0.1,2.8663357039620725,german_credit,8.314327587890626,46,73,3.0,dp_uniform,0.7008928571428572,0.43016740587978575,0.0
0.1,2.900165749783482,german_credit,8.314327587890626,47,73,3.0,dp_uniform,0.7008928571428571,0.43256410717200167,0.0
0.1,2.9338035853345765,german_credit,8.314327587890626,48,73,3.0,dp_uniform,0.7008928571428572,0.43322886472831135,0.0
0.1,2.9669873820285417,german_credit,8.314327587890626,49,73,3.0,dp_uniform,0.6994047619047619,0.4308660990911277,0.0
0.1,2.999995052516579,german_credit,8.314327587890626,50,73,3.0,dp_uniform,0.6979166666666666,0.4334915152234081,0.0
0.1,0.11394700822522269,german_credit,42.0799611257219,1,73,3.0,scheduler,0.36458333333333337,0.24745713974405972,0.0
0.1,0.1361065222531086,german_credit,29.755025864064258,2,73,3.0,scheduler,0.3683035714285714,0.2491834079290749,0.0
0.1,0.16934579329493749,german_credit,24.29487688342453,3,73,3.0,scheduler,0.3705357142857143,0.2499006804553012,0.0
0.1,0.2136648213507093,german_credit,21.03998056286095,4,73,3.0,scheduler,0.3697916666666667,0.25853678150209053,0.0
0.1,0.2657230445763909,german_credit,18.81873071353255,5,73,3.0,scheduler,0.36755952380952384,0.2565008524411389,0.0
0.1,0.3186587821263203,german_credit,17.17907219236178,6,73,3.0,scheduler,0.3705357142857143,0.2583627708515637,0.0
0.1,0.37218901684257044,german_credit,15.904730331132246,7,73,3.0,scheduler,0.3787202380952381,0.2649025917990159,0.0
0.1,0.42631002522053363,german_credit,14.877512932032129,8,73,3.0,scheduler,0.38913690476190477,0.2653077077746745,0.0
0.1,0.48090710186067964,german_credit,14.026653708573965,9,73,3.0,scheduler,0.402529761904762,0.2680747892533476,0.0
0.1,0.5359973220876351,german_credit,13.306852100862423,10,73,3.0,scheduler,0.4136904761904762,0.27348937997700956,0.0
0.1,0.5916282265638603,german_credit,12.687585658796433,11,73,3.0,scheduler,0.42485119047619047,0.2805249776083746,0.0
0.1,0.647635098278261,german_credit,12.147438441712264,12,73,3.0,scheduler,0.4300595238095239,0.28257642802132316,0.0
0.1,0.7039243519756737,german_credit,11.670881346793974,13,73,3.0,scheduler,0.44419642857142855,0.291970852104049,0.0
0.1,0.7607797897150115,german_credit,11.246342670086973,14,73,3.0,scheduler,0.45907738095238093,0.29845875026026686,0.0
0.1,0.8178202677506267,german_credit,10.864999243265094,15,73,3.0,scheduler,0.46279761904761907,0.2994555189296804,0.0
0.1,0.8753441438244753,german_credit,10.519990281430475,16,73,3.0,scheduler,0.47172619047619047,0.3014690275158878,0.0
0.1,0.933211450790763,german_credit,10.205889673131555,17,73,3.0,scheduler,0.4754464285714286,0.29414524022668775,0.0
0.1,0.9913758990052851,german_credit,9.918341954688087,18,73,3.0,scheduler,0.4761904761904762,0.28609143599553954,0.0
0.1,1.049914769153957,german_credit,9.653805162902199,19,73,3.0,scheduler,0.48883928571428575,0.2926931503064184,0.0
0.1,1.1090709691214165,german_credit,9.409365356766275,20,73,3.0,scheduler,0.49181547619047616,0.2887123376898675,0.0
0.1,1.1681630065291122,german_credit,9.182600338067607,21,73,3.0,scheduler,0.5014880952380952,0.2904251523245319,0.0
0.1,1.2273502484387568,german_credit,8.97147785622015,22,73,3.0,scheduler,0.5148809523809523,0.29691449470113446,0.0
0.1,1.2880251082770158,german_credit,8.774278437674385,23,73,3.0,scheduler,0.5200892857142857,0.2977629660088156,0.0
0.1,1.3471477366236269,german_credit,8.58953609618089,24,73,3.0,scheduler,0.5409226190476191,0.30680827096927377,0.0
0.1,1.4086691645221723,german_credit,8.415992225144379,25,73,3.0,scheduler,0.5483630952380952,0.3108215657564505,0.0
0.1,1.468112940247771,german_credit,8.252559342741607,26,73,3.0,scheduler,0.5580357142857143,0.31609675918894015,0.0
0.1,1.5298430150397389,german_credit,8.09829229447484,27,73,3.0,scheduler,0.5669642857142857,0.3214725043163058,0.0
0.1,1.5905521486203438,german_credit,7.952365165566123,28,73,3.0,scheduler,0.5729166666666666,0.32537872181217575,0.0
0.1,1.6517546159354572,german_credit,7.814052611718125,29,73,3.0,scheduler,0.578125,0.328721552565965,0.0
0.1,1.7150675131579884,german_credit,7.682714642499457,30,73,3.0,scheduler,0.5870535714285714,0.3323540300419564,0.0
0.1,1.7762235823693024,german_credit,7.557784127260229,31,73,3.0,scheduler,0.5944940476190477,0.3353965358119362,0.0
0.1,1.8375667450115771,german_credit,7.4387564660160646,32,73,3.0,scheduler,0.6004464285714286,0.3391909229158201,0.0
0.1,1.9000734154612187,german_credit,7.325180995472557,33,73,3.0,scheduler,0.6078869047619048,0.34388093338947834,0.0
0.1,1.9628332662547132,german_credit,7.216653795913078,34,73,3.0,scheduler,0.6116071428571429,0.3476989689883766,0.0
0.1,2.02582632073471,german_credit,7.112811636842889,35,73,3.0,scheduler,0.6153273809523809,0.35405828229451974,0.0
0.1,2.0890911881641285,german_credit,7.013326854286983,36,73,3.0,scheduler,0.6257440476190476,0.3605403608317324,0.0
0.1,2.1526214389611615,german_credit,6.917902994917483,37,73,3.0,scheduler,0.6346726190476191,0.36848415248937705,0.0
0.1,2.216356267726092,german_credit,6.8262710949418475,38,73,3.0,scheduler,0.6391369047619048,0.3692454021921493,0.0
0.1,2.280348484230908,german_credit,6.738186487251684,39,73,3.0,scheduler,0.6488095238095237,0.3771960813835861,0.0
0.1,2.3445939683597574,german_credit,6.653426050431212,40,73,3.0,scheduler,0.6436011904761905,0.3739830119437145,0.0
0.1,2.4090962467163126,german_credit,6.571785829130292,41,73,3.0,scheduler,0.6532738095238095,0.38236723123274335,0.0
0.1,2.4737770858650197,german_credit,6.493078967973489,42,73,3.0,scheduler,0.6569940476190477,0.38738489993121283,0.0
0.1,2.53871533770467,german_credit,6.417133911324173,43,73,3.0,scheduler,0.6607142857142857,0.3927587432317821,0.0
0.1,2.6039507741228727,german_credit,6.343792829398216,44,73,3.0,scheduler,0.6681547619047619,0.39646470813874835,0.0
0.1,2.6693249947035333,german_credit,6.272910237844184,45,73,3.0,scheduler,0.6785714285714286,0.4085316375660266,0.0
0.1,2.735025654457894,german_credit,6.204351783298463,46,73,3.0,scheduler,0.6822916666666667,0.4083031016223019,0.0
0.1,2.8008584963782286,german_credit,6.1379931718351575,47,73,3.0,scheduler,0.6815476190476191,0.4091179685850777,0.0
0.1,2.8670117543158278,german_credit,6.073719220856132,48,73,3.0,scheduler,0.6867559523809523,0.4197908238434614,0.0
0.1,2.9333507288022624,german_credit,6.011423017960272,49,73,3.0,scheduler,0.6927083333333333,0.42188722491621383,0.0
0.1,2.9998822110524985,german_credit,5.951005172812852,50,73,3.0,scheduler,0.6860119047619048,0.4160014511400559,0.0
0.1,0.49729741435144925,german_credit,8.567820996093749,1,73,3.0,ha_uniform,0.36607142857142855,0.24770704750902084,0.0
0.1,0.649715246700485,german_credit,8.567820996093749,2,73,3.0,ha_uniform,0.375,0.252466469597341,0.0
0.1,0.7694117716505746,german_credit,8.567820996093749,3,73,3.0,ha_uniform,0.37872023809523814,0.2536380347455023,0.0
0.1,0.872192574175325,german_credit,8.567820996093749,4,73,3.0,ha_uniform,0.3869047619047619,0.26292451953755447,0.0
0.1,0.9634088695400843,german_credit,8.567820996093749,5,73,3.0,ha_uniform,0.3898809523809524,0.26499890355312294,0.0
0.1,1.0473212041407836,german_credit,8.567820996093749,6,73,3.0,ha_uniform,0.40327380952380953,0.2730524998843484,0.0
0.1,1.1247426100606952,german_credit,8.567820996093749,7,73,3.0,ha_uniform,0.4129464285714286,0.27595351798551637,0.0
0.1,1.1971128979201575,german_credit,8.567820996093749,8,73,3.0,ha_uniform,0.41964285714285715,0.2779921779600628,0.0
0.1,1.2652480707476497,german_credit,8.567820996093749,9,73,3.0,ha_uniform,0.42931547619047616,0.2746449128071712,0.0
0.1,1.3308654625673448,german_credit,8.567820996093749,10,73,3.0,ha_uniform,0.4389880952380953,0.2821438963314199,0.0
0.1,1.3931022819213363,german_credit,8.567820996093749,11,73,3.0,ha_uniform,0.44940476190476186,0.2858153268786758,0.0
0.1,1.453267449955737,german_credit,8.567820996093749,12,73,3.0,ha_uniform,0.4553571428571429,0.28890719131538556,0.0
0.1,1.5105712401226992,german_credit,8.567820996093749,13,73,3.0,ha_uniform,0.47023809523809523,0.2956290843361919,0.0
0.1,1.5678750302896618,german_credit,8.567820996093749,14,73,3.0,ha_uniform,0.48809523809523814,0.2982113316144672,0.0
0.1,1.620554726181779,german_credit,8.567820996093749,15,73,3.0,ha_uniform,0.49479166666666663,0.30116600854809605,0.0
0.1,1.6730105341799808,german_credit,8.567820996093749,16,73,3.0,ha_uniform,0.5,0.30231134517982894,0.0
0.1,1.7254663421781822,german_credit,8.567820996093749,17,73,3.0,ha_uniform,0.5074404761904762,0.30327756312402565,0.0
0.1,1.775325700051904,german_credit,8.567820996093749,18,73,3.0,ha_uniform,0.5133928571428572,0.3015913036717708,0.0
0.1,1.8225435410873407,german_credit,8.567820996093749,19,73,3.0,ha_uniform,0.5223214285714286,0.3080894090004309,0.0
0.1,1.8697430723588293,german_credit,8.567820996093749,20,73,3.0,ha_uniform,0.5305059523809524,0.3077439161776344,0.0
0.1,1.9161776340253616,german_credit,8.567820996093749,21,73,3.0,ha_uniform,0.5349702380952381,0.3091480164254649,0.0
0.1,1.9616693200323376,german_credit,8.567820996093749,22,73,3.0,ha_uniform,0.5453869047619048,0.31292287950216424,0.0
0.1,2.0062831255146123,german_credit,8.567820996093749,23,73,3.0,ha_uniform,0.5505952380952381,0.315582580222113,0.0
0.1,2.050022098536895,german_credit,8.567820996093749,24,73,3.0,ha_uniform,0.5572916666666666,0.316757668268842,0.0
0.1,2.092998102127251,german_credit,8.567820996093749,25,73,3.0,ha_uniform,0.5691964285714286,0.3209830878573401,0.0
0.1,2.1352630781136273,german_credit,8.567820996093749,26,73,3.0,ha_uniform,0.5744047619047619,0.3250647295704268,0.0
0.1,2.176787278126838,german_credit,8.567820996093749,27,73,3.0,ha_uniform,0.5751488095238095,0.32523418821998185,0.0
0.1,2.217683953942848,german_credit,8.567820996093749,28,73,3.0,ha_uniform,0.5811011904761905,0.3289874220508606,0.0
0.1,2.257968765191235,german_credit,8.567820996093749,29,73,3.0,ha_uniform,0.5870535714285714,0.33443499497456053,0.0
0.1,2.297613582679158,german_credit,8.567820996093749,30,73,3.0,ha_uniform,0.5915178571428572,0.3353829305629583,0.0
0.1,2.3367168495651804,german_credit,8.567820996093749,31,73,3.0,ha_uniform,0.5989583333333334,0.3389260312498055,0.0
0.1,2.3752943747406956,german_credit,8.567820996093749,32,73,3.0,ha_uniform,0.6004464285714286,0.3398143933888631,0.0
0.1,2.413362662488099,german_credit,8.567820996093749,33,73,3.0,ha_uniform,0.6101190476190477,0.3454025891463688,0.0
0.1,2.450938958390522,german_credit,8.567820996093749,34,73,3.0,ha_uniform,0.6071428571428572,0.3438994298180992,0.0
0.1,2.488041298857847,german_credit,8.567820996093749,35,73,3.0,ha_uniform,0.6116071428571429,0.348332443480686,0.0
0.1,2.5246885646054897,german_credit,8.567820996093749,36,73,3.0,ha_uniform,0.6272321428571429,0.3575874672760263,0.0
0.1,2.560900538455866,german_credit,8.567820996093749,37,73,3.0,ha_uniform,0.6302083333333334,0.3629522247802233,0.0
0.1,2.5966979678752673,german_credit,8.567820996093749,38,73,3.0,ha_uniform,0.6346726190476191,0.3650103694068437,0.0
0.1,2.632102632706858,german_credit,8.567820996093749,39,73,3.0,ha_uniform,0.6436011904761905,0.37048099028577175,0.0
0.1,2.667137418608553,german_credit,8.567820996093749,40,73,3.0,ha_uniform,0.6443452380952381,0.3729739833919674,0.0
0.1,2.7018263967633294,german_credit,8.567820996093749,41,73,3.0,ha_uniform,0.6525297619047619,0.3809375701324498,0.0
0.1,2.7361358020704705,german_credit,8.567820996093749,42,73,3.0,ha_uniform,0.65625,0.38721526579621296,0.0
0.1,2.770054094842609,german_credit,8.567820996093749,43,73,3.0,ha_uniform,0.6614583333333333,0.39381363126121494,0.0
0.1,2.803679353732857,german_credit,8.567820996093749,44,73,3.0,ha_uniform,0.6636904761904763,0.3969152182443809,0.0
0.1,2.8370397551636986,german_credit,8.567820996093749,45,73,3.0,ha_uniform,0.6711309523809523,0.4045998972620948,0.0
0.1,2.8700006578765427,german_credit,8.567820996093749,46,73,3.0,ha_uniform,0.6741071428571428,0.40635681829031445,0.0
0.1,2.902677893997003,german_credit,8.567820996093749,47,73,3.0,ha_uniform,0.6696428571428571,0.4030603994447802,0.0
0.1,2.9351522045846936,german_credit,8.567820996093749,48,73,3.0,ha_uniform,0.6755952380952381,0.4091532762005161,0.0
0.1,2.967326197489176,german_credit,8.567820996093749,49,73,3.0,ha_uniform,0.6763392857142857,0.4115299515745774,0.0
0.1,2.9998347846064015,german_credit,8.567820996093749,50,73,3.0,ha_uniform,0.6755952380952381,0.41121392305239446,0.0
0.1,0.21329672877269965,german_credit,43.35609571031003,1,73,3.0,full_ha_dp,0.36458333333333337,0.24737858926228345,0.0
0.1,0.23415568389553948,german_credit,30.657389282533206,2,73,3.0,full_ha_dp,0.36532738095238093,0.24820644051952617,0.0
0.1,0.2654441165797992,german_credit,25.031653529358675,3,73,3.0,full_ha_dp,0.3697916666666667,0.24966169981570963,0.0
0.1,0.3071620268254789,german_credit,21.678047855155015,4,73,3.0,full_ha_dp,0.3690476190476191,0.25023786064567466,0.0
0.1,0.3571789003023462,german_credit,19.38943544944805,5,73,3.0,full_ha_dp,0.36681547619047616,0.25628093809629043,0.0
0.1,0.40840811378621256,german_credit,17.700051954921697,6,73,3.0,full_ha_dp,0.36681547619047616,0.2506820998395402,0.0
0.1,0.4602264160720022,german_credit,16.387063866884947,7,73,3.0,full_ha_dp,0.3757440476190476,0.261671371450258,0.0
0.1,0.5126101897544545,german_credit,15.328694641266603,8,73,3.0,full_ha_dp,0.38020833333333337,0.2627958877569801,0.0
0.1,0.5654514684608999,german_credit,14.452031903436676,9,73,3.0,full_ha_dp,0.39211309523809523,0.2664253850433371,0.0
0.1,0.618766202403035,german_credit,13.710401289683551,10,73,3.0,full_ha_dp,0.40327380952380953,0.26853429665174394,0.0
0.1,0.6725533626231843,german_credit,13.07235471325779,11,73,3.0,full_ha_dp,0.41592261904761907,0.2775377809762609,0.0
0.1,0.726702293044662,german_credit,12.515826764679337,12,73,3.0,full_ha_dp,0.41964285714285715,0.2794174814900913,0.0
0.1,0.781381330954875,german_credit,12.024817399034394,13,73,3.0,full_ha_dp,0.4293154761904762,0.2819913598919302,0.0
0.1,0.8361372067854634,german_credit,11.587403984011392,14,73,3.0,full_ha_dp,0.441220238095238,0.2908620561467169,0.0
0.1,0.8915668065394614,german_credit,11.194495776173705,15,73,3.0,full_ha_dp,0.44568452380952384,0.2892206681298879,0.0
0.1,0.9472685865091947,german_credit,10.839023927577507,16,73,3.0,full_ha_dp,0.4516369047619048,0.291251832304089,0.0
0.1,1.0032056989100568,german_credit,10.515397772235119,17,73,3.0,full_ha_dp,0.46056547619047616,0.29054915219736976,0.0
0.1,1.059605102896302,german_credit,10.219129760844401,18,73,3.0,full_ha_dp,0.45684523809523814,0.27831911711137874,0.0
0.1,1.1162222668011532,german_credit,9.94657051514309,19,73,3.0,full_ha_dp,0.4672619047619047,0.2864020154446896,0.0
0.1,1.172861114221153,german_credit,9.694717724724025,20,73,3.0,full_ha_dp,0.465029761904762,0.28092597309188583,0.0
0.1,1.2300132786477604,german_credit,9.461075734773612,21,73,3.0,full_ha_dp,0.47842261904761896,0.28296067082308524,0.0
0.1,1.2881786528462973,german_credit,9.243550663820507,22,73,3.0,full_ha_dp,0.4910714285714286,0.28930341790723857,0.0
0.1,1.3452924585397874,german_credit,9.040370892837746,23,73,3.0,full_ha_dp,0.49330357142857145,0.28899652233345074,0.0
0.1,1.4037957731220907,german_credit,8.850025977460849,24,73,3.0,full_ha_dp,0.49925595238095233,0.29386365454743113,0.0
0.1,1.461737315129979,german_credit,8.671219142062006,25,73,3.0,full_ha_dp,0.5171130952380952,0.296567407239578,0.0
0.1,1.5210141284721734,german_credit,8.502829925387202,26,73,3.0,full_ha_dp,0.5267857142857143,0.30140586425805654,0.0
0.1,1.5791212177429417,german_credit,8.343884509786223,27,73,3.0,full_ha_dp,0.5260416666666666,0.29975266400747125,0.0
0.1,1.6393804214311456,german_credit,8.193531933442474,28,73,3.0,full_ha_dp,0.5342261904761905,0.30574873934629887,0.0
0.1,1.6978743184406908,german_credit,8.051024854962648,29,73,3.0,full_ha_dp,0.546875,0.313173370630653,0.0
0.1,1.7574713330773757,german_credit,7.9157038752965905,30,73,3.0,full_ha_dp,0.5550595238095238,0.3145812514258095,0.0
0.1,1.8190549148686173,german_credit,7.7869846647519925,31,73,3.0,full_ha_dp,0.5632440476190477,0.3186739791956519,0.0
0.1,1.8781621687391867,german_credit,7.6643473206333015,32,73,3.0,full_ha_dp,0.5729166666666667,0.32322867355396284,0.0
0.1,1.937709519197008,german_credit,7.547327512641656,33,73,3.0,full_ha_dp,0.5840773809523809,0.3299287779952357,0.0
0.1,1.9983564618225236,german_credit,7.435509071621365,34,73,3.0,full_ha_dp,0.5885416666666667,0.33255297922243765,0.0
0.1,2.059220577050654,german_credit,7.32851775159706,35,73,3.0,full_ha_dp,0.5915178571428572,0.33450577154216277,0.0
0.1,2.120341080812935,german_credit,7.226015951718338,36,73,3.0,full_ha_dp,0.5982142857142857,0.3386138325890782,0.0
0.1,2.181674760997187,german_credit,7.127698228289113,37,73,3.0,full_ha_dp,0.6063988095238095,0.3440801677909161,0.0
0.1,2.243262072753887,german_credit,7.03328746080785,38,73,3.0,full_ha_dp,0.609375,0.3466674647843412,0.0
0.1,2.305083543576888,german_credit,6.942531562288603,39,73,3.0,full_ha_dp,0.6197916666666667,0.35235361659184017,0.0
0.1,2.3671275612205402,german_credit,6.8552006448417755,40,73,3.0,full_ha_dp,0.6168154761904763,0.3494248641904642,0.0
0.1,2.429391359574725,german_credit,6.771084567881573,41,73,3.0,full_ha_dp,0.6331845238095237,0.36169421719803285,0.0
0.1,2.4918821561721853,german_credit,6.68999080937792,42,73,3.0,full_ha_dp,0.6361607142857142,0.36502306801780493,0.0
0.1,2.554618469178685,german_credit,6.6117426110258535,43,73,3.0,full_ha_dp,0.6428571428571428,0.37324797170651436,0.0
0.1,2.6175874483102666,german_credit,6.536177356628895,44,73,3.0,full_ha_dp,0.6502976190476191,0.3828192231365979,0.0
0.1,2.6807180571774745,german_credit,6.463145149816017,45,73,3.0,full_ha_dp,0.6540178571428572,0.3872002070881895,0.0
0.1,2.744167490300431,german_credit,6.3925075627670545,46,73,3.0,full_ha_dp,0.6569940476190477,0.3891734842662995,0.0
0.1,2.807713010649615,german_credit,6.324136532166274,47,73,3.0,full_ha_dp,0.6547619047619048,0.3910070122595086,0.0
0.1,2.8715778170175743,german_credit,6.257913382339669,48,73,3.0,full_ha_dp,0.662202380952381,0.39729158230004485,0.0
0.1,2.935603229901087,german_credit,6.193727958615719,49,73,3.0,full_ha_dp,0.6659226190476191,0.39915602220666185,0.0
0.1,2.999834784606401,german_credit,6.131477856506642,50,73,3.0,full_ha_dp,0.6674107142857143,0.4013694677155796,0.0
0.1,0.40059352473737014,german_credit,7.312717919921876,1,101,3.0,dp_uniform,0.5632440476190476,0.44173798345776216,0.0
0.1,0.5593499297259525,german_credit,7.312717919921876,2,101,3.0,dp_uniform,0.5625,0.4424113506911962,0.0
0.1,0.6837161308776125,german_credit,7.312717919921876,3,101,3.0,dp_uniform,0.5625,0.44293992750653777,0.0
0.1,0.7901986139592871,german_credit,7.312717919921876,4,101,3.0,dp_uniform,0.558779761904762,0.42998726544690224,0.0
0.1,0.8852784594058403,german_credit,7.312717919921876,5,101,3.0,dp_uniform,0.5632440476190476,0.44333279864197983,0.0
0.1,0.97174442653049,german_credit,7.312717919921876,6,101,3.0,dp_uniform,0.5625,0.44131631080677924,0.0
0.1,1.0520253854637112,german_credit,7.312717919921876,7,101,3.0,dp_uniform,0.5617559523809524,0.4430732109543564,0.0
0.1,1.1276861179189102,german_credit,7.312717919921876,8,101,3.0,dp_uniform,0.5639880952380952,0.4404965864097898,0.0
0.1,1.1986560338815357,german_credit,7.312717919921876,9,101,3.0,dp_uniform,0.5610119047619048,0.43560474013207395,0.0
0.1,1.2660156396323923,german_credit,7.312717919921876,10,101,3.0,dp_uniform,0.5610119047619048,0.4265029807159197,0.0
0.1,1.3317674766928886,german_credit,7.312717919921876,11,101,3.0,dp_uniform,0.5587797619047619,0.4225817107180876,0.0
0.1,1.3929589070195694,german_credit,7.312717919921876,12,101,3.0,dp_uniform,0.558779761904762,0.4199206444883732,0.0
0.1,1.4535703186085178,german_credit,7.312717919921876,13,101,3.0,dp_uniform,0.558779761904762,0.4190056680349425,0.0
0.1,1.5113692563550338,german_credit,7.312717919921876,14,101,3.0,dp_uniform,0.558779761904762,0.41773496230191354,0.0
0.1,1.5669158027940537,german_credit,7.312717919921876,15,101,3.0,dp_uniform,0.5595238095238095,0.4194867973045684,0.0
0.1,1.6224623492330736,german_credit,7.312717919921876,16,101,3.0,dp_uniform,0.5610119047619048,0.4174554194014636,0.0
0.1,1.6764257233457056,german_credit,7.312717919921876,17,101,3.0,dp_uniform,0.5610119047619048,0.41729484035822706,0.0
0.1,1.7264857916946266,german_credit,7.312717919921876,18,101,3.0,dp_uniform,0.5617559523809524,0.4193072699433142,0.0
0.1,1.776545860043548,german_credit,7.312717919921876,19,101,3.0,dp_uniform,0.5610119047619048,0.42263766740666525,0.0
0.1,1.8258270982514828,german_credit,7.312717919921876,20,101,3.0,dp_uniform,0.5580357142857143,0.41568165727164885,0.0
0.1,1.8740485587217566,german_credit,7.312717919921876,21,101,3.0,dp_uniform,0.558779761904762,0.4173491258214692,0.0
0.1,1.921291504896836,german_credit,7.312717919921876,22,101,3.0,dp_uniform,0.5587797619047619,0.4154575684920807,0.0
0.1,1.967627775795116,german_credit,7.312717919921876,23,101,3.0,dp_uniform,0.5580357142857143,0.4144655050000172,0.0
0.1,2.01305365387326,german_credit,7.312717919921876,24,101,3.0,dp_uniform,0.5580357142857143,0.4142403326942528,0.0
0.1,2.0576905583573777,german_credit,7.312717919921876,25,101,3.0,dp_uniform,0.5580357142857143,0.41326022238329885,0.0
0.1,2.1015849319115674,german_credit,7.312717919921876,26,101,3.0,dp_uniform,0.5595238095238095,0.40834312966294517,0.0
0.1,2.1447244447155898,german_credit,7.312717919921876,27,101,3.0,dp_uniform,0.5602678571428571,0.4081523205459392,0.0
0.1,2.1871978643562953,german_credit,7.312717919921876,28,101,3.0,dp_uniform,0.5580357142857143,0.4051204571283388,0.0
0.1,2.2290635901841327,german_credit,7.312717919921876,29,101,3.0,dp_uniform,0.5528273809523809,0.4018935796133113,0.0
0.1,2.2702469498306583,german_credit,7.312717919921876,30,101,3.0,dp_uniform,0.5513392857142858,0.40012635802688246,0.0
0.1,2.310863355629787,german_credit,7.312717919921876,31,101,3.0,dp_uniform,0.552827380952381,0.40019041523957577,0.0
0.1,2.350935408006504,german_credit,7.312717919921876,32,101,3.0,dp_uniform,0.5528273809523809,0.40648600857910155,0.0
0.1,2.3904809768655304,german_credit,7.312717919921876,33,101,3.0,dp_uniform,0.5535714285714286,0.405857730045527,0.0
0.1,2.429518778724964,german_credit,7.312717919921876,34,101,3.0,dp_uniform,0.5535714285714286,0.4059090736823969,0.0
0.1,2.46806843449495,german_credit,7.312717919921876,35,101,3.0,dp_uniform,0.5528273809523809,0.409260446906237,0.0
0.1,2.5061505319896593,german_credit,7.312717919921876,36,101,3.0,dp_uniform,0.5565476190476191,0.40805751463858253,0.0
0.1,2.543786693638301,german_credit,7.312717919921876,37,101,3.0,dp_uniform,0.5550595238095238,0.4139756562901837,0.0
0.1,2.5809996498968486,german_credit,7.312717919921876,38,101,3.0,dp_uniform,0.552827380952381,0.40979738983806857,0.0
0.1,2.6178133189390116,german_credit,7.312717919921876,39,101,3.0,dp_uniform,0.552827380952381,0.4084325926896705,0.0
0.1,2.654252893245433,german_credit,7.312717919921876,40,101,3.0,dp_uniform,0.5513392857142858,0.40775638830124084,0.0
0.1,2.690256486380431,german_credit,7.312717919921876,41,101,3.0,dp_uniform,0.5520833333333334,0.4100965189308452,0.0
0.1,2.7258739993415664,german_credit,7.312717919921876,42,101,3.0,dp_uniform,0.546875,0.400267767435427,0.0
0.1,2.76117267132529,german_credit,7.312717919921876,43,101,3.0,dp_uniform,0.546875,0.3998201708662551,0.0
0.1,2.79618211579595,german_credit,7.312717919921876,44,101,3.0,dp_uniform,0.5476190476190476,0.40052944712240635,0.0
0.1,2.8307641063530142,german_credit,7.312717919921876,45,101,3.0,dp_uniform,0.546875,0.39928882464354,0.0
0.1,2.8650430912646097,german_credit,7.312717919921876,46,101,3.0,dp_uniform,0.5505952380952381,0.40177901253006737,0.0
0.1,2.899097980435532,german_credit,7.312717919921876,47,101,3.0,dp_uniform,0.5476190476190476,0.3994734669953552,0.0
0.1,2.9327355251558833,german_credit,7.312717919921876,48,101,3.0,dp_uniform,0.546875,0.4049346795116524,0.0
0.1,2.9663006469126536,german_credit,7.312717919921876,49,101,3.0,dp_uniform,0.546875,0.3960156267529542,0.0
0.1,2.9998822110524976,german_credit,7.312717919921876,50,101,3.0,dp_uniform,0.5498511904761905,0.39811190776848737,0.0
0.1,0.11394700822522269,german_credit,37.093089663569565,1,101,3.0,scheduler,0.5639880952380952,0.4419322336520124,0.0
0.1,0.1361065222531086,german_credit,26.228775236270668,2,101,3.0,scheduler,0.5624999999999999,0.441163270814084,0.0
0.1,0.16934579329493749,german_credit,21.41570530233681,3,101,3.0,scheduler,0.5647321428571429,0.44450797008676024,0.0
0.1,0.2136648213507093,german_credit,18.546544831784782,4,101,3.0,scheduler,0.5610119047619048,0.43874273580934603,0.0
0.1,0.2657230445763909,german_credit,16.588533996647268,5,101,3.0,scheduler,0.5647321428571428,0.45106905180414025,0.0
0.1,0.3186587821263203,german_credit,15.143190443175062,6,101,3.0,scheduler,0.5654761904761905,0.45125153098252113,0.0
0.1,0.37218901684257044,german_credit,14.019870086975084,7,101,3.0,scheduler,0.5647321428571429,0.4449945048834113,0.0
0.1,0.42631002522053363,german_credit,13.114387618135334,8,101,3.0,scheduler,0.5647321428571429,0.4445250781914898,0.0
0.1,0.48090710186067964,german_credit,12.364363221189853,9,101,3.0,scheduler,0.5625,0.44136836341755264,0.0
0.1,0.5359973220876351,german_credit,11.729864878972867,10,101,3.0,scheduler,0.5617559523809523,0.44130253904966515,0.0
0.1,0.5916282265638603,german_credit,11.183987339006404,11,101,3.0,scheduler,0.5602678571428571,0.4403623615429211,0.0
0.1,0.647635098278261,german_credit,10.707852651168405,12,101,3.0,scheduler,0.5602678571428572,0.43637344037056647,0.0
0.1,0.7039243519756737,german_credit,10.287772057491027,13,101,3.0,scheduler,0.5580357142857143,0.4354717537695658,0.0
0.1,0.7607797897150115,german_credit,9.913545209854513,14,101,3.0,scheduler,0.5602678571428572,0.4290154649603359,0.0
0.1,0.8178202677506267,german_credit,9.57739456842556,15,101,3.0,scheduler,0.5587797619047619,0.4249277124350833,0.0
0.1,0.8753441438244753,german_credit,9.273272415892391,16,101,3.0,scheduler,0.5625,0.4295799991271034,0.0
0.1,0.933211450790763,german_credit,8.996395686082586,17,101,3.0,scheduler,0.5625,0.4295799991271034,0.0
0.1,0.9913758990052851,german_credit,8.74292507875689,18,101,3.0,scheduler,0.5625,0.42697652536826886,0.0
0.1,1.049914769153957,german_credit,8.509738386694359,19,101,3.0,scheduler,0.5610119047619048,0.42373854010866546,0.0
0.1,1.1090709691214165,german_credit,8.294266998323634,20,101,3.0,scheduler,0.5595238095238094,0.4207475603180426,0.0
0.1,1.1681630065291122,german_credit,8.094375768718646,21,101,3.0,scheduler,0.5602678571428571,0.42097228969163614,0.0
0.1,1.2273502484387568,german_credit,7.90827328811592,22,101,3.0,scheduler,0.5572916666666666,0.41717708608353693,0.0
0.1,1.2880251082770158,german_credit,7.734443856765742,23,101,3.0,scheduler,0.556547619047619,0.41914998504236,0.0
0.1,1.3471477366236269,german_credit,7.571595221587531,24,101,3.0,scheduler,0.5572916666666666,0.4193810323256632,0.0
0.1,1.4086691645221723,german_credit,7.418617932713912,25,101,3.0,scheduler,0.5565476190476191,0.4183131318012108,0.0
0.1,1.468112940247771,german_credit,7.274553385153387,26,101,3.0,scheduler,0.5617559523809524,0.4203806835714458,0.0
0.1,1.5298430150397389,german_credit,7.13856843411227,27,101,3.0,scheduler,0.5595238095238095,0.41469523010036974,0.0
0.1,1.5905521486203438,german_credit,7.009935043487542,28,101,3.0,scheduler,0.5602678571428572,0.4157917213284399,0.0
0.1,1.6517546159354572,german_credit,6.8880138291082575,29,101,3.0,scheduler,0.5602678571428571,0.4140124559957879,0.0
0.1,1.7150675131579884,german_credit,6.772240645432921,30,101,3.0,scheduler,0.5572916666666667,0.4087973166871338,0.0
0.1,1.7762235823693024,german_credit,6.662115572131652,31,101,3.0,scheduler,0.5580357142857143,0.40929960448415587,0.0
0.1,1.8375667450115771,german_credit,6.557193809067667,32,101,3.0,scheduler,0.5572916666666666,0.4065809862695839,0.0
0.1,1.9000734154612187,german_credit,6.457078100788715,33,101,3.0,scheduler,0.5558035714285715,0.403685574979141,0.0
0.1,1.9628332662547132,german_credit,6.361412395866399,34,101,3.0,scheduler,0.5580357142857143,0.4042422590473867,0.0
0.1,2.02582632073471,german_credit,6.269876510038435,35,101,3.0,scheduler,0.5558035714285715,0.4013443919918163,0.0
0.1,2.0890911881641285,german_credit,6.1821816105949265,36,101,3.0,scheduler,0.5580357142857143,0.40893429943122106,0.0
0.1,2.1526214389611615,german_credit,6.098066376717652,37,101,3.0,scheduler,0.5535714285714285,0.40670763663705145,0.0
0.1,2.216356267726092,german_credit,6.017293719355054,38,101,3.0,scheduler,0.5535714285714285,0.4067363092013317,0.0
0.1,2.280348484230908,german_credit,5.939647966753954,39,101,3.0,scheduler,0.5491071428571429,0.4036635994566693,0.0
0.1,2.3445939683597574,german_credit,5.8649324394864335,40,101,3.0,scheduler,0.5543154761904762,0.40786031982682835,0.0
0.1,2.4090962467163126,german_credit,5.7929673528310275,41,101,3.0,scheduler,0.5513392857142857,0.4082833607804798,0.0
0.1,2.4737770858650197,german_credit,5.723587995533028,42,101,3.0,scheduler,0.5513392857142857,0.40783720406399915,0.0
0.1,2.53871533770467,german_credit,5.656643142913474,43,101,3.0,scheduler,0.546875,0.40305800054103647,0.0
0.1,2.6039507741228727,german_credit,5.591993669503202,44,101,3.0,scheduler,0.546875,0.4081442764941755,0.0
0.1,2.6693249947035333,german_credit,5.529511332215757,45,101,3.0,scheduler,0.5461309523809524,0.4043930474602991,0.0
0.1,2.735025654457894,german_credit,5.469077699825691,46,101,3.0,scheduler,0.5476190476190476,0.4053962837312227,0.0
0.1,2.8008584963782286,german_credit,5.410583208407215,47,101,3.0,scheduler,0.5476190476190477,0.4042273333026948,0.0
0.1,2.8670117543158278,german_credit,5.353926325584203,48,101,3.0,scheduler,0.5461309523809523,0.40805697278498,0.0
0.1,2.9333507288022624,german_credit,5.299012809081367,49,101,3.0,scheduler,0.5476190476190477,0.3992160843234226,0.0
0.1,2.9998822110524985,german_credit,5.245755047254134,50,101,3.0,scheduler,0.5476190476190477,0.39914503901527276,0.0
0.1,0.486364463071042,german_credit,7.533006933593749,1,101,3.0,ha_uniform,0.5647321428571429,0.44215901159105453,0.0
0.1,0.6400298525559446,german_credit,7.533006933593749,2,101,3.0,ha_uniform,0.5647321428571429,0.4427950754064661,0.0
0.1,0.7605902727203083,german_credit,7.533006933593749,3,101,3.0,ha_uniform,0.5699404761904762,0.4502287098376792,0.0
0.1,0.8635157630337058,german_credit,7.533006933593749,4,101,3.0,ha_uniform,0.5677083333333334,0.44565417521656076,0.0
0.1,0.9553904230558622,german_credit,7.533006933593749,5,101,3.0,ha_uniform,0.5706845238095238,0.4547804655928511,0.0
0.1,1.0392626963342089,german_credit,7.533006933593749,6,101,3.0,ha_uniform,0.5714285714285715,0.4564085142838046,0.0
0.1,1.1170753079280986,german_credit,7.533006933593749,7,101,3.0,ha_uniform,0.5714285714285715,0.4550836454993533,0.0
0.1,1.1898082871343574,german_credit,7.533006933593749,8,101,3.0,ha_uniform,0.5706845238095238,0.4475245122217537,0.0
0.1,1.2586604159886903,german_credit,7.533006933593749,9,101,3.0,ha_uniform,0.5721726190476191,0.45460407052035223,0.0
0.1,1.3251383150465925,german_credit,7.533006933593749,10,101,3.0,ha_uniform,0.5714285714285715,0.44762687290158515,0.0
0.1,1.386802419648509,german_credit,7.533006933593749,11,101,3.0,ha_uniform,0.5706845238095238,0.44636475969381667,0.0
0.1,1.4480605200563073,german_credit,7.533006933593749,12,101,3.0,ha_uniform,0.5669642857142857,0.4452011198516347,0.0
0.1,1.5049303993983174,german_credit,7.533006933593749,13,101,3.0,ha_uniform,0.568452380952381,0.44571602979340963,0.0
0.1,1.5618002787403271,german_credit,7.533006933593749,14,101,3.0,ha_uniform,0.5706845238095238,0.44718830952655897,0.0
0.1,1.6158412641203976,german_credit,7.533006933593749,15,101,3.0,ha_uniform,0.574404761904762,0.4468648620304924,0.0
0.1,1.6679828413145072,german_credit,7.533006933593749,16,101,3.0,ha_uniform,0.574404761904762,0.4469402888358299,0.0
0.1,1.7201244185086169,german_credit,7.533006933593749,17,101,3.0,ha_uniform,0.5751488095238095,0.4476525395480806,0.0
0.1,1.7716678393695688,german_credit,7.533006933593749,18,101,3.0,ha_uniform,0.5736607142857143,0.4438654157241921,0.0
0.1,1.8186824659226537,german_credit,7.533006933593749,19,101,3.0,ha_uniform,0.5736607142857143,0.44176716226161594,0.0
0.1,1.8656970924757381,german_credit,7.533006933593749,20,101,3.0,ha_uniform,0.5729166666666666,0.444115040704511,0.0
0.1,1.9123301847324878,german_credit,7.533006933593749,21,101,3.0,ha_uniform,0.5721726190476191,0.44052411682322035,0.0
0.1,1.9580115784385852,german_credit,7.533006933593749,22,101,3.0,ha_uniform,0.5736607142857143,0.4410152428942118,0.0
0.1,2.0028044285648123,german_credit,7.533006933593749,23,101,3.0,ha_uniform,0.5729166666666666,0.4614803534106158,0.0
0.1,2.0467768700875677,german_credit,7.533006933593749,24,101,3.0,ha_uniform,0.5729166666666666,0.44084711423924106,0.0
0.1,2.089916345478384,german_credit,7.533006933593749,25,101,3.0,ha_uniform,0.5751488095238094,0.4353142970510694,0.0
0.1,2.1323418155166336,german_credit,7.533006933593749,26,101,3.0,ha_uniform,0.5758928571428571,0.43489528443169945,0.0
0.1,2.1740693204642505,german_credit,7.533006933593749,27,101,3.0,ha_uniform,0.5744047619047618,0.43347579578760864,0.0
0.1,2.2151390277143266,german_credit,7.533006933593749,28,101,3.0,ha_uniform,0.5744047619047619,0.43352192403927226,0.0
0.1,2.2555589993111465,german_credit,7.533006933593749,29,101,3.0,ha_uniform,0.5766369047619048,0.43506495734717976,0.0
0.1,2.2954176414547622,german_credit,7.533006933593749,30,101,3.0,ha_uniform,0.5758928571428571,0.4342346433375179,0.0
0.1,2.3347206470533686,german_credit,7.533006933593749,31,101,3.0,ha_uniform,0.5758928571428572,0.43344137410674866,0.0
0.1,2.373433816324825,german_credit,7.533006933593749,32,101,3.0,ha_uniform,0.5773809523809524,0.4352352458137757,0.0
0.1,2.411645390216099,german_credit,7.533006933593749,33,101,3.0,ha_uniform,0.5788690476190477,0.43360461158912145,0.0
0.1,2.449372204453521,german_credit,7.533006933593749,34,101,3.0,ha_uniform,0.5811011904761905,0.4344893036248494,0.0
0.1,2.486631889119664,german_credit,7.533006933593749,35,101,3.0,ha_uniform,0.5803571428571429,0.4342563662849938,0.0
0.1,2.5234429220989796,german_credit,7.533006933593749,36,101,3.0,ha_uniform,0.5825892857142858,0.4355703736926937,0.0
0.1,2.559824686847846,german_credit,7.533006933593749,37,101,3.0,ha_uniform,0.5818452380952381,0.43661269357062155,0.0
0.1,2.595797534901574,german_credit,7.533006933593749,38,101,3.0,ha_uniform,0.5833333333333333,0.440889263254168,0.0
0.1,2.6313828535767882,german_credit,7.533006933593749,39,101,3.0,ha_uniform,0.5855654761904762,0.44502404539434925,0.0
0.1,2.6665764166167416,german_credit,7.533006933593749,40,101,3.0,ha_uniform,0.5870535714285715,0.4459091216470725,0.0
0.1,2.701350131795396,german_credit,7.533006933593749,41,101,3.0,ha_uniform,0.5885416666666666,0.4427729327927673,0.0
0.1,2.735783084959112,german_credit,7.533006933593749,42,101,3.0,ha_uniform,0.5885416666666666,0.4421000730311736,0.0
0.1,2.7699002355306015,german_credit,7.533006933593749,43,101,3.0,ha_uniform,0.5892857142857143,0.44075142523111915,0.0
0.1,2.8037279125916106,german_credit,7.533006933593749,44,101,3.0,ha_uniform,0.590029761904762,0.4453410116586891,0.0
0.1,2.8371387004430146,german_credit,7.533006933593749,45,101,3.0,ha_uniform,0.590029761904762,0.45075519716222134,0.0
0.1,2.8702604682502733,german_credit,7.533006933593749,46,101,3.0,ha_uniform,0.5900297619047619,0.44402992279375586,0.0
0.1,2.903150529286365,german_credit,7.533006933593749,47,101,3.0,ha_uniform,0.590029761904762,0.45020752497119676,0.0
0.1,2.9356734228608596,german_credit,7.533006933593749,48,101,3.0,ha_uniform,0.5892857142857143,0.4479959213142065,0.0
0.1,2.9679197888958786,german_credit,7.533006933593749,49,101,3.0,ha_uniform,0.590029761904762,0.44982083585213223,0.0
0.1,2.999999046102365,german_credit,7.533006933593749,50,101,3.0,ha_uniform,0.5907738095238095,0.44714401745266696,0.0
0.1,0.21329672877269965,german_credit,38.2074669672809,1,101,3.0,full_ha_dp,0.5654761904761905,0.44298932560071635,0.0
0.1,0.23415568389553948,german_credit,27.016758984525335,2,101,3.0,full_ha_dp,0.5654761904761905,0.4454734062775215,0.0
0.1,0.2654441165797992,german_credit,22.05909133861336,3,101,3.0,full_ha_dp,0.5669642857142857,0.44407061721846386,0.0
0.1,0.3071620268254789,german_credit,19.10373348364045,4,101,3.0,full_ha_dp,0.5662202380952381,0.4516135153343268,0.0
0.1,0.3571789003023462,german_credit,17.086898677383562,5,101,3.0,full_ha_dp,0.5677083333333333,0.4490531347009814,0.0
0.1,0.40840811378621256,german_credit,15.598133072346943,6,101,3.0,full_ha_dp,0.5677083333333334,0.4494103285078267,0.0
0.1,0.4602264160720022,german_credit,14.441065117305783,7,101,3.0,full_ha_dp,0.5677083333333334,0.4498548937058654,0.0
0.1,0.5126101897544545,german_credit,13.508379492262668,8,101,3.0,full_ha_dp,0.5684523809523809,0.4499989516242419,0.0
0.1,0.5654514684608999,german_credit,12.735822322426966,9,101,3.0,full_ha_dp,0.5706845238095238,0.4727775619028522,0.0
0.1,0.618766202403035,german_credit,12.082261924225367,10,101,3.0,full_ha_dp,0.572172619047619,0.4545295820733341,0.0
0.1,0.6725533626231843,german_credit,11.519984738215353,11,101,3.0,full_ha_dp,0.5729166666666666,0.457279379871419,0.0
0.1,0.726702293044662,german_credit,11.02954566930668,12,101,3.0,full_ha_dp,0.5714285714285715,0.45053764718643885,0.0
0.1,0.781381330954875,german_credit,10.596844712009837,13,101,3.0,full_ha_dp,0.5729166666666666,0.471629550259725,0.0
0.1,0.8361372067854634,german_credit,10.211375072003422,14,101,3.0,full_ha_dp,0.5736607142857142,0.4724027574025216,0.0
0.1,0.8915668065394614,german_credit,9.865125551003263,15,101,3.0,full_ha_dp,0.5744047619047619,0.47265579095465204,0.0
0.1,0.9472685865091947,german_credit,9.551866741820225,16,101,3.0,full_ha_dp,0.5773809523809523,0.47357192887896893,0.0
0.1,1.0032056989100568,german_credit,9.266671881964518,17,101,3.0,full_ha_dp,0.5781249999999999,0.4738610130602825,0.0
0.1,1.059605102896302,german_credit,9.005586328175111,18,101,3.0,full_ha_dp,0.5796130952380951,0.4744203729274721,0.0
0.1,1.1162222668011532,german_credit,8.765394073633992,19,101,3.0,full_ha_dp,0.5796130952380953,0.47440042900508916,0.0
0.1,1.172861114221153,german_credit,8.543449338691781,20,101,3.0,full_ha_dp,0.5788690476190476,0.47413406121234886,0.0
0.1,1.2300132786477604,german_credit,8.337552832861407,21,101,3.0,full_ha_dp,0.5773809523809524,0.47293326942695013,0.0
0.1,1.2881786528462973,german_credit,8.145859327557611,22,101,3.0,full_ha_dp,0.5766369047619048,0.4519633697613983,0.0
0.1,1.3452924585397874,german_credit,7.966807587287614,23,101,3.0,full_ha_dp,0.578125,0.4736300364280649,0.0
0.1,1.4037957731220907,german_credit,7.799066536173472,24,101,3.0,full_ha_dp,0.5796130952380952,0.47408140558179007,0.0
0.1,1.461737315129979,german_credit,7.64149339345618,25,101,3.0,full_ha_dp,0.5825892857142857,0.4771192641057695,0.0
0.1,1.5210141284721734,german_credit,7.4931007550429625,26,101,3.0,full_ha_dp,0.581845238095238,0.47393980467631003,0.0
0.1,1.5791212177429417,german_credit,7.3530304462044525,27,101,3.0,full_ha_dp,0.5788690476190476,0.4489946292377136,0.0
0.1,1.6393804214311456,german_credit,7.2205325586528915,28,101,3.0,full_ha_dp,0.5848214285714285,0.4765753315015031,0.0
0.1,1.6978743184406908,german_credit,7.0949484993777645,29,101,3.0,full_ha_dp,0.5811011904761904,0.45140824712389244,0.0
0.1,1.7574713330773757,german_credit,6.975697174371082,30,101,3.0,full_ha_dp,0.5818452380952379,0.4538120932777386,0.0
0.1,1.8190549148686173,german_credit,6.862263644336511,31,101,3.0,full_ha_dp,0.5840773809523809,0.4553139579589511,0.0
0.1,1.8781621687391867,german_credit,6.754189746131334,32,101,3.0,full_ha_dp,0.5848214285714285,0.4762027000647985,0.0
0.1,1.937709519197008,german_credit,6.651066289669015,33,101,3.0,full_ha_dp,0.5855654761904762,0.4831471445092429,0.0
0.1,1.9983564618225236,german_credit,6.552526526767816,34,101,3.0,full_ha_dp,0.5870535714285714,0.4632326905816311,0.0
0.1,2.059220577050654,german_credit,6.458240653959339,35,101,3.0,full_ha_dp,0.5870535714285714,0.4632326905816311,0.0
0.1,2.120341080812935,german_credit,6.367911161213483,36,101,3.0,full_ha_dp,0.5900297619047619,0.4857214318203723,0.0
0.1,2.181674760997187,german_credit,6.28126887692387,37,101,3.0,full_ha_dp,0.5900297619047619,0.48565681453019227,0.0
0.1,2.243262072753887,german_credit,6.1980695892389726,38,101,3.0,full_ha_dp,0.590029761904762,0.4857793985450057,0.0
0.1,2.305083543576888,german_credit,6.118091147039541,39,101,3.0,full_ha_dp,0.5930059523809523,0.4878887292727575,0.0
0.1,2.3671275612205402,german_credit,6.041130962112684,40,101,3.0,full_ha_dp,0.5944940476190474,0.49314953036816694,0.0
0.1,2.429391359574725,german_credit,5.967003848514909,41,101,3.0,full_ha_dp,0.5922619047619048,0.48780863588253565,0.0
0.1,2.4918821561721853,german_credit,5.89554014661741,42,101,3.0,full_ha_dp,0.5922619047619048,0.48485112583956635,0.0
0.1,2.554618469178685,german_credit,5.826584088540555,43,101,3.0,full_ha_dp,0.59375,0.4842955817815256,0.0
0.1,2.6175874483102666,german_credit,5.759992369107676,44,101,3.0,full_ha_dp,0.5944940476190476,0.4854190713812069,0.0
0.1,2.6807180571774745,german_credit,5.695632892461188,45,101,3.0,full_ha_dp,0.5930059523809523,0.4906024219392975,0.0
0.1,2.744167490300431,german_credit,5.633383669379511,46,101,3.0,full_ha_dp,0.5930059523809523,0.48435403196449245,0.0
0.1,2.807713010649615,german_credit,5.573131844338515,47,101,3.0,full_ha_dp,0.59375,0.48486697388368427,0.0
0.1,2.8715778170175743,german_credit,5.51477283465334,48,101,3.0,full_ha_dp,0.5930059523809524,0.4824631277298381,0.0
0.1,2.935603229901087,german_credit,5.458209566754414,49,101,3.0,full_ha_dp,0.5937500000000001,0.4826850366688523,0.0
0.1,2.999834784606401,german_credit,5.403351796905067,50,101,3.0,full_ha_dp,0.5959821428571428,0.48590064906145203,0.0
0.1,0.4046029095776438,german_credit,7.685850146484375,1,909,3.0,dp_uniform,0.6979166666666667,0.5512671150218333,0.0
0.1,0.5627759041911835,german_credit,7.685850146484375,2,909,3.0,dp_uniform,0.7053571428571429,0.5632098282785909,0.0
0.1,0.687189166325906,german_credit,7.685850146484375,3,909,3.0,dp_uniform,0.7075892857142857,0.5650970923741239,0.0
0.1,0.7932520365200877,german_credit,7.685850146484375,4,909,3.0,dp_uniform,0.703125,0.5610248240991841,0.0
0.1,0.8883651324141612,german_credit,7.685850146484375,5,909,3.0,dp_uniform,0.710565476190476,0.5695372711655527,0.0
0.1,0.9745042017311369,german_credit,7.685850146484375,6,909,3.0,dp_uniform,0.7075892857142857,0.5664880358341032,0.0
0.1,1.0546781088140647,german_credit,7.685850146484375,7,909,3.0,dp_uniform,0.7090773809523809,0.5685447576457703,0.0
0.1,1.1301418318234602,german_credit,7.685850146484375,8,909,3.0,dp_uniform,0.7127976190476191,0.5722288932775803,0.0
0.1,1.2014187120241542,german_credit,7.685850146484375,9,909,3.0,dp_uniform,0.7120535714285714,0.5720390484522386,0.0
0.1,1.2684497026500112,german_credit,7.685850146484375,10,909,3.0,dp_uniform,0.7113095238095237,0.5704450561059162,0.0
0.1,1.3344128455777526,german_credit,7.685850146484375,11,909,3.0,dp_uniform,0.7135416666666666,0.5725698622454716,0.0
0.1,1.3952120162709858,german_credit,7.685850146484375,12,909,3.0,dp_uniform,0.7142857142857143,0.572518048766617,0.0
0.1,1.456011186964219,german_credit,7.685850146484375,13,909,3.0,dp_uniform,0.7165178571428571,0.5734781619948839,0.0
0.1,1.5133227013120947,german_credit,7.685850146484375,14,909,3.0,dp_uniform,0.7172619047619048,0.5748930461303562,0.0
0.1,1.5690087795337617,german_credit,7.685850146484375,15,909,3.0,dp_uniform,0.722470238095238,0.5817516458386098,0.0
0.1,1.6246948577554288,german_credit,7.685850146484375,16,909,3.0,dp_uniform,0.722470238095238,0.5824924606815616,0.0
0.1,1.678032343604976,german_credit,7.685850146484375,17,909,3.0,dp_uniform,0.7247023809523809,0.5842104716117206,0.0
0.1,1.728186919027972,german_credit,7.685850146484375,18,909,3.0,dp_uniform,0.7247023809523809,0.5821522531109422,0.0
0.1,1.778285957357981,german_credit,7.685850146484375,19,909,3.0,dp_uniform,0.7239583333333334,0.5826405174125618,0.0
0.1,1.827499389763023,german_credit,7.685850146484375,20,909,3.0,dp_uniform,0.7232142857142857,0.5821988334926171,0.0
0.1,1.8756586747963904,german_credit,7.685850146484375,21,909,3.0,dp_uniform,0.7209821428571428,0.5788269987228598,0.0
0.1,1.9228310984923631,german_credit,7.685850146484375,22,909,3.0,dp_uniform,0.7217261904761905,0.5815372374952802,0.0
0.1,1.9690891829512815,german_credit,7.685850146484375,23,909,3.0,dp_uniform,0.7202380952380952,0.5785016777022121,0.0
0.1,2.014503509461658,german_credit,7.685850146484375,24,909,3.0,dp_uniform,0.7172619047619047,0.5720392006800215,0.0
0.1,2.0590489497390863,german_credit,7.685850146484375,25,909,3.0,dp_uniform,0.7180059523809523,0.5737457426259787,0.0
0.1,2.10289001007621,german_credit,7.685850146484375,26,909,3.0,dp_uniform,0.71875,0.5741517811392356,0.0
0.1,2.145957642235432,german_credit,7.685850146484375,27,909,3.0,dp_uniform,0.7202380952380952,0.5769986484246818,0.0
0.1,2.1883992179561558,german_credit,7.685850146484375,28,909,3.0,dp_uniform,0.7202380952380952,0.575530532243024,0.0
0.1,2.2301579008652244,german_credit,7.685850146484375,29,909,3.0,dp_uniform,0.7194940476190476,0.5767579547122548,0.0
0.1,2.271295481124615,german_credit,7.685850146484375,30,909,3.0,dp_uniform,0.7217261904761905,0.5788416500919303,0.0
0.1,2.311868232146746,german_credit,7.685850146484375,31,909,3.0,dp_uniform,0.7202380952380952,0.5783689361230946,0.0
0.1,2.3518933922450427,german_credit,7.685850146484375,32,909,3.0,dp_uniform,0.7202380952380952,0.5791962844309397,0.0
0.1,2.3913889915451896,german_credit,7.685850146484375,33,909,3.0,dp_uniform,0.7180059523809524,0.5771803736204131,0.0
0.1,2.4303739054491174,german_credit,7.685850146484375,34,909,3.0,dp_uniform,0.7194940476190477,0.5786890742176554,0.0
0.1,2.4688679124260706,german_credit,7.685850146484375,35,909,3.0,dp_uniform,0.7209821428571429,0.5800092620688508,0.0
0.1,2.5068917565347615,german_credit,7.685850146484375,36,909,3.0,dp_uniform,0.7217261904761905,0.5809589296851851,0.0
0.1,2.5444672151447967,german_credit,7.685850146484375,37,909,3.0,dp_uniform,0.7194940476190477,0.5779411912507801,0.0
0.1,2.581617172363142,german_credit,7.685850146484375,38,909,3.0,dp_uniform,0.7209821428571429,0.5803869792362153,0.0
0.1,2.6183656987308184,german_credit,7.685850146484375,39,909,3.0,dp_uniform,0.7217261904761905,0.5814524351396044,0.0
0.1,2.654738137827267,german_credit,7.685850146484375,40,909,3.0,dp_uniform,0.7194940476190476,0.5802820006358367,0.0
0.1,2.6907538620768103,german_credit,7.685850146484375,41,909,3.0,dp_uniform,0.7209821428571429,0.5830941028654419,0.0
0.1,2.7263004188615443,german_credit,7.685850146484375,42,909,3.0,dp_uniform,0.7217261904761905,0.5827325613854792,0.0
0.1,2.7615264944285447,german_credit,7.685850146484375,43,909,3.0,dp_uniform,0.7209821428571429,0.5803589309492354,0.0
0.1,2.796461849260909,german_credit,7.685850146484375,44,909,3.0,dp_uniform,0.7224702380952381,0.5814001283152749,0.0
0.1,2.831050197396722,german_credit,7.685850146484375,45,909,3.0,dp_uniform,0.7232142857142857,0.5794349000094419,0.0
0.1,2.8652519275847697,german_credit,7.685850146484375,46,909,3.0,dp_uniform,0.7217261904761905,0.5800788188685295,0.0
0.1,2.8992284120647165,german_credit,7.685850146484375,47,909,3.0,dp_uniform,0.7202380952380952,0.5788462141525648,0.0
0.1,2.9328687319261144,german_credit,7.685850146484375,48,909,3.0,dp_uniform,0.7209821428571429,0.5790014360767376,0.0
0.1,2.9663006469126536,german_credit,7.685850146484375,49,909,3.0,dp_uniform,0.7209821428571428,0.5796644015834531,0.0
0.1,2.9998822110524976,german_credit,7.685850146484375,50,909,3.0,dp_uniform,0.7180059523809524,0.578507503897866,0.0
0.1,0.11394700822522269,german_credit,38.94181341219465,1,909,3.0,scheduler,0.7008928571428571,0.5536430621552371,0.0
0.1,0.1361065222531086,german_credit,27.53602033546408,2,909,3.0,scheduler,0.7023809523809524,0.5599670976055448,0.0
0.1,0.16934579329493749,german_credit,22.48306645626276,3,909,3.0,scheduler,0.706845238095238,0.5643163834863097,0.0
0.1,0.2136648213507093,german_credit,19.470906706097324,4,909,3.0,scheduler,0.7008928571428571,0.5534976575888595,0.0
0.1,0.2657230445763909,german_credit,17.415308391356056,5,909,3.0,scheduler,0.7046130952380952,0.5584340180979755,0.0
0.1,0.3186587821263203,german_credit,15.897928753091197,6,909,3.0,scheduler,0.7038690476190477,0.5586634068578689,0.0
0.1,0.37218901684257044,german_credit,14.718621984363807,7,909,3.0,scheduler,0.7046130952380951,0.5605602794818482,0.0
0.1,0.42631002522053363,german_credit,13.76801016773204,8,909,3.0,scheduler,0.7053571428571429,0.5612773452062898,0.0
0.1,0.48090710186067964,german_credit,12.98060447073155,9,909,3.0,scheduler,0.7090773809523809,0.5683537995605787,0.0
0.1,0.5359973220876351,german_credit,12.314482659982852,10,909,3.0,scheduler,0.7098214285714286,0.5674765349573954,0.0
0.1,0.5916282265638603,german_credit,11.741398522207199,11,909,3.0,scheduler,0.7083333333333334,0.5681036714011082,0.0
0.1,0.647635098278261,german_credit,11.24153322813138,12,909,3.0,scheduler,0.7105654761904763,0.5675545198374977,0.0
0.1,0.7039243519756737,german_credit,10.800515770555315,13,909,3.0,scheduler,0.7090773809523809,0.5649937950030993,0.0
0.1,0.7607797897150115,german_credit,10.407637414865045,14,909,3.0,scheduler,0.7135416666666666,0.5700522401550909,0.0
0.1,0.8178202677506267,german_credit,10.054732987769766,15,909,3.0,scheduler,0.7150297619047619,0.5721523979570031,0.0
0.1,0.8753441438244753,german_credit,9.735453353048662,16,909,3.0,scheduler,0.7157738095238095,0.5747177432996027,0.0
0.1,0.933211450790763,german_credit,9.444777055974884,17,909,3.0,scheduler,0.7157738095238095,0.5742293802193279,0.0
0.1,0.9913758990052851,german_credit,9.178673445154695,18,909,3.0,scheduler,0.7150297619047619,0.5725191980403956,0.0
0.1,1.049914769153957,german_credit,8.933864702209119,19,909,3.0,scheduler,0.7142857142857143,0.5720520817390982,0.0
0.1,1.1090709691214165,german_credit,8.707654195678028,20,909,3.0,scheduler,0.7172619047619048,0.5760156808639875,0.0
0.1,1.1681630065291122,german_credit,8.497800364772788,21,909,3.0,scheduler,0.7180059523809523,0.5749288692432885,0.0
0.1,1.2273502484387568,german_credit,8.302422515666418,22,909,3.0,scheduler,0.7180059523809523,0.5742945948522206,0.0
0.1,1.2880251082770158,german_credit,8.1199294059637,23,909,3.0,scheduler,0.7172619047619048,0.5736993567569825,0.0
0.1,1.3471477366236269,german_credit,7.948964376545598,24,909,3.0,scheduler,0.7180059523809523,0.5739998896793328,0.0
0.1,1.4086691645221723,german_credit,7.78836268243893,25,909,3.0,scheduler,0.7194940476190477,0.5763335699278838,0.0
0.1,1.468112940247771,german_credit,7.637117941671913,26,909,3.0,scheduler,0.7209821428571429,0.5785483060428723,0.0
0.1,1.5298430150397389,german_credit,7.494355485420918,27,909,3.0,scheduler,0.71875,0.5748010581435604,0.0
0.1,1.5905521486203438,german_credit,7.3593109921819035,28,909,3.0,scheduler,0.7202380952380952,0.5780691609155324,0.0
0.1,1.6517546159354572,german_credit,7.231313210805139,29,909,3.0,scheduler,0.7202380952380952,0.5775277791986173,0.0
0.1,1.7150675131579884,german_credit,7.109769878672077,30,909,3.0,scheduler,0.7247023809523809,0.580607471403117,0.0
0.1,1.7762235823693024,german_credit,6.994156159367533,31,909,3.0,scheduler,0.7224702380952381,0.5803963430528734,0.0
0.1,1.8375667450115771,german_credit,6.88400508386602,32,909,3.0,scheduler,0.7239583333333333,0.5814182395315934,0.0
0.1,1.9000734154612187,german_credit,6.7788995974590005,33,909,3.0,scheduler,0.722470238095238,0.5805083577533567,0.0
0.1,1.9628332662547132,german_credit,6.678465903074956,34,909,3.0,scheduler,0.7224702380952381,0.5801420573870564,0.0
0.1,2.02582632073471,german_credit,6.582367858432063,35,909,3.0,scheduler,0.7217261904761905,0.579251743996743,0.0
0.1,2.0890911881641285,german_credit,6.490302235365775,36,909,3.0,scheduler,0.7202380952380953,0.5791951470921493,0.0
0.1,2.1526214389611615,german_credit,6.401994688798981,37,909,3.0,scheduler,0.7202380952380952,0.5788260894044217,0.0
0.1,2.216356267726092,german_credit,6.317196313135205,38,909,3.0,scheduler,0.7194940476190477,0.5770846606793372,0.0
0.1,2.280348484230908,german_credit,6.2356806875169095,39,909,3.0,scheduler,0.7180059523809524,0.5773757507725421,0.0
0.1,2.3445939683597574,german_credit,6.157241329991426,40,909,3.0,scheduler,0.7172619047619048,0.5774478040422697,0.0
0.1,2.4090962467163126,german_credit,6.081689495346613,41,909,3.0,scheduler,0.7172619047619047,0.5782469746783969,0.0
0.1,2.4737770858650197,german_credit,6.008852263100356,42,909,3.0,scheduler,0.7209821428571429,0.5819652513435883,0.0
0.1,2.53871533770467,german_credit,5.938570871518733,43,909,3.0,scheduler,0.7202380952380952,0.5815268977075603,0.0
0.1,2.6039507741228727,german_credit,5.870699261103599,44,909,3.0,scheduler,0.7180059523809524,0.5742789228814604,0.0
0.1,2.6693249947035333,german_credit,5.8051027971186855,45,909,3.0,scheduler,0.7209821428571429,0.576838151306984,0.0
0.1,2.735025654457894,german_credit,5.741657145712988,46,909,3.0,scheduler,0.7194940476190477,0.5768024290329226,0.0
0.1,2.8008584963782286,german_credit,5.680247282282368,47,909,3.0,scheduler,0.7194940476190477,0.5781369741174678,0.0
0.1,2.8670117543158278,german_credit,5.62076661406569,48,909,3.0,scheduler,0.71875,0.5779266287853051,0.0
0.1,2.9333507288022624,german_credit,5.563116201742093,49,909,3.0,scheduler,0.7180059523809523,0.5775082003145509,0.0
0.1,2.9998822110524985,german_credit,5.507204067092816,50,909,3.0,scheduler,0.7180059523809523,0.577536252926615,0.0
0.1,0.49000905407590967,german_credit,7.918641650390626,1,909,3.0,ha_uniform,0.7046130952380952,0.5583480631030058,0.0
0.1,0.6431990390300479,german_credit,7.918641650390626,2,909,3.0,ha_uniform,0.7075892857142856,0.5663467543664488,0.0
0.1,0.7634798351378512,german_credit,7.918641650390626,3,909,3.0,ha_uniform,0.7105654761904762,0.569461133854855,0.0
0.1,0.8664200564647988,german_credit,7.918641650390626,4,909,3.0,ha_uniform,0.7075892857142857,0.561669693368516,0.0
0.1,0.9580411279122474,german_credit,7.918641650390626,5,909,3.0,ha_uniform,0.7061011904761906,0.5628380611280515,0.0
0.1,1.0419390502109949,german_credit,7.918641650390626,6,909,3.0,ha_uniform,0.706845238095238,0.562946655743386,0.0
0.1,1.1196687199543418,german_credit,7.918641650390626,7,909,3.0,ha_uniform,0.7105654761904763,0.5674511744284937,0.0
0.1,1.1922316045894161,german_credit,7.918641650390626,8,909,3.0,ha_uniform,0.7113095238095238,0.5665980446929191,0.0
0.1,1.2608461881671917,german_credit,7.918641650390626,9,909,3.0,ha_uniform,0.7157738095238095,0.5793493449835074,0.0
0.1,1.3270372027411252,german_credit,7.918641650390626,10,909,3.0,ha_uniform,0.7157738095238095,0.5797492150764723,0.0
0.1,1.3888911961124948,german_credit,7.918641650390626,11,909,3.0,ha_uniform,0.7165178571428571,0.580489707885379,0.0
0.1,1.4497834114483736,german_credit,7.918641650390626,12,909,3.0,ha_uniform,0.7165178571428571,0.5817569443913941,0.0
0.1,1.5067968650730557,german_credit,7.918641650390626,13,909,3.0,ha_uniform,0.7172619047619048,0.5848071790431559,0.0
0.1,1.5638103186977377,german_credit,7.918641650390626,14,909,3.0,ha_uniform,0.7202380952380952,0.5915615510633179,0.0
0.1,1.6173942330645592,german_credit,7.918641650390626,15,909,3.0,ha_uniform,0.7261904761904762,0.6000326056269938,0.0
0.1,1.6696393415216129,german_credit,7.918641650390626,16,909,3.0,ha_uniform,0.730654761904762,0.6131937521117946,0.0
0.1,1.7218844499786665,german_credit,7.918641650390626,17,909,3.0,ha_uniform,0.7313988095238096,0.6204201268914816,0.0
0.1,1.7728611320586474,german_credit,7.918641650390626,18,909,3.0,ha_uniform,0.7380952380952381,0.6271441318380078,0.0
0.1,1.8199420526500143,german_credit,7.918641650390626,19,909,3.0,ha_uniform,0.7366071428571428,0.6303415058867604,0.0
0.1,1.8670229732413812,german_credit,7.918641650390626,20,909,3.0,ha_uniform,0.7358630952380953,0.6262663787770099,0.0
0.1,1.9135955579794142,german_credit,7.918641650390626,21,909,3.0,ha_uniform,0.7380952380952381,0.631114051486984,0.0
0.1,1.9592091793133652,german_credit,7.918641650390626,22,909,3.0,ha_uniform,0.7388392857142857,0.6364035807125616,0.0
0.1,2.003927589279015,german_credit,7.918641650390626,23,909,3.0,ha_uniform,0.7410714285714286,0.6441166786458554,0.0
0.1,2.0478195104430843,german_credit,7.918641650390626,24,909,3.0,ha_uniform,0.7418154761904763,0.64129014051511,0.0
0.1,2.0909370405508154,german_credit,7.918641650390626,25,909,3.0,ha_uniform,0.7433035714285715,0.6485289970626106,0.0
0.1,2.1332714143155536,german_credit,7.918641650390626,26,909,3.0,ha_uniform,0.7455357142857143,0.6518373182199648,0.0
0.1,2.1749682781448194,german_credit,7.918641650390626,27,909,3.0,ha_uniform,0.746279761904762,0.6546782273108739,0.0
0.1,2.215937893725337,german_credit,7.918641650390626,28,909,3.0,ha_uniform,0.7485119047619048,0.6582964115506889,0.0
0.1,2.2563195416661217,german_credit,7.918641650390626,29,909,3.0,ha_uniform,0.7492559523809524,0.651024687706983,0.0
0.1,2.296136768945437,german_credit,7.918641650390626,30,909,3.0,ha_uniform,0.7522321428571428,0.6521913992126775,0.0
0.1,2.3353286288275723,german_credit,7.918641650390626,31,909,3.0,ha_uniform,0.7552083333333334,0.6555336556748457,0.0
0.1,2.3739940662430694,german_credit,7.918641650390626,32,909,3.0,ha_uniform,0.7566964285714285,0.6557174486511538,0.0
0.1,2.4121553319641653,german_credit,7.918641650390626,33,909,3.0,ha_uniform,0.7559523809523809,0.6547253851590902,0.0
0.1,2.4498294003340435,german_credit,7.918641650390626,34,909,3.0,ha_uniform,0.7604166666666666,0.6593597749308956,0.0
0.1,2.4870340389622245,german_credit,7.918641650390626,35,909,3.0,ha_uniform,0.7596726190476191,0.6597186181007557,0.0
0.1,2.523787862178634,german_credit,7.918641650390626,36,909,3.0,ha_uniform,0.7626488095238094,0.6593363042879455,0.0
0.1,2.5601103888130337,german_credit,7.918641650390626,37,909,3.0,ha_uniform,0.7619047619047619,0.6591405211785872,0.0
0.1,2.5960221047101633,german_credit,7.918641650390626,38,909,3.0,ha_uniform,0.765625,0.6642290989958323,0.0
0.1,2.631544530439898,german_credit,7.918641650390626,39,909,3.0,ha_uniform,0.7641369047619048,0.6681530658513675,0.0
0.1,2.6667002947136003,german_credit,7.918641650390626,40,909,3.0,ha_uniform,0.765625,0.6706829547848292,0.0
0.1,2.7014497160143818,german_credit,7.918641650390626,41,909,3.0,ha_uniform,0.765625,0.671171882829251,0.0
0.1,2.7358149807771404,german_credit,7.918641650390626,42,909,3.0,ha_uniform,0.7648809523809523,0.6701403210344172,0.0
0.1,2.7698631226141255,german_credit,7.918641650390626,43,909,3.0,ha_uniform,0.7663690476190476,0.6718589655770256,0.0
0.1,2.8036205994497028,german_credit,7.918641650390626,44,909,3.0,ha_uniform,0.7693452380952381,0.6718842453809641,0.0
0.1,2.837028948366063,german_credit,7.918641650390626,45,909,3.0,ha_uniform,0.771577380952381,0.6732643939842273,0.0
0.1,2.87007792284248,german_credit,7.918641650390626,46,909,3.0,ha_uniform,0.769345238095238,0.6709178491712919,0.0
0.1,2.902894299842932,german_credit,7.918641650390626,47,909,3.0,ha_uniform,0.7686011904761905,0.6663888349516307,0.0
0.1,2.9354117417271404,german_credit,7.918641650390626,48,909,3.0,ha_uniform,0.7693452380952381,0.6729349840640241,0.0
0.1,2.967617792823816,german_credit,7.918641650390626,49,909,3.0,ha_uniform,0.7686011904761905,0.6708043595934675,0.0
0.1,2.9998347846064015,german_credit,7.918641650390626,50,909,3.0,ha_uniform,0.7715773809523809,0.6737405238955894,0.0
0.1,0.21329672877269965,german_credit,40.117352883849605,1,909,3.0,full_ha_dp,0.7016369047619047,0.5553190064219107,0.0
0.1,0.23415568389553948,german_credit,28.367252267423748,2,909,3.0,full_ha_dp,0.7053571428571429,0.5632609546598608,0.0
0.1,0.2654441165797992,german_credit,23.161764486665778,3,909,3.0,full_ha_dp,0.7090773809523809,0.5664899863282482,0.0
0.1,0.3071620268254789,german_credit,20.058676441924803,4,909,3.0,full_ha_dp,0.7016369047619048,0.5556123421639203,0.0
0.1,0.3571789003023462,german_credit,17.941025625126986,5,909,3.0,full_ha_dp,0.7023809523809524,0.556800031169871,0.0
0.1,0.40840811378621256,german_credit,16.377840732767126,6,909,3.0,full_ha_dp,0.7023809523809524,0.55753818423141,0.0
0.1,0.4602264160720022,german_credit,15.162934141269414,7,909,3.0,full_ha_dp,0.7061011904761905,0.5631133475028179,0.0
0.1,0.5126101897544545,german_credit,14.183626133711874,8,909,3.0,full_ha_dp,0.709077380952381,0.5651974335002701,0.0
0.1,0.5654514684608999,german_credit,13.372450961283201,9,909,3.0,full_ha_dp,0.7083333333333333,0.570363039249698,0.0
0.1,0.618766202403035,german_credit,12.68622088096891,10,909,3.0,full_ha_dp,0.7075892857142857,0.5683698837864488,0.0
0.1,0.6725533626231843,german_credit,12.095837008910117,11,909,3.0,full_ha_dp,0.7053571428571428,0.5668911341833236,0.0
0.1,0.726702293044662,german_credit,11.580882243332889,12,909,3.0,full_ha_dp,0.7061011904761906,0.566570856190399,0.0
0.1,0.781381330954875,german_credit,11.126551758354067,13,909,3.0,full_ha_dp,0.7105654761904762,0.5709077098119077,0.0
0.1,0.8361372067854634,german_credit,10.721813553976622,14,909,3.0,full_ha_dp,0.7150297619047619,0.5745708382752295,0.0
0.1,0.8915668065394614,german_credit,10.35825597420504,15,909,3.0,full_ha_dp,0.7172619047619049,0.5781166969688587,0.0
0.1,0.9472685865091947,german_credit,10.029338220962401,16,909,3.0,full_ha_dp,0.720982142857143,0.5828110903757835,0.0
0.1,1.0032056989100568,german_credit,9.729887256487597,17,909,3.0,full_ha_dp,0.7194940476190477,0.5883608102637388,0.0
0.1,1.059605102896302,german_credit,9.455750755807916,18,909,3.0,full_ha_dp,0.7247023809523809,0.5877294493172569,0.0
0.1,1.1162222668011532,german_credit,9.203551952792653,19,909,3.0,full_ha_dp,0.7232142857142857,0.5931251532182413,0.0
0.1,1.172861114221153,german_credit,8.970512812563493,20,909,3.0,full_ha_dp,0.7239583333333333,0.5848473783124422,0.0
0.1,1.2300132786477604,german_credit,8.754324108166463,21,909,3.0,full_ha_dp,0.726190476190476,0.5933073616611908,0.0
0.1,1.2881786528462973,german_credit,8.553048373127549,22,909,3.0,full_ha_dp,0.7239583333333333,0.5966750234535729,0.0
0.1,1.3452924585397874,german_credit,8.365046330096797,23,909,3.0,full_ha_dp,0.7224702380952381,0.5951397196768898,0.0
0.1,1.4037957731220907,german_credit,8.188920366383563,24,909,3.0,full_ha_dp,0.7247023809523809,0.6013004714258534,0.0
0.1,1.461737315129979,german_credit,8.02347057676992,25,909,3.0,full_ha_dp,0.7276785714285714,0.6096750557735598,0.0
0.1,1.5210141284721734,german_credit,7.867660199555265,26,909,3.0,full_ha_dp,0.7276785714285714,0.6065432004553706,0.0
0.1,1.5791212177429417,german_credit,7.720588162221924,27,909,3.0,full_ha_dp,0.7306547619047619,0.6164201899376232,0.0
0.1,1.6393804214311456,german_credit,7.581467070634707,28,909,3.0,full_ha_dp,0.734375,0.6115632562556644,0.0
0.1,1.6978743184406908,german_credit,7.449605410534579,29,909,3.0,full_ha_dp,0.7358630952380952,0.6143733325809031,0.0
0.1,1.7574713330773757,german_credit,7.324393040626451,30,909,3.0,full_ha_dp,0.7440476190476191,0.6261419680248583,0.0
0.1,1.8190549148686173,german_credit,7.205289281218515,31,909,3.0,full_ha_dp,0.7455357142857143,0.6270977264268844,0.0
0.1,1.8781621687391867,german_credit,7.091813066855937,32,909,3.0,full_ha_dp,0.7477678571428571,0.6296239400145411,0.0
0.1,1.937709519197008,german_credit,6.983534753168094,33,909,3.0,full_ha_dp,0.7477678571428571,0.6281876681203901,0.0
0.1,1.9983564618225236,german_credit,6.880069259242951,34,909,3.0,full_ha_dp,0.7507440476190476,0.6366541547474022,0.0
0.1,2.059220577050654,german_credit,6.7810702956461615,35,909,3.0,full_ha_dp,0.7514880952380952,0.634618216446607,0.0
0.1,2.120341080812935,german_credit,6.686225480641601,36,909,3.0,full_ha_dp,0.7514880952380952,0.6395371806708312,0.0
0.1,2.181674760997187,german_credit,6.595252187476528,37,909,3.0,full_ha_dp,0.7544642857142856,0.6456375097217166,0.0
0.1,2.243262072753887,german_credit,6.507893996822377,38,909,3.0,full_ha_dp,0.7544642857142857,0.6460902476895092,0.0
0.1,2.305083543576888,german_credit,6.423917652838024,39,909,3.0,full_ha_dp,0.7522321428571429,0.6415252289379725,0.0
0.1,2.3671275612205402,german_credit,6.343110440484455,40,909,3.0,full_ha_dp,0.7507440476190476,0.6484127195111248,0.0
0.1,2.429391359574725,german_credit,6.2652779168835115,41,909,3.0,full_ha_dp,0.7537202380952381,0.6553546746616068,0.0
0.1,2.4918821561721853,german_credit,6.190241941589382,42,909,3.0,full_ha_dp,0.7596726190476191,0.66567591730466,0.0
0.1,2.554618469178685,german_credit,6.117838960315658,43,909,3.0,full_ha_dp,0.7589285714285715,0.6579921767789383,0.0
0.1,2.6175874483102666,german_credit,6.047918504455058,44,909,3.0,full_ha_dp,0.7596726190476191,0.6653519028499364,0.0
0.1,2.6807180571774745,german_credit,5.9803418750423285,45,909,3.0,full_ha_dp,0.7581845238095238,0.6549036440701099,0.0
0.1,2.744167490300431,german_credit,5.914980984951089,46,909,3.0,full_ha_dp,0.7611607142857142,0.6621551150608049,0.0
0.1,2.807713010649615,german_credit,5.851717337320758,47,909,3.0,full_ha_dp,0.7596726190476191,0.6578197889707613,0.0
0.1,2.8715778170175743,german_credit,5.790441121666444,48,909,3.0,full_ha_dp,0.7596726190476191,0.6600119509747636,0.0
0.1,2.935603229901087,german_credit,5.731050411978514,49,909,3.0,full_ha_dp,0.7589285714285714,0.6561691473983042,0.0
0.1,2.999834784606401,german_credit,5.673450453484749,50,909,3.0,full_ha_dp,0.7589285714285715,0.6603734164715249,0.0
0.1,0.4046029095776438,german_credit,7.796969067382814,1,4096,3.0,dp_uniform,0.5952380952380952,0.427094159349031,0.0
0.1,0.5627759041911835,german_credit,7.796969067382814,2,4096,3.0,dp_uniform,0.5922619047619048,0.427835320144252,0.0
0.1,0.687189166325906,german_credit,7.796969067382814,3,4096,3.0,dp_uniform,0.5922619047619048,0.4285083144296216,0.0
0.1,0.7932520365200877,german_credit,7.796969067382814,4,4096,3.0,dp_uniform,0.5930059523809524,0.42940539580932324,0.0
0.1,0.8883651324141612,german_credit,7.796969067382814,5,4096,3.0,dp_uniform,0.5944940476190477,0.4307636056803388,0.0
0.1,0.9745042017311369,german_credit,7.796969067382814,6,4096,3.0,dp_uniform,0.5974702380952381,0.4316418862977952,0.0
0.1,1.0546781088140647,german_credit,7.796969067382814,7,4096,3.0,dp_uniform,0.6034226190476191,0.4358157461897484,0.0
0.1,1.1301418318234602,german_credit,7.796969067382814,8,4096,3.0,dp_uniform,0.6086309523809523,0.4451261250173142,0.0
0.1,1.2014187120241542,german_credit,7.796969067382814,9,4096,3.0,dp_uniform,0.6078869047619048,0.4436884564056506,0.0
0.1,1.2684497026500112,german_credit,7.796969067382814,10,4096,3.0,dp_uniform,0.6078869047619048,0.4439348782107573,0.0
0.1,1.3344128455777526,german_credit,7.796969067382814,11,4096,3.0,dp_uniform,0.6086309523809523,0.46451645988021006,0.0
0.1,1.3952120162709858,german_credit,7.796969067382814,12,4096,3.0,dp_uniform,0.609375,0.4663897310835158,0.0
0.1,1.456011186964219,german_credit,7.796969067382814,13,4096,3.0,dp_uniform,0.6138392857142857,0.46891984654842433,0.0
0.1,1.5133227013120947,german_credit,7.796969067382814,14,4096,3.0,dp_uniform,0.6168154761904762,0.4668762071162087,0.0
0.1,1.5690087795337617,german_credit,7.796969067382814,15,4096,3.0,dp_uniform,0.6168154761904762,0.4714548887190535,0.0
0.1,1.6246948577554288,german_credit,7.796969067382814,16,4096,3.0,dp_uniform,0.6168154761904763,0.4664898939601033,0.0
0.1,1.678032343604976,german_credit,7.796969067382814,17,4096,3.0,dp_uniform,0.6153273809523809,0.4795008106710652,0.0
0.1,1.728186919027972,german_credit,7.796969067382814,18,4096,3.0,dp_uniform,0.615327380952381,0.4765723220099996,0.0
0.1,1.778285957357981,german_credit,7.796969067382814,19,4096,3.0,dp_uniform,0.6175595238095238,0.4872182660228187,0.0
0.1,1.827499389763023,german_credit,7.796969067382814,20,4096,3.0,dp_uniform,0.6190476190476191,0.49153349629589316,0.0
0.1,1.8756586747963904,german_credit,7.796969067382814,21,4096,3.0,dp_uniform,0.6235119047619049,0.4933339683164693,0.0
0.1,1.9228310984923631,german_credit,7.796969067382814,22,4096,3.0,dp_uniform,0.6235119047619048,0.4842469377296659,0.0
0.1,1.9690891829512815,german_credit,7.796969067382814,23,4096,3.0,dp_uniform,0.6205357142857143,0.4874774564711744,0.0
0.1,2.014503509461658,german_credit,7.796969067382814,24,4096,3.0,dp_uniform,0.6205357142857143,0.477432667322752,0.0
0.1,2.0590489497390863,german_credit,7.796969067382814,25,4096,3.0,dp_uniform,0.6257440476190476,0.4794979867169257,0.0
0.1,2.10289001007621,german_credit,7.796969067382814,26,4096,3.0,dp_uniform,0.6235119047619048,0.47191079313933915,0.0
0.1,2.145957642235432,german_credit,7.796969067382814,27,4096,3.0,dp_uniform,0.6242559523809524,0.47140916972777963,0.0
0.1,2.1883992179561558,german_credit,7.796969067382814,28,4096,3.0,dp_uniform,0.625,0.47104592465586137,0.0
0.1,2.2301579008652244,german_credit,7.796969067382814,29,4096,3.0,dp_uniform,0.6264880952380952,0.47390990854125925,0.0
0.1,2.271295481124615,german_credit,7.796969067382814,30,4096,3.0,dp_uniform,0.6250000000000001,0.4729970413098068,0.0
0.1,2.311868232146746,german_credit,7.796969067382814,31,4096,3.0,dp_uniform,0.6272321428571428,0.4711482256658529,0.0
0.1,2.3518933922450427,german_credit,7.796969067382814,32,4096,3.0,dp_uniform,0.6235119047619048,0.46365627081352706,0.0
0.1,2.3913889915451896,german_credit,7.796969067382814,33,4096,3.0,dp_uniform,0.6242559523809524,0.4576361978500625,0.0
0.1,2.4303739054491174,german_credit,7.796969067382814,34,4096,3.0,dp_uniform,0.6242559523809524,0.4453729492442811,0.0
0.1,2.4688679124260706,german_credit,7.796969067382814,35,4096,3.0,dp_uniform,0.6257440476190477,0.44661785423493805,0.0
0.1,2.5068917565347615,german_credit,7.796969067382814,36,4096,3.0,dp_uniform,0.6257440476190477,0.44628739572783094,0.0
0.1,2.5444672151447967,german_credit,7.796969067382814,37,4096,3.0,dp_uniform,0.6264880952380952,0.423467472173489,0.0
0.1,2.581617172363142,german_credit,7.796969067382814,38,4096,3.0,dp_uniform,0.6257440476190476,0.4233585168633043,0.0
0.1,2.6183656987308184,german_credit,7.796969067382814,39,4096,3.0,dp_uniform,0.6257440476190476,0.4268920879704168,0.0
0.1,2.654738137827267,german_credit,7.796969067382814,40,4096,3.0,dp_uniform,0.6287202380952381,0.42853542145848444,0.0
0.1,2.6907538620768103,german_credit,7.796969067382814,41,4096,3.0,dp_uniform,0.6294642857142857,0.4306126722666549,0.0
0.1,2.7263004188615443,german_credit,7.796969067382814,42,4096,3.0,dp_uniform,0.6287202380952381,0.4296736557382024,0.0
0.1,2.7615264944285447,german_credit,7.796969067382814,43,4096,3.0,dp_uniform,0.6294642857142857,0.4309045764517282,0.0
0.1,2.796461849260909,german_credit,7.796969067382814,44,4096,3.0,dp_uniform,0.6316964285714285,0.43215934052511384,0.0
0.1,2.831050197396722,german_credit,7.796969067382814,45,4096,3.0,dp_uniform,0.6287202380952381,0.43247524204302246,0.0
0.1,2.8652519275847697,german_credit,7.796969067382814,46,4096,3.0,dp_uniform,0.6324404761904762,0.43427700713833806,0.0
0.1,2.8992284120647165,german_credit,7.796969067382814,47,4096,3.0,dp_uniform,0.6324404761904762,0.4333851323738255,0.0
0.1,2.9328687319261144,german_credit,7.796969067382814,48,4096,3.0,dp_uniform,0.6316964285714286,0.4358806712166312,0.0
0.1,2.9663006469126536,german_credit,7.796969067382814,49,4096,3.0,dp_uniform,0.6361607142857142,0.4393781692574166,0.0
0.1,2.9998822110524976,german_credit,7.796969067382814,50,4096,3.0,dp_uniform,0.6376488095238095,0.44040569714705113,0.0
0.1,0.11394700822522269,german_credit,39.5019503008801,1,4096,3.0,scheduler,0.5989583333333334,0.43167129259346193,0.0
0.1,0.1361065222531086,german_credit,27.932096927846306,2,4096,3.0,scheduler,0.5930059523809523,0.42562144835778454,0.0
0.1,0.16934579329493749,german_credit,22.806461639728347,3,4096,3.0,scheduler,0.5974702380952381,0.4311246158499107,0.0
0.1,0.2136648213507093,german_credit,19.75097515044005,4,4096,3.0,scheduler,0.59375,0.42592967302985685,0.0
0.1,0.2657230445763909,german_credit,17.665809223317233,5,4096,3.0,scheduler,0.5967261904761905,0.4316477962665487,0.0
0.1,0.3186587821263203,german_credit,16.12660368032278,6,4096,3.0,scheduler,0.5944940476190476,0.42944017712395305,0.0
0.1,0.37218901684257044,german_credit,14.930333828308829,7,4096,3.0,scheduler,0.59375,0.4294185090407008,0.0
0.1,0.42631002522053363,german_credit,13.966048463923153,8,4096,3.0,scheduler,0.5952380952380952,0.4305696052812085,0.0
0.1,0.48090710186067964,german_credit,13.167316766960033,9,4096,3.0,scheduler,0.5952380952380952,0.43084343059132435,0.0
0.1,0.5359973220876351,german_credit,12.491613496955475,10,4096,3.0,scheduler,0.5982142857142857,0.43235307545824614,0.0
0.1,0.5916282265638603,german_credit,11.910286148662355,11,4096,3.0,scheduler,0.6041666666666667,0.4396582086655476,0.0
0.1,0.647635098278261,german_credit,11.403230819864174,12,4096,3.0,scheduler,0.6049107142857142,0.4404552629215953,0.0
0.1,0.7039243519756737,german_credit,10.95586979158872,13,4096,3.0,scheduler,0.6056547619047619,0.44099861878872304,0.0
0.1,0.7607797897150115,german_credit,10.55734029537608,14,4096,3.0,scheduler,0.6071428571428572,0.4395851020427427,0.0
0.1,0.8178202677506267,german_credit,10.199359710534779,15,4096,3.0,scheduler,0.6034226190476191,0.4383129548284313,0.0
0.1,0.8753441438244753,german_credit,9.875487575220024,16,4096,3.0,scheduler,0.6071428571428571,0.4405347860314256,0.0
0.1,0.933211450790763,german_credit,9.580630206378116,17,4096,3.0,scheduler,0.6078869047619048,0.4649190308911956,0.0
0.1,0.9913758990052851,german_credit,9.310698975948766,18,4096,3.0,scheduler,0.6086309523809523,0.4662082861846738,0.0
0.1,1.049914769153957,german_credit,9.062368917594863,19,4096,3.0,scheduler,0.6160714285714285,0.4709513295531905,0.0
0.1,1.1090709691214165,german_credit,8.832904611658616,20,4096,3.0,scheduler,0.6138392857142857,0.46881089590421,0.0
0.1,1.1681630065291122,german_credit,8.620032254865079,21,4096,3.0,scheduler,0.6205357142857143,0.472420474473519,0.0
0.1,1.2273502484387568,german_credit,8.421844101591358,22,4096,3.0,scheduler,0.6197916666666667,0.46796100951057135,0.0
0.1,1.2880251082770158,german_credit,8.2367260210997,23,4096,3.0,scheduler,0.6183035714285714,0.4795955706994207,0.0
0.1,1.3471477366236269,german_credit,8.06330184016139,24,4096,3.0,scheduler,0.6138392857142858,0.4770848947800037,0.0
0.1,1.4086691645221723,german_credit,7.9003900601760195,25,4096,3.0,scheduler,0.6168154761904762,0.48399779234471296,0.0
0.1,1.468112940247771,german_credit,7.746969823429232,26,4096,3.0,scheduler,0.6160714285714286,0.4794097715940578,0.0
0.1,1.5298430150397389,german_credit,7.602153879909447,27,4096,3.0,scheduler,0.6197916666666666,0.4815765604696544,0.0
0.1,1.5905521486203438,german_credit,7.465166914154414,28,4096,3.0,scheduler,0.6190476190476191,0.4811404806942856,0.0
0.1,1.6517546159354572,german_credit,7.335328019775027,29,4096,3.0,scheduler,0.6220238095238095,0.4797260177641674,0.0
0.1,1.7150675131579884,german_credit,7.2120364150800045,30,4096,3.0,scheduler,0.6227678571428572,0.4811591948747286,0.0
0.1,1.7762235823693024,german_credit,7.09475971443622,31,4096,3.0,scheduler,0.6272321428571429,0.485490231913004,0.0
0.1,1.8375667450115771,german_credit,6.9830242319615765,32,4096,3.0,scheduler,0.6257440476190476,0.4743625316610147,0.0
0.1,1.9000734154612187,german_credit,6.876406914055681,33,4096,3.0,scheduler,0.6235119047619048,0.47210472378691437,0.0
0.1,1.9628332662547132,german_credit,6.774528586970637,34,4096,3.0,scheduler,0.6220238095238095,0.4726235553814608,0.0
0.1,2.02582632073471,german_credit,6.677048273372644,35,4096,3.0,scheduler,0.625,0.4736377952748647,0.0
0.1,2.0890911881641285,german_credit,6.583658383480016,36,4096,3.0,scheduler,0.6227678571428571,0.46948011661733957,0.0
0.1,2.1526214389611615,german_credit,6.494080626051243,37,4096,3.0,scheduler,0.6242559523809524,0.4696923593545297,0.0
0.1,2.216356267726092,german_credit,6.408062515245523,38,4096,3.0,scheduler,0.6220238095238095,0.46761711526896255,0.0
0.1,2.280348484230908,german_credit,6.325374373380236,39,4096,3.0,scheduler,0.625,0.4690095172555377,0.0
0.1,2.3445939683597574,german_credit,6.2458067484777375,40,4096,3.0,scheduler,0.6190476190476191,0.43928676121963,0.0
0.1,2.4090962467163126,german_credit,6.169168180425199,41,4096,3.0,scheduler,0.6227678571428572,0.45894572501277703,0.0
0.1,2.4737770858650197,german_credit,6.095283261461863,42,4096,3.0,scheduler,0.6220238095238095,0.4420989086373049,0.0
0.1,2.53871533770467,german_credit,6.023990946233819,43,4096,3.0,scheduler,0.6264880952380952,0.44496471972680246,0.0
0.1,2.6039507741228727,german_credit,5.955143074331177,44,4096,3.0,scheduler,0.6294642857142857,0.4481177451904379,0.0
0.1,2.6693249947035333,german_credit,5.888603074439078,45,4096,3.0,scheduler,0.6309523809523809,0.4319885053338003,0.0
0.1,2.735025654457894,german_credit,5.82424482429529,46,4096,3.0,scheduler,0.6339285714285714,0.4326702604511451,0.0
0.1,2.8008584963782286,german_credit,5.7619516447881285,47,4096,3.0,scheduler,0.6331845238095238,0.4334565859017591,0.0
0.1,2.8670117543158278,german_credit,5.701615409932087,48,4096,3.0,scheduler,0.6294642857142857,0.4299978866808903,0.0
0.1,2.9333507288022624,german_credit,5.6431357572685865,49,4096,3.0,scheduler,0.6331845238095238,0.4342661107191607,0.0
0.1,2.9998822110524985,german_credit,5.586419385569259,50,4096,3.0,scheduler,0.6346726190476191,0.4375465332547481,0.0
0.1,0.49000905407590967,german_credit,8.03308046875,1,4096,3.0,ha_uniform,0.5974702380952381,0.4242809829293521,0.0
0.1,0.6431990390300479,german_credit,8.03308046875,2,4096,3.0,ha_uniform,0.5982142857142857,0.43123386341170056,0.0
0.1,0.7634798351378512,german_credit,8.03308046875,3,4096,3.0,ha_uniform,0.5989583333333333,0.4318868406697042,0.0
0.1,0.8664200564647988,german_credit,8.03308046875,4,4096,3.0,ha_uniform,0.5989583333333333,0.43111620031157627,0.0
0.1,0.9580411279122474,german_credit,8.03308046875,5,4096,3.0,ha_uniform,0.6011904761904762,0.4329698034206926,0.0
0.1,1.0419390502109949,german_credit,8.03308046875,6,4096,3.0,ha_uniform,0.6011904761904763,0.4331077177793057,0.0
0.1,1.1196687199543418,german_credit,8.03308046875,7,4096,3.0,ha_uniform,0.6034226190476191,0.4348684454368325,0.0
0.1,1.1922316045894161,german_credit,8.03308046875,8,4096,3.0,ha_uniform,0.6041666666666667,0.43549436219427856,0.0
0.1,1.2608461881671917,german_credit,8.03308046875,9,4096,3.0,ha_uniform,0.6026785714285714,0.43543978961766316,0.0
0.1,1.3270372027411252,german_credit,8.03308046875,10,4096,3.0,ha_uniform,0.6078869047619047,0.4379504426841505,0.0
0.1,1.3888911961124948,german_credit,8.03308046875,11,4096,3.0,ha_uniform,0.609375,0.4440321619288418,0.0
0.1,1.4497834114483736,german_credit,8.03308046875,12,4096,3.0,ha_uniform,0.6101190476190477,0.4436077013182539,0.0
0.1,1.5067968650730557,german_credit,8.03308046875,13,4096,3.0,ha_uniform,0.6101190476190477,0.4437519139410129,0.0
0.1,1.5638103186977377,german_credit,8.03308046875,14,4096,3.0,ha_uniform,0.6108630952380952,0.4443876498805536,0.0
0.1,1.6173942330645592,german_credit,8.03308046875,15,4096,3.0,ha_uniform,0.6145833333333333,0.4459585952080476,0.0
0.1,1.6696393415216129,german_credit,8.03308046875,16,4096,3.0,ha_uniform,0.6160714285714286,0.4475252029619768,0.0
0.1,1.7218844499786665,german_credit,8.03308046875,17,4096,3.0,ha_uniform,0.6160714285714286,0.4480590933179306,0.0
0.1,1.7728611320586474,german_credit,8.03308046875,18,4096,3.0,ha_uniform,0.6153273809523809,0.4473583179000542,0.0
0.1,1.8199420526500143,german_credit,8.03308046875,19,4096,3.0,ha_uniform,0.6197916666666667,0.4501996221641349,0.0
0.1,1.8670229732413812,german_credit,8.03308046875,20,4096,3.0,ha_uniform,0.6231398809523809,0.4773214232537965,0.0
0.1,1.9135955579794142,german_credit,8.03308046875,21,4096,3.0,ha_uniform,0.6272321428571429,0.4807053721929986,0.0
0.1,1.9592091793133652,german_credit,8.03308046875,22,4096,3.0,ha_uniform,0.6272321428571429,0.4795956197529882,0.0
0.1,2.003927589279015,german_credit,8.03308046875,23,4096,3.0,ha_uniform,0.6279761904761905,0.4798513219610879,0.0
0.1,2.0478195104430843,german_credit,8.03308046875,24,4096,3.0,ha_uniform,0.625,0.4778155612630465,0.0
0.1,2.0909370405508154,german_credit,8.03308046875,25,4096,3.0,ha_uniform,0.6272321428571429,0.47956317524280334,0.0
0.1,2.1332714143155536,german_credit,8.03308046875,26,4096,3.0,ha_uniform,0.6272321428571429,0.47959094794214463,0.0
0.1,2.1749682781448194,german_credit,8.03308046875,27,4096,3.0,ha_uniform,0.6272321428571429,0.4783580732266073,0.0
0.1,2.215937893725337,german_credit,8.03308046875,28,4096,3.0,ha_uniform,0.6339285714285714,0.48304543962703705,0.0
0.1,2.2563195416661217,german_credit,8.03308046875,29,4096,3.0,ha_uniform,0.6316964285714286,0.4807588990486811,0.0
0.1,2.296136768945437,german_credit,8.03308046875,30,4096,3.0,ha_uniform,0.6339285714285714,0.4826779842936141,0.0
0.1,2.3353286288275723,german_credit,8.03308046875,31,4096,3.0,ha_uniform,0.6354166666666667,0.48369483720388706,0.0
0.1,2.3739940662430694,german_credit,8.03308046875,32,4096,3.0,ha_uniform,0.6324404761904762,0.4781430393922942,0.0
0.1,2.4121553319641653,german_credit,8.03308046875,33,4096,3.0,ha_uniform,0.6316964285714286,0.49149298250884,0.0
0.1,2.4498294003340435,german_credit,8.03308046875,34,4096,3.0,ha_uniform,0.6324404761904762,0.4917320441577854,0.0
0.1,2.4870340389622245,german_credit,8.03308046875,35,4096,3.0,ha_uniform,0.6339285714285714,0.4932891785939868,0.0
0.1,2.523787862178634,german_credit,8.03308046875,36,4096,3.0,ha_uniform,0.6346726190476191,0.49340499655578685,0.0
0.1,2.5601103888130337,german_credit,8.03308046875,37,4096,3.0,ha_uniform,0.636904761904762,0.4891076499399889,0.0
0.1,2.5960221047101633,german_credit,8.03308046875,38,4096,3.0,ha_uniform,0.6361607142857143,0.48618560356654594,0.0
0.1,2.631544530439898,german_credit,8.03308046875,39,4096,3.0,ha_uniform,0.6376488095238095,0.49727596812990177,0.0
0.1,2.6667002947136003,german_credit,8.03308046875,40,4096,3.0,ha_uniform,0.6339285714285715,0.48485082219592435,0.0
0.1,2.7014497160143818,german_credit,8.03308046875,41,4096,3.0,ha_uniform,0.6354166666666666,0.496015402129189,0.0
0.1,2.7358149807771404,german_credit,8.03308046875,42,4096,3.0,ha_uniform,0.6369047619047619,0.5043585373463466,0.0
0.1,2.7699002355306015,german_credit,8.03308046875,43,4096,3.0,ha_uniform,0.6376488095238095,0.5051099237594977,0.0
0.1,2.8037279125916106,german_credit,8.03308046875,44,4096,3.0,ha_uniform,0.6383928571428571,0.5030298803731654,0.0
0.1,2.8371387004430146,german_credit,8.03308046875,45,4096,3.0,ha_uniform,0.640625,0.5046748888298644,0.0
0.1,2.8702604682502733,german_credit,8.03308046875,46,4096,3.0,ha_uniform,0.6428571428571428,0.5061497826960627,0.0
0.1,2.903150529286365,german_credit,8.03308046875,47,4096,3.0,ha_uniform,0.6443452380952381,0.5068517996445769,0.0
0.1,2.9356734228608596,german_credit,8.03308046875,48,4096,3.0,ha_uniform,0.6436011904761905,0.5042533920947101,0.0
0.1,2.9679197888958786,german_credit,8.03308046875,49,4096,3.0,ha_uniform,0.6465773809523809,0.5091200709924331,0.0
0.1,2.999999046102365,german_credit,8.03308046875,50,4096,3.0,ha_uniform,0.6488095238095238,0.5087578656205738,0.0
0.1,0.21329672877269965,german_credit,40.695240589430014,1,4096,3.0,full_ha_dp,0.5989583333333334,0.4244082254405571,0.0
0.1,0.23415568389553948,german_credit,28.775880582804,2,4096,3.0,full_ha_dp,0.5997023809523809,0.431500005332198,0.0
0.1,0.2654441165797992,german_credit,23.495408109044,3,4096,3.0,full_ha_dp,0.6019345238095238,0.4329808272871579,0.0
0.1,0.3071620268254789,german_credit,20.347620294715007,4,4096,3.0,full_ha_dp,0.5989583333333334,0.42784274641378295,0.0
0.1,0.3571789003023462,german_credit,18.199464863734825,5,4096,3.0,full_ha_dp,0.6019345238095237,0.43304757393834825,0.0
0.1,0.40840811378621256,german_credit,16.61376240065041,6,4096,3.0,full_ha_dp,0.6026785714285714,0.43329964088733,0.0
0.1,0.4602264160720022,german_credit,15.381355163367626,7,4096,3.0,full_ha_dp,0.6056547619047619,0.43471634925063274,0.0
0.1,0.5126101897544545,german_credit,14.387940291402,8,4096,3.0,full_ha_dp,0.6063988095238095,0.43525238377808234,0.0
0.1,0.5654514684608999,german_credit,13.565080196476671,9,4096,3.0,full_ha_dp,0.6041666666666666,0.4344067779104386,0.0
0.1,0.618766202403035,german_credit,12.868965019113201,10,4096,3.0,full_ha_dp,0.6086309523809523,0.437050259861651,0.0
0.1,0.6725533626231843,german_credit,12.270076708034626,11,4096,3.0,full_ha_dp,0.6086309523809524,0.43650477586345404,0.0
0.1,0.726702293044662,german_credit,11.747704054522,12,4096,3.0,full_ha_dp,0.609375,0.43738467630781425,0.0
0.1,0.781381330954875,german_credit,11.286828970194868,13,4096,3.0,full_ha_dp,0.6086309523809523,0.43734434744992834,0.0
0.1,0.8361372067854634,german_credit,10.876260539855966,14,4096,3.0,full_ha_dp,0.6086309523809523,0.43408580044138134,0.0
0.1,0.8915668065394614,german_credit,10.507465938184435,15,4096,3.0,full_ha_dp,0.609375,0.4340434566769413,0.0
0.1,0.9472685865091947,german_credit,10.173810147357504,16,4096,3.0,full_ha_dp,0.6116071428571428,0.43890711866090204,0.0
0.1,1.0032056989100568,german_credit,9.870045612361356,17,4096,3.0,full_ha_dp,0.6116071428571428,0.4388094736087291,0.0
0.1,1.059605102896302,german_credit,9.591960194267998,18,4096,3.0,full_ha_dp,0.6108630952380952,0.4385139653344974,0.0
0.1,1.1162222668011532,german_credit,9.336128484863156,19,4096,3.0,full_ha_dp,0.6138392857142857,0.4397945664991825,0.0
0.1,1.172861114221153,german_credit,9.099732431867412,20,4096,3.0,full_ha_dp,0.6168154761904763,0.44160494878828827,0.0
0.1,1.2300132786477604,german_credit,8.88042954407154,21,4096,3.0,full_ha_dp,0.6168154761904763,0.44147123579415093,0.0
0.1,1.2881786528462973,german_credit,8.676254445930393,22,4096,3.0,full_ha_dp,0.6168154761904762,0.44090806769667035,0.0
0.1,1.3452924585397874,german_credit,8.485544246416683,23,4096,3.0,full_ha_dp,0.6160714285714286,0.44009105749689303,0.0
0.1,1.4037957731220907,german_credit,8.306881200325204,24,4096,3.0,full_ha_dp,0.6138392857142858,0.4384294340282553,0.0
0.1,1.461737315129979,german_credit,8.139048117886002,25,4096,3.0,full_ha_dp,0.6197916666666666,0.44742662417122786,0.0
0.1,1.5210141284721734,german_credit,7.980993302917568,26,4096,3.0,full_ha_dp,0.6197916666666667,0.4478411670161971,0.0
0.1,1.5791212177429417,german_credit,7.831802703014667,27,4096,3.0,full_ha_dp,0.6183035714285714,0.4469114357791133,0.0
0.1,1.6393804214311456,german_credit,7.690677581683813,28,4096,3.0,full_ha_dp,0.6190476190476191,0.44815435679875115,0.0
0.1,1.6978743184406908,german_credit,7.556916463450695,29,4096,3.0,full_ha_dp,0.6220238095238095,0.44922997785437474,0.0
0.1,1.7574713330773757,german_credit,7.429900417976883,30,4096,3.0,full_ha_dp,0.6279761904761905,0.4523300649365476,0.0
0.1,1.8190549148686173,german_credit,7.309080977116845,31,4096,3.0,full_ha_dp,0.6272321428571428,0.4523099560702637,0.0
0.1,1.8781621687391867,german_credit,7.193970145701,32,4096,3.0,full_ha_dp,0.6264880952380952,0.45245053261296453,0.0
0.1,1.937709519197008,german_credit,7.084132090361149,33,4096,3.0,full_ha_dp,0.628720238095238,0.45384096987296696,0.0
0.1,1.9983564618225236,german_credit,6.979176183121244,34,4096,3.0,full_ha_dp,0.6279761904761905,0.4537085781902701,0.0
0.1,2.059220577050654,german_credit,6.878751146271479,35,4096,3.0,full_ha_dp,0.6294642857142857,0.45445003771393994,0.0
0.1,2.120341080812935,german_credit,6.782540098238336,36,4096,3.0,full_ha_dp,0.6309523809523809,0.4553013671154096,0.0
0.1,2.181674760997187,german_credit,6.690256341050164,37,4096,3.0,full_ha_dp,0.6309523809523809,0.45564728534787496,0.0
0.1,2.243262072753887,german_credit,6.601639761675628,38,4096,3.0,full_ha_dp,0.6309523809523809,0.4557246835617964,0.0
0.1,2.305083543576888,german_credit,6.516453744239274,39,4096,3.0,full_ha_dp,0.6316964285714286,0.4558075252498428,0.0
0.1,2.3671275612205402,german_credit,6.4344825095566005,40,4096,3.0,full_ha_dp,0.6346726190476191,0.46206128692713877,0.0
0.1,2.429391359574725,german_credit,6.35552881381318,41,4096,3.0,full_ha_dp,0.6369047619047619,0.4636756210491202,0.0
0.1,2.4918821561721853,german_credit,6.279411950462346,42,4096,3.0,full_ha_dp,0.6383928571428571,0.4643560413413897,0.0
0.1,2.554618469178685,german_credit,6.205966009229461,43,4096,3.0,full_ha_dp,0.6383928571428571,0.46445329944962355,0.0
0.1,2.6175874483102666,german_credit,6.135038354017313,44,4096,3.0,full_ha_dp,0.640625,0.4662845535855309,0.0
0.1,2.6807180571774745,german_credit,6.066488287911608,45,4096,3.0,full_ha_dp,0.6391369047619048,0.46447856803341525,0.0
0.1,2.744167490300431,german_credit,6.00018587869973,46,4096,3.0,full_ha_dp,0.6413690476190477,0.4651549166423146,0.0
0.1,2.807713010649615,german_credit,5.936010922581982,47,4096,3.0,full_ha_dp,0.6428571428571428,0.4657783903711027,0.0
0.1,2.8715778170175743,german_credit,5.873852027261,48,4096,3.0,full_ha_dp,0.6443452380952381,0.4667928426922616,0.0
0.1,2.935603229901087,german_credit,5.813605798490001,49,4096,3.0,full_ha_dp,0.6473214285714286,0.4725717240026716,0.0
0.1,2.999834784606401,german_credit,5.755176116560799,50,4096,3.0,full_ha_dp,0.6510416666666666,0.49497347721451523,0.0
0.1,0.4046029095776438,german_credit,7.364601245117188,1,65537,3.0,dp_uniform,0.6473214285714286,0.4476131449222279,0.0
0.1,0.5627759041911835,german_credit,7.364601245117188,2,65537,3.0,dp_uniform,0.6502976190476191,0.4521306903192526,0.0
0.1,0.687189166325906,german_credit,7.364601245117188,3,65537,3.0,dp_uniform,0.6458333333333333,0.44770440565775405,0.0
0.1,0.7932520365200877,german_credit,7.364601245117188,4,65537,3.0,dp_uniform,0.6465773809523809,0.44937148268783556,0.0
0.1,0.8883651324141612,german_credit,7.364601245117188,5,65537,3.0,dp_uniform,0.6428571428571429,0.4446175183550669,0.0
0.1,0.9745042017311369,german_credit,7.364601245117188,6,65537,3.0,dp_uniform,0.6436011904761905,0.4460933891608444,0.0
0.1,1.0546781088140647,german_credit,7.364601245117188,7,65537,3.0,dp_uniform,0.6376488095238095,0.4353774367786161,0.0
0.1,1.1301418318234602,german_credit,7.364601245117188,8,65537,3.0,dp_uniform,0.6369047619047619,0.4341111171159424,0.0
0.1,1.2014187120241542,german_credit,7.364601245117188,9,65537,3.0,dp_uniform,0.6339285714285714,0.4133144049206308,0.0
0.1,1.2684497026500112,german_credit,7.364601245117188,10,65537,3.0,dp_uniform,0.6339285714285714,0.41437321824134893,0.0
0.1,1.3344128455777526,german_credit,7.364601245117188,11,65537,3.0,dp_uniform,0.6391369047619048,0.41700172058546225,0.0
0.1,1.3952120162709858,german_credit,7.364601245117188,12,65537,3.0,dp_uniform,0.6391369047619048,0.41700172058546225,0.0
0.1,1.456011186964219,german_credit,7.364601245117188,13,65537,3.0,dp_uniform,0.6428571428571429,0.4241817663855769,0.0
0.1,1.5133227013120947,german_credit,7.364601245117188,14,65537,3.0,dp_uniform,0.6436011904761906,0.4246173064552633,0.0
0.1,1.5690087795337617,german_credit,7.364601245117188,15,65537,3.0,dp_uniform,0.6488095238095238,0.42704715605909815,0.0
0.1,1.6246948577554288,german_credit,7.364601245117188,16,65537,3.0,dp_uniform,0.6495535714285715,0.44950715098152916,0.0
0.1,1.678032343604976,german_credit,7.364601245117188,17,65537,3.0,dp_uniform,0.6502976190476192,0.4382286761931733,0.0
0.1,1.728186919027972,german_credit,7.364601245117188,18,65537,3.0,dp_uniform,0.6517857142857143,0.4386483286708157,0.0
0.1,1.778285957357981,german_credit,7.364601245117188,19,65537,3.0,dp_uniform,0.650297619047619,0.42974638608273535,0.0
0.1,1.827499389763023,german_credit,7.364601245117188,20,65537,3.0,dp_uniform,0.6480654761904762,0.42602857122991045,0.0
0.1,1.8756586747963904,german_credit,7.364601245117188,21,65537,3.0,dp_uniform,0.6473214285714287,0.4266514090568373,0.0
0.1,1.9228310984923631,german_credit,7.364601245117188,22,65537,3.0,dp_uniform,0.6517857142857143,0.43542098569699395,0.0
0.1,1.9690891829512815,german_credit,7.364601245117188,23,65537,3.0,dp_uniform,0.6517857142857143,0.4338424302333158,0.0
0.1,2.014503509461658,german_credit,7.364601245117188,24,65537,3.0,dp_uniform,0.6473214285714285,0.42913908667147155,0.0
0.1,2.0590489497390863,german_credit,7.364601245117188,25,65537,3.0,dp_uniform,0.6488095238095238,0.4306577903593514,0.0
0.1,2.10289001007621,german_credit,7.364601245117188,26,65537,3.0,dp_uniform,0.6480654761904762,0.4274788867517889,0.0
0.1,2.145957642235432,german_credit,7.364601245117188,27,65537,3.0,dp_uniform,0.6473214285714285,0.42729444677861655,0.0
0.1,2.1883992179561558,german_credit,7.364601245117188,28,65537,3.0,dp_uniform,0.6465773809523809,0.4254509053659221,0.0
0.1,2.2301579008652244,german_credit,7.364601245117188,29,65537,3.0,dp_uniform,0.6540178571428571,0.43036237964869284,0.0
0.1,2.271295481124615,german_credit,7.364601245117188,30,65537,3.0,dp_uniform,0.6495535714285714,0.4257710611355112,0.0
0.1,2.311868232146746,german_credit,7.364601245117188,31,65537,3.0,dp_uniform,0.6584821428571428,0.4337054052527298,0.0
0.1,2.3518933922450427,german_credit,7.364601245117188,32,65537,3.0,dp_uniform,0.6622023809523809,0.4372780536866716,0.0
0.1,2.3913889915451896,german_credit,7.364601245117188,33,65537,3.0,dp_uniform,0.6659226190476191,0.44054428571402715,0.0
0.1,2.4303739054491174,german_credit,7.364601245117188,34,65537,3.0,dp_uniform,0.6651785714285714,0.4390012283355676,0.0
0.1,2.4688679124260706,german_credit,7.364601245117188,35,65537,3.0,dp_uniform,0.6674107142857143,0.439535763285572,0.0
0.1,2.5068917565347615,german_credit,7.364601245117188,36,65537,3.0,dp_uniform,0.6659226190476191,0.4390113245181152,0.0
0.1,2.5444672151447967,german_credit,7.364601245117188,37,65537,3.0,dp_uniform,0.6696428571428571,0.44094216034502964,0.0
0.1,2.581617172363142,german_credit,7.364601245117188,38,65537,3.0,dp_uniform,0.6659226190476191,0.43781874016020594,0.0
0.1,2.6183656987308184,german_credit,7.364601245117188,39,65537,3.0,dp_uniform,0.6688988095238096,0.44142285261117187,0.0
0.1,2.654738137827267,german_credit,7.364601245117188,40,65537,3.0,dp_uniform,0.6726190476190476,0.4438400876745763,0.0
0.1,2.6907538620768103,german_credit,7.364601245117188,41,65537,3.0,dp_uniform,0.675595238095238,0.4455830056455644,0.0
0.1,2.7263004188615443,german_credit,7.364601245117188,42,65537,3.0,dp_uniform,0.6770833333333335,0.4456903028570274,0.0
0.1,2.7615264944285447,german_credit,7.364601245117188,43,65537,3.0,dp_uniform,0.6755952380952381,0.4446624683547305,0.0
0.1,2.796461849260909,german_credit,7.364601245117188,44,65537,3.0,dp_uniform,0.6755952380952381,0.4512183160743713,0.0
0.1,2.831050197396722,german_credit,7.364601245117188,45,65537,3.0,dp_uniform,0.6778273809523809,0.4531887497064313,0.0
0.1,2.8652519275847697,german_credit,7.364601245117188,46,65537,3.0,dp_uniform,0.6800595238095237,0.4587450992521961,0.0
0.1,2.8992284120647165,german_credit,7.364601245117188,47,65537,3.0,dp_uniform,0.6741071428571428,0.4531657878815837,0.0
0.1,2.9328687319261144,german_credit,7.364601245117188,48,65537,3.0,dp_uniform,0.6659226190476191,0.44550408886037796,0.0
0.1,2.9661823012230233,german_credit,7.364601245117188,49,65537,3.0,dp_uniform,0.665922619047619,0.4444790275565328,0.0
0.1,2.9998822110524976,german_credit,7.364601245117188,50,65537,3.0,dp_uniform,0.6577380952380953,0.4375020554419295,0.0
0.1,0.11394700822522269,german_credit,37.32648907475315,1,65537,3.0,scheduler,0.6436011904761905,0.446537371389015,0.0
0.1,0.1361065222531086,german_credit,26.393813542643535,2,65537,3.0,scheduler,0.6443452380952381,0.45235172530246415,0.0
0.1,0.16934579329493749,german_credit,21.550458515212352,3,65537,3.0,scheduler,0.6443452380952381,0.4521362400269131,0.0
0.1,0.2136648213507093,german_credit,18.663244537376574,4,65537,3.0,scheduler,0.6480654761904762,0.45002981909075196,0.0
0.1,0.2657230445763909,german_credit,16.692913386510252,5,65537,3.0,scheduler,0.6413690476190477,0.440407440602506,0.0
0.1,0.3186587821263203,german_credit,15.238475353786033,6,65537,3.0,scheduler,0.6421130952380952,0.4436139993424294,0.0
0.1,0.37218901684257044,german_credit,14.10808677242375,7,65537,3.0,scheduler,0.640625,0.4426343524915825,0.0
0.1,0.42631002522053363,german_credit,13.196906771321768,8,65537,3.0,scheduler,0.6324404761904762,0.433874981341601,0.0
0.1,0.48090710186067964,german_credit,12.442163024917715,9,65537,3.0,scheduler,0.6302083333333334,0.41050979899809514,0.0
0.1,0.5359973220876351,german_credit,11.803672253361096,10,65537,3.0,scheduler,0.6316964285714285,0.41088645467982876,0.0
0.1,0.5916282265638603,german_credit,11.254359909296024,11,65537,3.0,scheduler,0.6346726190476191,0.4128926945794968,0.0
0.1,0.647635098278261,german_credit,10.775229257606176,12,65537,3.0,scheduler,0.6361607142857144,0.4113780471263084,0.0
0.1,0.7039243519756737,german_credit,10.352505407082221,13,65537,3.0,scheduler,0.6354166666666666,0.4114799612697264,0.0
0.1,0.7607797897150115,german_credit,9.975923826349065,14,65537,3.0,scheduler,0.6376488095238095,0.41970829310971575,0.0
0.1,0.8178202677506267,german_credit,9.6376580372608,15,65537,3.0,scheduler,0.6406250000000001,0.4175280266087209,0.0
0.1,0.8753441438244753,german_credit,9.331622268688287,16,65537,3.0,scheduler,0.6436011904761905,0.4445509006835602,0.0
0.1,0.933211450790763,german_credit,9.053003358157108,17,65537,3.0,scheduler,0.6465773809523809,0.4361427913842256,0.0
0.1,0.9913758990052851,german_credit,8.797937847547844,18,65537,3.0,scheduler,0.6450892857142858,0.43392837156806163,0.0
0.1,1.049914769153957,german_credit,8.563283883895998,19,65537,3.0,scheduler,0.6458333333333334,0.42784489874624526,0.0
0.1,1.1090709691214165,german_credit,8.346456693255126,20,65537,3.0,scheduler,0.6428571428571429,0.4213654008481873,0.0
0.1,1.1681630065291122,german_credit,8.14530769580945,21,65537,3.0,scheduler,0.6436011904761905,0.4257970462468138,0.0
0.1,1.2273502484387568,german_credit,7.958034209777237,22,65537,3.0,scheduler,0.6458333333333333,0.4265307751861209,0.0
0.1,1.2880251082770158,german_credit,7.783110998229954,23,65537,3.0,scheduler,0.6443452380952381,0.4241872676388633,0.0
0.1,1.3471477366236269,german_credit,7.619237676893016,24,65537,3.0,scheduler,0.640625,0.4193444615550096,0.0
0.1,1.4086691645221723,german_credit,7.465297814950628,25,65537,3.0,scheduler,0.6428571428571429,0.4206630514550319,0.0
0.1,1.468112940247771,german_credit,7.320326775618239,26,65537,3.0,scheduler,0.6413690476190476,0.41920777733452125,0.0
0.1,1.5298430150397389,german_credit,7.183486171737449,27,65537,3.0,scheduler,0.6383928571428572,0.4169551227749496,0.0
0.1,1.5905521486203438,german_credit,7.054043386211875,28,65537,3.0,scheduler,0.6428571428571429,0.4192995735187538,0.0
0.1,1.6517546159354572,german_credit,6.931355011698318,29,65537,3.0,scheduler,0.6421130952380952,0.41740016258275237,0.0
0.1,1.7150675131579884,german_credit,6.814853352904146,30,65537,3.0,scheduler,0.6443452380952381,0.42345148246376096,0.0
0.1,1.7762235823693024,german_credit,6.704035343870151,31,65537,3.0,scheduler,0.650297619047619,0.43024430604090647,0.0
0.1,1.8375667450115771,german_credit,6.598453385660884,32,65537,3.0,scheduler,0.6517857142857143,0.4295888833222473,0.0
0.1,1.9000734154612187,german_credit,6.497707723188992,33,65537,3.0,scheduler,0.652529761904762,0.43041919733190914,0.0
0.1,1.9628332662547132,german_credit,6.401440064657477,34,65537,3.0,scheduler,0.6532738095238094,0.4306596049905911,0.0
0.1,2.02582632073471,german_credit,6.309328211121022,35,65537,3.0,scheduler,0.6540178571428571,0.4307929630254584,0.0
0.1,2.0890911881641285,german_credit,6.221081512458857,36,65537,3.0,scheduler,0.6569940476190476,0.4327984048000868,0.0
0.1,2.1526214389611615,german_credit,6.136437003553899,37,65537,3.0,scheduler,0.6636904761904762,0.4363224354683104,0.0
0.1,2.216356267726092,german_credit,6.055156103528337,38,65537,3.0,scheduler,0.6614583333333334,0.43611269663789565,0.0
0.1,2.280348484230908,german_credit,5.977021783565975,39,65537,3.0,scheduler,0.6636904761904762,0.4390329058049165,0.0
0.1,2.3445939683597574,german_credit,5.901836126680548,40,65537,3.0,scheduler,0.6696428571428572,0.4422163772466378,0.0
0.1,2.4090962467163126,german_credit,5.829418216898154,41,65537,3.0,scheduler,0.671875,0.4441798296251682,0.0
0.1,2.4737770858650197,german_credit,5.759602306557835,42,65537,3.0,scheduler,0.671875,0.4433698802961762,0.0
0.1,2.53871533770467,german_credit,5.692236219435442,43,65537,3.0,scheduler,0.6703869047619048,0.44132315985592324,0.0
0.1,2.6039507741228727,german_credit,5.627179954648012,44,65537,3.0,scheduler,0.6726190476190477,0.44377469895040755,0.0
0.1,2.6693249947035333,german_credit,5.5643044621700835,45,65537,3.0,scheduler,0.6763392857142858,0.44622876192166816,0.0
0.1,2.735025654457894,german_credit,5.5034905655760005,46,65537,3.0,scheduler,0.6726190476190477,0.4519678431784127,0.0
0.1,2.8008584963782286,german_credit,5.444628011535121,47,65537,3.0,scheduler,0.6741071428571428,0.45219528689876254,0.0
0.1,2.8670117543158278,german_credit,5.387614628803088,48,65537,3.0,scheduler,0.6696428571428572,0.44982791127734134,0.0
0.1,2.9333507288022624,german_credit,5.332355582107592,49,65537,3.0,scheduler,0.6674107142857142,0.4455312418940775,0.0
0.1,2.9998822110524985,german_credit,5.278762708528705,50,65537,3.0,scheduler,0.6636904761904762,0.4406041649819132,0.0
0.1,0.49000905407590967,german_credit,7.58704248046875,1,65537,3.0,ha_uniform,0.6495535714285714,0.4457454660679368,0.0
0.1,0.6431990390300479,german_credit,7.58704248046875,2,65537,3.0,ha_uniform,0.6577380952380952,0.46413530417094545,0.0
0.1,0.7634798351378512,german_credit,7.58704248046875,3,65537,3.0,ha_uniform,0.6592261904761905,0.4640689976607392,0.0
0.1,0.8664200564647988,german_credit,7.58704248046875,4,65537,3.0,ha_uniform,0.6599702380952381,0.4343521891281894,0.0
0.1,0.9580411279122474,german_credit,7.58704248046875,5,65537,3.0,ha_uniform,0.6569940476190477,0.43403651679953525,0.0
0.1,1.0419390502109949,german_credit,7.58704248046875,6,65537,3.0,ha_uniform,0.6614583333333334,0.44159217989306265,0.0
0.1,1.1196687199543418,german_credit,7.58704248046875,7,65537,3.0,ha_uniform,0.6622023809523809,0.435269570968454,0.0
0.1,1.1922316045894161,german_credit,7.58704248046875,8,65537,3.0,ha_uniform,0.6592261904761905,0.4258478995213402,0.0
0.1,1.2608461881671917,german_credit,7.58704248046875,9,65537,3.0,ha_uniform,0.6599702380952381,0.4272121043722865,0.0
0.1,1.3270372027411252,german_credit,7.58704248046875,10,65537,3.0,ha_uniform,0.6629464285714286,0.4306377506685011,0.0
0.1,1.3888911961124948,german_credit,7.58704248046875,11,65537,3.0,ha_uniform,0.671875,0.44093893405104406,0.0
0.1,1.4497834114483736,german_credit,7.58704248046875,12,65537,3.0,ha_uniform,0.6763392857142858,0.4416761739391949,0.0
0.1,1.5067968650730557,german_credit,7.58704248046875,13,65537,3.0,ha_uniform,0.6837797619047619,0.45562912491723795,0.0
0.1,1.5638103186977377,german_credit,7.58704248046875,14,65537,3.0,ha_uniform,0.6867559523809523,0.4581000033420307,0.0
0.1,1.6173942330645592,german_credit,7.58704248046875,15,65537,3.0,ha_uniform,0.6897321428571428,0.45408870716306465,0.0
0.1,1.6696393415216129,german_credit,7.58704248046875,16,65537,3.0,ha_uniform,0.6927083333333334,0.4557618221213997,0.0
0.1,1.7218844499786665,german_credit,7.58704248046875,17,65537,3.0,ha_uniform,0.7008928571428571,0.473644955483679,0.0
0.1,1.7728611320586474,german_credit,7.58704248046875,18,65537,3.0,ha_uniform,0.7016369047619047,0.47270388847053646,0.0
0.1,1.8199420526500143,german_credit,7.58704248046875,19,65537,3.0,ha_uniform,0.7046130952380952,0.47304947350132237,0.0
0.1,1.8670229732413812,german_credit,7.58704248046875,20,65537,3.0,ha_uniform,0.7083333333333331,0.470903667953093,0.0
0.1,1.9135955579794142,german_credit,7.58704248046875,21,65537,3.0,ha_uniform,0.7068452380952381,0.47276232764424764,0.0
0.1,1.9592091793133652,german_credit,7.58704248046875,22,65537,3.0,ha_uniform,0.7120535714285714,0.4779402402808507,0.0
0.1,2.003927589279015,german_credit,7.58704248046875,23,65537,3.0,ha_uniform,0.7142857142857143,0.47776609911746387,0.0
0.1,2.0478195104430843,german_credit,7.58704248046875,24,65537,3.0,ha_uniform,0.7187499999999999,0.48346535324496553,0.0
0.1,2.0909370405508154,german_credit,7.58704248046875,25,65537,3.0,ha_uniform,0.724702380952381,0.48852401303614973,0.0
0.1,2.1332714143155536,german_credit,7.58704248046875,26,65537,3.0,ha_uniform,0.7284226190476191,0.4952069174680731,0.0
0.1,2.1749682781448194,german_credit,7.58704248046875,27,65537,3.0,ha_uniform,0.7388392857142856,0.5182429592949043,0.0
0.1,2.215937893725337,german_credit,7.58704248046875,28,65537,3.0,ha_uniform,0.7455357142857143,0.5251553855624054,0.0
0.1,2.2563195416661217,german_credit,7.58704248046875,29,65537,3.0,ha_uniform,0.7440476190476191,0.5248639321902776,0.0
0.1,2.296136768945437,german_credit,7.58704248046875,30,65537,3.0,ha_uniform,0.7455357142857143,0.5285689601587495,0.0
0.1,2.3353286288275723,german_credit,7.58704248046875,31,65537,3.0,ha_uniform,0.7552083333333333,0.5346281074034009,0.0
0.1,2.3739940662430694,german_credit,7.58704248046875,32,65537,3.0,ha_uniform,0.7626488095238095,0.5421314485095676,0.0
0.1,2.4121553319641653,german_credit,7.58704248046875,33,65537,3.0,ha_uniform,0.7581845238095238,0.536027299596694,0.0
0.1,2.4498294003340435,german_credit,7.58704248046875,34,65537,3.0,ha_uniform,0.7641369047619048,0.5351534084682201,0.0
0.1,2.4870340389622245,german_credit,7.58704248046875,35,65537,3.0,ha_uniform,0.7678571428571429,0.5469802750785954,0.0
0.1,2.523787862178634,german_credit,7.58704248046875,36,65537,3.0,ha_uniform,0.7641369047619048,0.5460201576991051,0.0
0.1,2.5601103888130337,german_credit,7.58704248046875,37,65537,3.0,ha_uniform,0.761904761904762,0.5427455335439596,0.0
0.1,2.5960221047101633,german_credit,7.58704248046875,38,65537,3.0,ha_uniform,0.7671130952380952,0.5541901772226872,0.0
0.1,2.631544530439898,german_credit,7.58704248046875,39,65537,3.0,ha_uniform,0.7708333333333334,0.5540558063103906,0.07692307692307693
0.1,2.6667002947136003,german_credit,7.58704248046875,40,65537,3.0,ha_uniform,0.7730654761904762,0.5524314968337891,0.07692307692307693
0.1,2.7014497160143818,german_credit,7.58704248046875,41,65537,3.0,ha_uniform,0.7745535714285715,0.5567196123943616,0.07692307692307693
0.1,2.7358149807771404,german_credit,7.58704248046875,42,65537,3.0,ha_uniform,0.775297619047619,0.5589914709018524,0.07692307692307693
0.1,2.7699002355306015,german_credit,7.58704248046875,43,65537,3.0,ha_uniform,0.7723214285714285,0.5549957272673676,0.07407407407407407
0.1,2.8037279125916106,german_credit,7.58704248046875,44,65537,3.0,ha_uniform,0.7730654761904762,0.5557222881380388,0.07142857142857142
0.1,2.8371387004430146,german_credit,7.58704248046875,45,65537,3.0,ha_uniform,0.7730654761904762,0.5578541214874033,0.13793103448275862
0.1,2.8702604682502733,german_credit,7.58704248046875,46,65537,3.0,ha_uniform,0.7738095238095238,0.5576432483497009,0.13793103448275862
0.1,2.903150529286365,german_credit,7.58704248046875,47,65537,3.0,ha_uniform,0.7752976190476191,0.5611904785953007,0.2
0.1,2.9356734228608596,german_credit,7.58704248046875,48,65537,3.0,ha_uniform,0.7752976190476191,0.5600654643248955,0.2
0.1,2.9679197888958786,german_credit,7.58704248046875,49,65537,3.0,ha_uniform,0.7782738095238095,0.562658927404175,0.2
0.1,2.999999046102365,german_credit,7.58704248046875,50,65537,3.0,ha_uniform,0.777529761904762,0.56141281240806,0.2
0.1,0.21329672877269965,german_credit,38.45173456520571,1,65537,3.0,full_ha_dp,0.6436011904761905,0.4467578805229367,0.0
0.1,0.23415568389553948,german_credit,27.189482259442123,2,65537,3.0,full_ha_dp,0.6502976190476191,0.4574115827176346,0.0
0.1,0.2654441165797992,german_credit,22.200119302029556,3,65537,3.0,full_ha_dp,0.6450892857142857,0.452158036024209,0.0
0.1,0.3071620268254789,german_credit,19.225867282602856,4,65537,3.0,full_ha_dp,0.6450892857142858,0.44643026179676315,0.0
0.1,0.3571789003023462,german_credit,17.196138468115656,5,65537,3.0,full_ha_dp,0.6398809523809523,0.44230658032589704,0.0
0.1,0.40840811378621256,german_credit,15.697854901615461,6,65537,3.0,full_ha_dp,0.6398809523809524,0.44207546663540753,0.0
0.1,0.4602264160720022,german_credit,14.53338959122866,7,65537,3.0,full_ha_dp,0.6450892857142858,0.4523549219598516,0.0
0.1,0.5126101897544545,german_credit,13.594741129721061,8,65537,3.0,full_ha_dp,0.6391369047619048,0.4180881779416906,0.0
0.1,0.5654514684608999,german_credit,12.81724485506857,9,65537,3.0,full_ha_dp,0.6391369047619048,0.4129004473165612,0.0
0.1,0.618766202403035,german_credit,12.15950612102743,10,65537,3.0,full_ha_dp,0.6391369047619048,0.412877579376421,0.0
0.1,0.6725533626231843,german_credit,11.593634190102442,11,65537,3.0,full_ha_dp,0.6383928571428571,0.40944008479237504,0.0
0.1,0.726702293044662,german_credit,11.100059651014778,12,65537,3.0,full_ha_dp,0.6406249999999999,0.4075215785452366,0.0
0.1,0.781381330954875,german_credit,10.664592354260016,13,65537,3.0,full_ha_dp,0.6398809523809524,0.4066030245542551,0.0
0.1,0.8361372067854634,german_credit,10.276658333583772,14,65537,3.0,full_ha_dp,0.6473214285714286,0.4183260831995008,0.0
0.1,0.8915668065394614,german_credit,9.928195173588653,15,65537,3.0,full_ha_dp,0.6502976190476191,0.41424880473550807,0.0
0.1,0.9472685865091947,german_credit,9.612933641301428,16,65537,3.0,full_ha_dp,0.6540178571428571,0.42984383527959197,0.0
0.1,1.0032056989100568,german_credit,9.325915476503335,17,65537,3.0,full_ha_dp,0.6599702380952381,0.43026821870801407,0.0
0.1,1.059605102896302,german_credit,9.063160753147372,18,65537,3.0,full_ha_dp,0.6607142857142857,0.42934994606773264,0.0
0.1,1.1162222668011532,german_credit,8.821432903872713,19,65537,3.0,full_ha_dp,0.6607142857142858,0.4303544076462208,0.0
0.1,1.172861114221153,german_credit,8.598069234057828,20,65537,3.0,full_ha_dp,0.6636904761904762,0.43055591009353245,0.0
0.1,1.2300132786477604,german_credit,8.390856392733571,21,65537,3.0,full_ha_dp,0.6636904761904762,0.43093975141729624,0.0
0.1,1.2881786528462973,german_credit,8.197937354417643,22,65537,3.0,full_ha_dp,0.6674107142857143,0.4315037529567137,0.0
0.1,1.3452924585397874,german_credit,8.017740902342036,23,65537,3.0,full_ha_dp,0.6703869047619048,0.4323458445054555,0.0
0.1,1.4037957731220907,german_credit,7.8489274508077305,24,65537,3.0,full_ha_dp,0.6688988095238095,0.431130083900615,0.0
0.1,1.461737315129979,german_credit,7.6903469130411395,25,65537,3.0,full_ha_dp,0.6778273809523809,0.44327994545356564,0.0
0.1,1.5210141284721734,german_credit,7.541005572287465,26,65537,3.0,full_ha_dp,0.6778273809523809,0.4380792228375748,0.0
0.1,1.5791212177429417,german_credit,7.400039767343183,27,65537,3.0,full_ha_dp,0.6808035714285714,0.4445616729488246,0.0
0.1,1.6393804214311456,german_credit,7.26669479561433,28,65537,3.0,full_ha_dp,0.6904761904761906,0.45163850109712783,0.0
0.1,1.6978743184406908,german_credit,7.140307853580109,29,65537,3.0,full_ha_dp,0.6964285714285714,0.45706795699613245,0.0
0.1,1.7574713330773757,german_credit,7.020294132188089,30,65537,3.0,full_ha_dp,0.6949404761904762,0.45719111005792296,0.0
0.1,1.8190549148686173,german_credit,6.906135400037149,31,65537,3.0,full_ha_dp,0.6979166666666666,0.4592715048203658,0.0
0.1,1.8781621687391867,german_credit,6.797370564860531,32,65537,3.0,full_ha_dp,0.706845238095238,0.46926181928438115,0.0
0.1,1.937709519197008,german_credit,6.693587820541694,33,65537,3.0,full_ha_dp,0.7038690476190476,0.4653812158701168,0.0
0.1,1.9983564618225236,german_credit,6.594418074208081,34,65537,3.0,full_ha_dp,0.7023809523809524,0.4643884118534937,0.0
0.1,2.059220577050654,german_credit,6.499529413895033,35,65537,3.0,full_ha_dp,0.7083333333333334,0.4700662607591253,0.0
0.1,2.120341080812935,german_credit,6.408622427534285,36,65537,3.0,full_ha_dp,0.7046130952380952,0.46706141596763817,0.0
0.1,2.181674760997187,german_credit,6.32142622265422,37,65537,3.0,full_ha_dp,0.7105654761904763,0.479983689643838,0.0
0.1,2.243262072753887,german_credit,6.237695026110533,38,65537,3.0,full_ha_dp,0.712797619047619,0.48211624094425265,0.0
0.1,2.305083543576888,german_credit,6.157205266529645,39,65537,3.0,full_ha_dp,0.7165178571428571,0.4786572566820886,0.0
0.1,2.3671275612205402,german_credit,6.079753060513715,40,65537,3.0,full_ha_dp,0.7239583333333334,0.4836879848228457,0.0
0.1,2.429391359574725,german_credit,6.00515203819032,41,65537,3.0,full_ha_dp,0.7269345238095238,0.4879853564096389,0.0
0.1,2.4918821561721853,german_credit,5.933231455264402,42,65537,3.0,full_ha_dp,0.7269345238095238,0.48721801066326337,0.0
0.1,2.554618469178685,german_credit,5.863834548002669,43,65537,3.0,full_ha_dp,0.7313988095238095,0.4905979096313976,0.0
0.1,2.6175874483102666,german_credit,5.796817095051221,44,65537,3.0,full_ha_dp,0.7313988095238095,0.4942270163128299,0.0
0.1,2.6807180571774745,german_credit,5.732046156038552,45,65537,3.0,full_ha_dp,0.7328869047619048,0.5026151955576132,0.0
0.1,2.744167490300431,german_credit,5.669398961842803,46,65537,3.0,full_ha_dp,0.7328869047619048,0.5063712107993463,0.0
0.1,2.807713010649615,german_credit,5.608761935433028,47,65537,3.0,full_ha_dp,0.7358630952380952,0.5091436566352507,0.0
0.1,2.8715778170175743,german_credit,5.550029825507389,48,65537,3.0,full_ha_dp,0.7388392857142857,0.5098387018930737,0.0
0.1,2.935603229901087,german_credit,5.49310493788653,49,65537,3.0,full_ha_dp,0.7373511904761905,0.4992596975640693,0.0
0.1,2.999834784606401,german_credit,5.437896451888424,50,65537,3.0,full_ha_dp,0.7351190476190476,0.49698933135406387,0.0
