alpha,composed_epsilon,dataset,mean_noise_multiplier,round,seed,target_epsilon,v5_variant,validation_auc,validation_auprc,validation_f1_fixed_0_5
0.5,1.1099812400819031,give_me_some_credit,2.235426794433594,1,42,3.0,ha_uniform,0.6646775519675538,0.13667260497069034,0.0
0.5,1.1715604974801082,give_me_some_credit,2.235426794433594,2,42,3.0,ha_uniform,0.6465752590304914,0.1113486663998953,0.0
0.5,1.2249961177478537,give_me_some_credit,2.235426794433594,3,42,3.0,ha_uniform,0.6847123016712551,0.1330527120218492,0.0
0.5,1.2751066178967763,give_me_some_credit,2.235426794433594,4,42,3.0,ha_uniform,0.7340435636217546,0.1761514176326792,0.0
0.5,1.3221653146873447,give_me_some_credit,2.235426794433594,5,42,3.0,ha_uniform,0.7646273782413051,0.21580438495402532,0.0
0.5,1.3685953742896384,give_me_some_credit,2.235426794433594,6,42,3.0,ha_uniform,0.7857788441024605,0.2509687704004731,0.0
0.5,1.4132747272258837,give_me_some_credit,2.235426794433594,7,42,3.0,ha_uniform,0.8007243455925288,0.2759604287634883,0.0
0.5,1.4578711059964071,give_me_some_credit,2.235426794433594,8,42,3.0,ha_uniform,0.8092981958392107,0.29180907505201903,0.0
0.5,1.5008629256091073,give_me_some_credit,2.235426794433594,9,42,3.0,ha_uniform,0.8166864607547036,0.30408228834734,0.0
0.5,1.5438547452218074,give_me_some_credit,2.235426794433594,10,42,3.0,ha_uniform,0.8222663113603739,0.3135403613763325,0.0
0.5,1.5862160052543677,give_me_some_credit,2.235426794433594,11,42,3.0,ha_uniform,0.825787714140261,0.31926036532940616,0.0
0.5,1.627899560966892,give_me_some_credit,2.235426794433594,12,42,3.0,ha_uniform,0.8288003090149247,0.32389742884084327,0.0
0.5,1.6695831166794164,give_me_some_credit,2.235426794433594,13,42,3.0,ha_uniform,0.8312508713036126,0.32715470138510405,0.0
0.5,1.7105854854325127,give_me_some_credit,2.235426794433594,14,42,3.0,ha_uniform,0.8337049967508446,0.3302025782717915,0.0
0.5,1.7512120655855952,give_me_some_credit,2.235426794433594,15,42,3.0,ha_uniform,0.8357341598673437,0.33284130082941316,0.0
0.5,1.7918386457386772,give_me_some_credit,2.235426794433594,16,42,3.0,ha_uniform,0.8370813678431176,0.3350152690168382,0.0
0.5,1.8318506155666339,give_me_some_credit,2.235426794433594,17,42,3.0,ha_uniform,0.8378967187318364,0.33618073273971955,0.0
0.5,1.8715889043976193,give_me_some_credit,2.235426794433594,18,42,3.0,ha_uniform,0.8390086468949969,0.33740269553322433,0.0
0.5,1.9113271932286044,give_me_some_credit,2.235426794433594,19,42,3.0,ha_uniform,0.8400544339276831,0.33845701662679106,0.0
0.5,1.9504662523557015,give_me_some_credit,2.235426794433594,20,42,3.0,ha_uniform,0.8412214796995724,0.33990209095341734,0.0
0.5,1.9894310463470697,give_me_some_credit,2.235426794433594,21,42,3.0,ha_uniform,0.841863516329733,0.3415663295559541,0.0
0.5,2.028392916452407,give_me_some_credit,2.235426794433594,22,42,3.0,ha_uniform,0.8426039295403213,0.34167800712503854,0.0
0.5,2.0666634774574058,give_me_some_credit,2.235426794433594,23,42,3.0,ha_uniform,0.843817185024579,0.34384445341909775,0.0
0.5,2.1049340384624045,give_me_some_credit,2.235426794433594,24,42,3.0,ha_uniform,0.8445441807162749,0.34570553888339467,0.0
0.5,2.1429238683434817,give_me_some_credit,2.235426794433594,25,42,3.0,ha_uniform,0.8450407402640033,0.3470570459371056,0.0
0.5,2.180555770011876,give_me_some_credit,2.235426794433594,26,42,3.0,ha_uniform,0.8454163194442897,0.34758994280708194,0.0
0.5,2.218131467584518,give_me_some_credit,2.235426794433594,27,42,3.0,ha_uniform,0.8459323093409536,0.3488577931128412,0.0
0.5,2.2551643180530654,give_me_some_credit,2.235426794433594,28,42,3.0,ha_uniform,0.8462722569357995,0.34916806874413614,0.0
0.5,2.2921971685216134,give_me_some_credit,2.235426794433594,29,42,3.0,ha_uniform,0.8462616788088718,0.34879349794607106,0.0
0.5,2.3286886997186493,give_me_some_credit,2.235426794433594,30,42,3.0,ha_uniform,0.8468117970834657,0.3486400148757438,0.0
0.5,2.3651512262850263,give_me_some_credit,2.235426794433594,31,42,3.0,ha_uniform,0.8475181375904765,0.34914646701350427,0.0
0.5,2.4010800663967427,give_me_some_credit,2.235426794433594,32,42,3.0,ha_uniform,0.847496758639212,0.3487845575640107,0.0
0.5,2.4369275032930022,give_me_some_credit,2.235426794433594,33,42,3.0,ha_uniform,0.8475833322569626,0.34894554249436577,0.0
0.5,2.472307836623293,give_me_some_credit,2.235426794433594,34,42,3.0,ha_uniform,0.8478647661075923,0.35005742893257524,0.0
0.5,2.5074966392873326,give_me_some_credit,2.235426794433594,35,42,3.0,ha_uniform,0.8479539564198987,0.3495528409523168,0.0
0.5,2.5423561868048714,give_me_some_credit,2.235426794433594,36,42,3.0,ha_uniform,0.848784562081134,0.35035847114285396,0.0
0.5,2.5768726684608776,give_me_some_credit,2.235426794433594,37,42,3.0,ha_uniform,0.8491492290883793,0.3502981886831313,0.0
0.5,2.6112178331036167,give_me_some_credit,2.235426794433594,38,42,3.0,ha_uniform,0.849524641245609,0.3494275620559659,0.0
0.5,2.6450629444407237,give_me_some_credit,2.235426794433594,39,42,3.0,ha_uniform,0.8497001268039047,0.34941965828793453,0.0
0.5,2.678733769501144,give_me_some_credit,2.235426794433594,40,42,3.0,ha_uniform,0.8501946264005997,0.34957089516354023,0.0
0.5,2.7120819382084838,give_me_some_credit,2.235426794433594,41,42,3.0,ha_uniform,0.8504748910898322,0.34913378617537255,0.0
0.5,2.745093414020846,give_me_some_credit,2.235426794433594,42,42,3.0,ha_uniform,0.8506683037895527,0.3494307300906064,0.0
0.5,2.7779499968962753,give_me_some_credit,2.235426794433594,43,42,3.0,ha_uniform,0.8510266239206414,0.34978470107993254,0.0
0.5,2.8103228302037015,give_me_some_credit,2.235426794433594,44,42,3.0,ha_uniform,0.8509284143632702,0.35007498213388505,0.0
0.5,2.8425655811498185,give_me_some_credit,2.235426794433594,45,42,3.0,ha_uniform,0.8513051070306017,0.35107559687853496,0.0
0.5,2.874452158002647,give_me_some_credit,2.235426794433594,46,42,3.0,ha_uniform,0.8520376701575227,0.352495402835572,0.0
0.5,2.9061080643252946,give_me_some_credit,2.235426794433594,47,42,3.0,ha_uniform,0.8520872203310265,0.35209049869506837,0.0
0.5,2.9375151818906455,give_me_some_credit,2.235426794433594,48,42,3.0,ha_uniform,0.8524425340470932,0.3510758452606322,0.0
0.5,2.96861819201173,give_me_some_credit,2.235426794433594,49,42,3.0,ha_uniform,0.8526687389402899,0.3519589230333943,0.0
0.5,2.999972925838005,give_me_some_credit,2.235426794433594,50,42,3.0,ha_uniform,0.8528486227724135,0.3505077591493548,0.0
0.5,1.240368166044023,give_me_some_credit,2.3087029296875,1,123,3.0,ha_uniform,0.4822712262921906,0.07446734807606548,0.0
0.5,1.3019835412604877,give_me_some_credit,2.3087029296875,2,123,3.0,ha_uniform,0.5179105504679096,0.08780994181260462,0.0
0.5,1.3533237538548633,give_me_some_credit,2.3087029296875,3,123,3.0,ha_uniform,0.6256036770014595,0.1372559364604924,0.0
0.5,1.4003080382353668,give_me_some_credit,2.3087029296875,4,123,3.0,ha_uniform,0.7171712284746252,0.20042663558802956,0.0
0.5,1.4457162705063047,give_me_some_credit,2.3087029296875,5,123,3.0,ha_uniform,0.7589964185802683,0.24333674488704124,0.0
0.5,1.487896944062098,give_me_some_credit,2.3087029296875,6,123,3.0,ha_uniform,0.7821897413102358,0.27210273371618443,0.0
0.5,1.5300776176178912,give_me_some_credit,2.3087029296875,7,123,3.0,ha_uniform,0.7943276965649816,0.28782920949710233,0.0
0.5,1.5704180482361918,give_me_some_credit,2.3087029296875,8,123,3.0,ha_uniform,0.8026452220938991,0.29858893857824564,0.0
0.5,1.610239017466266,give_me_some_credit,2.3087029296875,9,123,3.0,ha_uniform,0.8085671915941527,0.3050205520734516,0.0
0.5,1.6500599866963401,give_me_some_credit,2.3087029296875,10,123,3.0,ha_uniform,0.8137363325032658,0.3115006932291123,0.0
0.5,1.6883036411904815,give_me_some_credit,2.3087029296875,11,123,3.0,ha_uniform,0.8171564079620559,0.31659514969505,0.0
0.5,1.7263879264447606,give_me_some_credit,2.3087029296875,12,123,3.0,ha_uniform,0.8199019329689706,0.318472450138403,0.0
0.5,1.76447221169904,give_me_some_credit,2.3087029296875,13,123,3.0,ha_uniform,0.8221642045983452,0.32187914995028266,0.0
0.5,1.8019267542741966,give_me_some_credit,2.3087029296875,14,123,3.0,ha_uniform,0.8243137913387633,0.3236813616285945,0.0
0.5,1.8386777741385327,give_me_some_credit,2.3087029296875,15,123,3.0,ha_uniform,0.8259685444363729,0.3250798481931509,0.0
0.5,1.8754287940028689,give_me_some_credit,2.3087029296875,16,123,3.0,ha_uniform,0.828070028536446,0.32444588112567063,0.0
0.5,1.912179813867205,give_me_some_credit,2.3087029296875,17,123,3.0,ha_uniform,0.8292788300725237,0.3256795768661063,0.0
0.5,1.9482691949224233,give_me_some_credit,2.3087029296875,18,123,3.0,ha_uniform,0.8294631121784749,0.32876104312843757,0.0
0.5,1.983951907838716,give_me_some_credit,2.3087029296875,19,123,3.0,ha_uniform,0.830448993608139,0.3316402436669906,0.0
0.5,2.019634620755009,give_me_some_credit,2.3087029296875,20,123,3.0,ha_uniform,0.8320904405355605,0.3362079592040334,0.0
0.5,2.0553173336713018,give_me_some_credit,2.3087029296875,21,123,3.0,ha_uniform,0.8335686502621816,0.33634532712877635,0.0
0.5,2.0905057793545105,give_me_some_credit,2.3087029296875,22,123,3.0,ha_uniform,0.8349473142469777,0.34037637801581666,0.0
0.5,2.125296787402736,give_me_some_credit,2.3087029296875,23,123,3.0,ha_uniform,0.8352857586343126,0.3404941028558978,0.0
0.5,2.1600877954509614,give_me_some_credit,2.3087029296875,24,123,3.0,ha_uniform,0.8367975399953411,0.3431225277755173,0.0
0.5,2.194878803499187,give_me_some_credit,2.3087029296875,25,123,3.0,ha_uniform,0.837283354393085,0.3449148443579123,0.0
0.5,2.2292967414574703,give_me_some_credit,2.3087029296875,26,123,3.0,ha_uniform,0.8379865771363697,0.34989803770906464,0.0
0.5,2.2633155768516984,give_me_some_credit,2.3087029296875,27,123,3.0,ha_uniform,0.8387087291594196,0.35334564337312957,0.0
0.5,2.2973344122459265,give_me_some_credit,2.3087029296875,28,123,3.0,ha_uniform,0.8395772490545382,0.35501910468846387,0.0
0.5,2.3313532476401546,give_me_some_credit,2.3087029296875,29,123,3.0,ha_uniform,0.8400144040684144,0.35639179680564265,0.0
0.5,2.3649833730245566,give_me_some_credit,2.3087029296875,30,123,3.0,ha_uniform,0.841087304510647,0.3571803615849656,0.0
0.5,2.398312254350281,give_me_some_credit,2.3087029296875,31,123,3.0,ha_uniform,0.8422053011782029,0.35988464219466226,0.0
0.5,2.4316411356760064,give_me_some_credit,2.3087029296875,32,123,3.0,ha_uniform,0.8415252389654547,0.3583215387083966,0.0
0.5,2.464970017001731,give_me_some_credit,2.3087029296875,33,123,3.0,ha_uniform,0.8420416742569367,0.3588636364624921,0.0
0.5,2.4977404844314677,give_me_some_credit,2.3087029296875,34,123,3.0,ha_uniform,0.8430756026525934,0.36089772804819825,0.0
0.5,2.530436932389959,give_me_some_credit,2.3087029296875,35,123,3.0,ha_uniform,0.8446475679884056,0.3636112136731068,0.0
0.5,2.56313338034845,give_me_some_credit,2.3087029296875,36,123,3.0,ha_uniform,0.8439177329047447,0.3626461543744551,0.0
0.5,2.595554033912193,give_me_some_credit,2.3087029296875,37,123,3.0,ha_uniform,0.8437328940552709,0.36302672822528126,0.0
0.5,2.6276590179970487,give_me_some_credit,2.3087029296875,38,123,3.0,ha_uniform,0.8443222627482019,0.3642293174646758,0.0
0.5,2.6597640020819044,give_me_some_credit,2.3087029296875,39,123,3.0,ha_uniform,0.8452048682544397,0.3642505374991267,0.0
0.5,2.691703876795939,give_me_some_credit,2.3087029296875,40,123,3.0,ha_uniform,0.8455359079529252,0.36452883782906564,0.0
0.5,2.723247135246992,give_me_some_credit,2.3087029296875,41,123,3.0,ha_uniform,0.8460266216936672,0.3657912407126486,0.0
0.5,2.754790393698045,give_me_some_credit,2.3087029296875,42,123,3.0,ha_uniform,0.8458741296428514,0.36643588434263175,0.0
0.5,2.7861592810580653,give_me_some_credit,2.3087029296875,43,123,3.0,ha_uniform,0.8458601553804362,0.3655386423454416,0.0
0.5,2.817162833950072,give_me_some_credit,2.3087029296875,44,123,3.0,ha_uniform,0.8466449410497687,0.36629485472457507,0.0
0.5,2.8481663868420783,give_me_some_credit,2.3087029296875,45,123,3.0,ha_uniform,0.8462875673826685,0.3661115000880013,0.0
0.5,2.878906979765636,give_me_some_credit,2.3087029296875,46,123,3.0,ha_uniform,0.8460810155358167,0.3669246684285725,0.0
0.5,2.9093874749952415,give_me_some_credit,2.3087029296875,47,123,3.0,ha_uniform,0.8464830400334225,0.3678649775567642,0.0
0.5,2.939867970224847,give_me_some_credit,2.3087029296875,48,123,3.0,ha_uniform,0.8469245933211266,0.368375606034115,0.0
0.5,2.969949211913814,give_me_some_credit,2.3087029296875,49,123,3.0,ha_uniform,0.8472816886164657,0.36930505371655814,0.0
0.5,2.999987405174672,give_me_some_credit,2.3087029296875,50,123,3.0,ha_uniform,0.848017647878874,0.37085987542963467,0.0
0.5,1.036782985723411,give_me_some_credit,1.72307333984375,1,2026,3.0,ha_uniform,0.792653234746675,0.3104867531232646,0.0
0.5,1.0986537353838666,give_me_some_credit,1.72307333984375,2,2026,3.0,ha_uniform,0.8220868172487159,0.3392191943769783,0.0
0.5,1.1537736888807053,give_me_some_credit,1.72307333984375,3,2026,3.0,ha_uniform,0.8337971378038205,0.3532991523485683,0.036275695284159616
0.5,1.205599387458797,give_me_some_credit,1.72307333984375,4,2026,3.0,ha_uniform,0.8389065401329682,0.359741224777436,0.07520564042303172
0.5,1.2557884932800063,give_me_some_credit,1.72307333984375,5,2026,3.0,ha_uniform,0.8415119327952667,0.36282353111614307,0.1319910514541387
0.5,1.303900568017172,give_me_some_credit,1.72307333984375,6,2026,3.0,ha_uniform,0.8436008901660833,0.36498206388048005,0.18181818181818182
0.5,1.3515674371318442,give_me_some_credit,1.72307333984375,7,2026,3.0,ha_uniform,0.8452591507478847,0.36663056533232385,0.2442899702085402
0.5,1.3979968047825544,give_me_some_credit,1.72307333984375,8,2026,3.0,ha_uniform,0.8462927450974278,0.36783909618186594,0.27507163323782235
0.5,1.4442410014923721,give_me_some_credit,1.72307333984375,9,2026,3.0,ha_uniform,0.8476587153299104,0.3690782729318725,0.29944547134935307
0.5,1.4893608034886032,give_me_some_credit,1.72307333984375,10,2026,3.0,ha_uniform,0.8480797247816341,0.36957621845520217,0.3092224231464738
0.5,1.5344806054848341,give_me_some_credit,1.72307333984375,11,2026,3.0,ha_uniform,0.8485175478877374,0.37008321658730364,0.3376399655469423
0.5,1.5787446285173492,give_me_some_credit,1.72307333984375,12,2026,3.0,ha_uniform,0.8494525429594436,0.3707071993276489,0.35850622406639004
0.5,1.6228033260118155,give_me_some_credit,1.72307333984375,13,2026,3.0,ha_uniform,0.8500100102485348,0.3711450598294757,0.3673139158576052
0.5,1.666514756200844,give_me_some_credit,1.72307333984375,14,2026,3.0,ha_uniform,0.8502206263231009,0.3712865525223409,0.3744075829383886
0.5,1.7096798024983388,give_me_some_credit,1.72307333984375,15,2026,3.0,ha_uniform,0.8505815074743932,0.37244784161428,0.38221528861154447
0.5,1.752835741827629,give_me_some_credit,1.72307333984375,16,2026,3.0,ha_uniform,0.8509446712741277,0.37207088377207553,0.3880368098159509
0.5,1.795221437110538,give_me_some_credit,1.72307333984375,17,2026,3.0,ha_uniform,0.8515399414483973,0.3729608371342887,0.4006024096385542
0.5,1.8376071323934469,give_me_some_credit,1.72307333984375,18,2026,3.0,ha_uniform,0.8516011275615212,0.37310374933918167,0.4029739776951673
0.5,1.879455544647909,give_me_some_credit,1.72307333984375,19,2026,3.0,ha_uniform,0.8520333275580472,0.37348583087620973,0.4011843079200592
0.5,1.9211409645887405,give_me_some_credit,1.72307333984375,20,2026,3.0,ha_uniform,0.8521982349894153,0.37346398724052254,0.4011756061719324
0.5,1.9623727270202183,give_me_some_credit,1.72307333984375,21,2026,3.0,ha_uniform,0.8525395187687149,0.3740601918037973,0.40263543191800877
0.5,2.003413368465363,give_me_some_credit,1.72307333984375,22,2026,3.0,ha_uniform,0.8527588757165846,0.3739055605731726,0.40493468795355586
0.5,2.043951099147886,give_me_some_credit,1.72307333984375,23,2026,3.0,ha_uniform,0.8529801255924309,0.3746743557246514,0.4054834054834055
0.5,2.084309232936802,give_me_some_credit,1.72307333984375,24,2026,3.0,ha_uniform,0.853231940687663,0.3746482050472869,0.4089272858171346
0.5,2.1241680804584777,give_me_some_credit,1.72307333984375,25,2026,3.0,ha_uniform,0.8533472422711751,0.3752577407094274,0.408017179670723
0.5,2.163702211169155,give_me_some_credit,1.72307333984375,26,2026,3.0,ha_uniform,0.8535528476540388,0.37489336100309173,0.40827980014275517
0.5,2.202924362050565,give_me_some_credit,1.72307333984375,27,2026,3.0,ha_uniform,0.853509031938817,0.37455057940201314,0.4091233071988596
0.5,2.241688238221331,give_me_some_credit,1.72307333984375,28,2026,3.0,ha_uniform,0.8536242778479769,0.37525061607858945,0.4099644128113879
0.5,2.2800295203506935,give_me_some_credit,1.72307333984375,29,2026,3.0,ha_uniform,0.853850594089878,0.37569501262984123,0.4093484419263456
0.5,2.318002033731399,give_me_some_credit,1.72307333984375,30,2026,3.0,ha_uniform,0.8539883881116997,0.37558739530482976,0.4104372355430183
0.5,2.355591390112542,give_me_some_credit,1.72307333984375,31,2026,3.0,ha_uniform,0.8538067783746563,0.375362290838152,0.40848056537102473
0.5,2.3927929144841604,give_me_some_credit,1.72307333984375,32,2026,3.0,ha_uniform,0.8539453518374095,0.3756464367580381,0.41316526610644255
0.5,2.429497552282611,give_me_some_credit,1.72307333984375,33,2026,3.0,ha_uniform,0.854041445769395,0.37585769350074477,0.41287613715885235
0.5,2.465815238126354,give_me_some_credit,1.72307333984375,34,2026,3.0,ha_uniform,0.8540567005419119,0.37593080899780773,0.4145150034891835
0.5,2.5017605997004373,give_me_some_credit,1.72307333984375,35,2026,3.0,ha_uniform,0.854088434922695,0.3759011952805603,0.41283124128312415
0.5,2.5373459360073283,give_me_some_credit,1.72307333984375,36,2026,3.0,ha_uniform,0.8541401563959363,0.3759625685397097,0.4133611691022965
0.5,2.5725673091354926,give_me_some_credit,1.72307333984375,37,2026,3.0,ha_uniform,0.8542457149678047,0.3763823654764519,0.41360166551006244
0.5,2.607321820709156,give_me_some_credit,1.72307333984375,38,2026,3.0,ha_uniform,0.8544061127766404,0.3762965843425806,0.4133148404993065
0.5,2.641754833778591,give_me_some_credit,1.72307333984375,39,2026,3.0,ha_uniform,0.8543947552087812,0.37639180420172536,0.4144645340751043
0.5,2.675888182656261,give_me_some_credit,1.72307333984375,40,2026,3.0,ha_uniform,0.8544491490509305,0.37648847820025966,0.4133148404993065
0.5,2.709657797165329,give_me_some_credit,1.72307333984375,41,2026,3.0,ha_uniform,0.8547065315813877,0.37687702476826523,0.4124137931034483
0.5,2.7430374624967095,give_me_some_credit,1.72307333984375,42,2026,3.0,ha_uniform,0.8550169717695403,0.3772664282745162,0.4166666666666667
0.5,2.776171049333489,give_me_some_credit,1.72307333984375,43,2026,3.0,ha_uniform,0.8548858586699887,0.3772779037538956,0.41455044612216885
0.5,2.8089862613353653,give_me_some_credit,1.72307333984375,44,2026,3.0,ha_uniform,0.854823002326297,0.3773267996055791,0.4167237834132968
0.5,2.841428955278615,give_me_some_credit,1.72307333984375,45,2026,3.0,ha_uniform,0.8547677176945117,0.3773705996773954,0.4170096021947874
0.5,2.8736877740309463,give_me_some_credit,1.72307333984375,46,2026,3.0,ha_uniform,0.8547904328302303,0.3773209500968711,0.417462482946794
0.5,2.905557733840912,give_me_some_credit,1.72307333984375,47,2026,3.0,ha_uniform,0.8547527969681084,0.3775296926902011,0.41512027491408937
0.5,2.9373361102540296,give_me_some_credit,1.72307333984375,48,2026,3.0,ha_uniform,0.8549363553074805,0.3774481658071545,0.41620879120879123
0.5,2.9687394971602843,give_me_some_credit,1.72307333984375,49,2026,3.0,ha_uniform,0.8551121749118898,0.37766506318385695,0.4172366621067031
0.5,2.9999915536717725,give_me_some_credit,1.72307333984375,50,2026,3.0,ha_uniform,0.8553087053753363,0.37784327275171153,0.41638225255972694
0.5,1.2202616369966302,give_me_some_credit,2.0418639038085935,1,31415,3.0,ha_uniform,0.4581196922856282,0.06666969315442492,0.0
0.5,1.280575369676885,give_me_some_credit,2.0418639038085935,2,31415,3.0,ha_uniform,0.4980551278528094,0.07139995825377585,0.0
0.5,1.3323803965792935,give_me_some_credit,2.0418639038085935,3,31415,3.0,ha_uniform,0.5477841273757916,0.08106372754763058,0.0
0.5,1.380421388552898,give_me_some_credit,2.0418639038085935,4,31415,3.0,ha_uniform,0.6012148032312503,0.09499899013117004,0.0
0.5,1.4249951540327168,give_me_some_credit,2.0418639038085935,5,31415,3.0,ha_uniform,0.6585696301307813,0.1142600776416074,0.0
0.5,1.468709536991406,give_me_some_credit,2.0418639038085935,6,31415,3.0,ha_uniform,0.7126541455790778,0.14013371839092903,0.0
0.5,1.5104537090010186,give_me_some_credit,2.0418639038085935,7,31415,3.0,ha_uniform,0.7496174615256821,0.16720892344791977,0.0
0.5,1.5521978810106312,give_me_some_credit,2.0418639038085935,8,31415,3.0,ha_uniform,0.7723675050630255,0.19208657480738012,0.0
0.5,1.5921507568713607,give_me_some_credit,2.0418639038085935,9,31415,3.0,ha_uniform,0.7878027738298474,0.2175400997630322,0.0
0.5,1.631854962887363,give_me_some_credit,2.0418639038085935,10,31415,3.0,ha_uniform,0.796878305664665,0.2396578368912455,0.0
0.5,1.6715591689033655,give_me_some_credit,2.0418639038085935,11,31415,3.0,ha_uniform,0.8034376351494901,0.2582948377758444,0.0
0.5,1.7099199973411268,give_me_some_credit,2.0418639038085935,12,31415,3.0,ha_uniform,0.8084852946219913,0.27174704400943556,0.0
0.5,1.7480924725865874,give_me_some_credit,2.0418639038085935,13,31415,3.0,ha_uniform,0.8121999987528945,0.2857178792146458,0.0
0.5,1.7862649478320483,give_me_some_credit,2.0418639038085935,14,31415,3.0,ha_uniform,0.8148652413438631,0.2950565767532662,0.0
0.5,1.8239621059453661,give_me_some_credit,2.0418639038085935,15,31415,3.0,ha_uniform,0.8168956849704636,0.3002026301314169,0.0
0.5,1.8609344794488298,give_me_some_credit,2.0418639038085935,16,31415,3.0,ha_uniform,0.8185215987536072,0.3060303846945466,0.0
0.5,1.8979068529522936,give_me_some_credit,2.0418639038085935,17,31415,3.0,ha_uniform,0.8201815852403284,0.31003510649149824,0.0
0.5,1.9348792264557573,give_me_some_credit,2.0418639038085935,18,31415,3.0,ha_uniform,0.8212663443195904,0.3143813143229307,0.0
0.5,1.9712557085721631,give_me_some_credit,2.0418639038085935,19,31415,3.0,ha_uniform,0.8224587775961062,0.31546231689752424,0.0
0.5,2.0072474576457773,give_me_some_credit,2.0418639038085935,20,31415,3.0,ha_uniform,0.8235337379893721,0.31754883559690694,0.0
0.5,2.0432392067193916,give_me_some_credit,2.0418639038085935,21,31415,3.0,ha_uniform,0.8235801703991494,0.3170097681427828,0.0
0.5,2.079230955793006,give_me_some_credit,2.0418639038085935,22,31415,3.0,ha_uniform,0.824526300341306,0.31802069108451014,0.0
0.5,2.114626637867139,give_me_some_credit,2.0418639038085935,23,31415,3.0,ha_uniform,0.8257564808286482,0.3197725257599142,0.0
0.5,2.1497851715818337,give_me_some_credit,2.0418639038085935,24,31415,3.0,ha_uniform,0.8265840244005098,0.32303102497410485,0.0
0.5,2.184943705296529,give_me_some_credit,2.0418639038085935,25,31415,3.0,ha_uniform,0.8272468832384121,0.3245206655111154,0.0
0.5,2.220102239011224,give_me_some_credit,2.0418639038085935,26,31415,3.0,ha_uniform,0.8280522684180779,0.32660812187090105,0.0
0.5,2.254601870926737,give_me_some_credit,2.0418639038085935,27,31415,3.0,ha_uniform,0.8293317763815145,0.32619852285132045,0.0
0.5,2.289027732727966,give_me_some_credit,2.0418639038085935,28,31415,3.0,ha_uniform,0.829576131113545,0.3272004210337692,0.0
0.5,2.323453594529195,give_me_some_credit,2.0418639038085935,29,31415,3.0,ha_uniform,0.8301823134608558,0.32877408154813104,0.0
0.5,2.357693690513604,give_me_some_credit,2.0418639038085935,30,31415,3.0,ha_uniform,0.8304863510984994,0.3299025568749754,0.0
0.5,2.391456579490473,give_me_some_credit,2.0418639038085935,31,31415,3.0,ha_uniform,0.8306434641205523,0.32939391017221636,0.0
0.5,2.4252194684673416,give_me_some_credit,2.0418639038085935,32,31415,3.0,ha_uniform,0.8310291760329485,0.3292117339415397,0.0
0.5,2.458982357444211,give_me_some_credit,2.0418639038085935,33,31415,3.0,ha_uniform,0.8312003189917686,0.32929474309225,0.0
0.5,2.4921852481697453,give_me_some_credit,2.0418639038085935,34,31415,3.0,ha_uniform,0.8312534323238163,0.3292657348492597,0.0
0.5,2.5253343162555377,give_me_some_credit,2.0418639038085935,35,31415,3.0,ha_uniform,0.8316897522224089,0.3291871181210407,0.0
0.5,2.55848338434133,give_me_some_credit,2.0418639038085935,36,31415,3.0,ha_uniform,0.8320608217801628,0.3296637215697957,0.0
0.5,2.5911713567013495,give_me_some_credit,2.0418639038085935,37,31415,3.0,ha_uniform,0.8320527489990865,0.32964443404579663,0.0
0.5,2.6237419000218516,give_me_some_credit,2.0418639038085935,38,31415,3.0,ha_uniform,0.8323967608216465,0.3304187424230691,0.0
0.5,2.656312443342354,give_me_some_credit,2.0418639038085935,39,31415,3.0,ha_uniform,0.8326251926889331,0.33039050457294367,0.0
0.5,2.688383826169993,give_me_some_credit,2.0418639038085935,40,31415,3.0,ha_uniform,0.8327133251885468,0.33065713306296574,0.0
0.5,2.720401681254929,give_me_some_credit,2.0418639038085935,41,31415,3.0,ha_uniform,0.8333005782560923,0.33188946363878724,0.0
0.5,2.752321027487145,give_me_some_credit,2.0418639038085935,42,31415,3.0,ha_uniform,0.8334258455486574,0.3315566583748296,0.0
0.5,2.783805491504605,give_me_some_credit,2.0418639038085935,43,31415,3.0,ha_uniform,0.8334892586358715,0.33207326056316794,0.0
0.5,2.8152899555220654,give_me_some_credit,2.0418639038085935,44,31415,3.0,ha_uniform,0.8339681137395838,0.3334135022083435,0.0
0.5,2.8464671454551627,give_me_some_credit,2.0418639038085935,45,31415,3.0,ha_uniform,0.834487444097383,0.3339374430456955,0.0
0.5,2.8774329374274603,give_me_some_credit,2.0418639038085935,46,31415,3.0,ha_uniform,0.8349002694193254,0.3340833491064504,0.0
0.5,2.9083580467628374,give_me_some_credit,2.0418639038085935,47,31415,3.0,ha_uniform,0.8349155241918423,0.33528398920965635,0.0
0.5,2.938816639264094,give_me_some_credit,2.0418639038085935,48,31415,3.0,ha_uniform,0.835012119192998,0.3358657846784142,0.0
0.5,2.969275231765351,give_me_some_credit,2.0418639038085935,49,31415,3.0,ha_uniform,0.8352737886485787,0.3357169462748189,0.0
0.5,2.9999247835461107,give_me_some_credit,2.0418639038085935,50,31415,3.0,ha_uniform,0.8350549884442314,0.3349683812350987,0.0
0.5,1.2061884364065876,give_me_some_credit,2.0190506835937496,1,27182,3.0,ha_uniform,0.5741540616221547,0.11345125895154776,0.0
0.5,1.266628854706736,give_me_some_credit,2.0190506835937496,2,27182,3.0,ha_uniform,0.677670052855003,0.17808704375842999,0.0
0.5,1.3185666354347743,give_me_some_credit,2.0190506835937496,3,27182,3.0,ha_uniform,0.7341838073150754,0.220279163977888,0.0
0.5,1.3667203065093076,give_me_some_credit,2.0190506835937496,4,27182,3.0,ha_uniform,0.7605373176275243,0.2442169426478508,0.0
0.5,1.4117902395510256,give_me_some_credit,2.0190506835937496,5,27182,3.0,ha_uniform,0.7761741275494956,0.26150812331600143,0.0
0.5,1.4555949691914478,give_me_some_credit,2.0190506835937496,6,27182,3.0,ha_uniform,0.7877700373107239,0.2775732277086124,0.0
0.5,1.4978397429510852,give_me_some_credit,2.0190506835937496,7,27182,3.0,ha_uniform,0.7960587791995275,0.2878446634076665,0.0
0.5,1.539894304456707,give_me_some_credit,2.0190506835937496,8,27182,3.0,ha_uniform,0.801927524019029,0.29528321690336606,0.0
0.5,1.5801005293970791,give_me_some_credit,2.0190506835937496,9,27182,3.0,ha_uniform,0.8075674472507781,0.30231106574697425,0.0
0.5,1.6203067543374512,give_me_some_credit,2.0190506835937496,10,27182,3.0,ha_uniform,0.8122239387243626,0.30626984597941304,0.0
0.5,1.6602323440885947,give_me_some_credit,2.0190506835937496,11,27182,3.0,ha_uniform,0.8162061024434806,0.31069224024636233,0.0
0.5,1.6989068387577997,give_me_some_credit,2.0190506835937496,12,27182,3.0,ha_uniform,0.8195329233622499,0.3148653079151829,0.0
0.5,1.7375813334270047,give_me_some_credit,2.0190506835937496,13,27182,3.0,ha_uniform,0.8227780143319146,0.3186936810809582,0.0
0.5,1.7762558280962097,give_me_some_credit,2.0190506835937496,14,27182,3.0,ha_uniform,0.8257316500675441,0.3210261159443508,0.0
0.5,1.8139565884180666,give_me_some_credit,2.0190506835937496,15,27182,3.0,ha_uniform,0.8277274642470445,0.3232471847576523,0.0
0.5,1.8514303413528979,give_me_some_credit,2.0190506835937496,16,27182,3.0,ha_uniform,0.8294370565816215,0.32339088337461797,0.0
0.5,1.888904094287729,give_me_some_credit,2.0190506835937496,17,27182,3.0,ha_uniform,0.8315357012897299,0.32447598446423376,0.0
0.5,1.9262363409805279,give_me_some_credit,2.0190506835937496,18,27182,3.0,ha_uniform,0.8323287824375478,0.32439505798547164,0.0
0.5,1.9627285541798123,give_me_some_credit,2.0190506835937496,19,27182,3.0,ha_uniform,0.8335388644837274,0.32593823774400077,0.0
0.5,1.9992207673790967,give_me_some_credit,2.0190506835937496,20,27182,3.0,ha_uniform,0.8347864153689719,0.3257026248885557,0.0
0.5,2.0357129805783805,give_me_some_credit,2.0190506835937496,21,27182,3.0,ha_uniform,0.8364895494786877,0.32543433989788423,0.0
0.5,2.0718878332440673,give_me_some_credit,2.0190506835937496,22,27182,3.0,ha_uniform,0.8375014308308529,0.32641830411848977,0.0
0.5,2.107545804020003,give_me_some_credit,2.0190506835937496,23,27182,3.0,ha_uniform,0.8379743287788745,0.3258901910768314,0.0
0.5,2.143203774795938,give_me_some_credit,2.0190506835937496,24,27182,3.0,ha_uniform,0.8387124593410207,0.32586132586033073,0.0
0.5,2.1788617455718735,give_me_some_credit,2.0190506835937496,25,27182,3.0,ha_uniform,0.8397171030273931,0.32531876123362186,0.0
0.5,2.2140102711231227,give_me_some_credit,2.0190506835937496,26,27182,3.0,ha_uniform,0.8402567545237637,0.3256912270388951,0.0
0.5,2.2489344983805832,give_me_some_credit,2.0190506835937496,27,27182,3.0,ha_uniform,0.8407242520596169,0.3253199606209928,0.0
0.5,2.2838587256380434,give_me_some_credit,2.0190506835937496,28,27182,3.0,ha_uniform,0.8412129058493256,0.3261225808101769,0.0
0.5,2.318648282542503,give_me_some_credit,2.0190506835937496,29,27182,3.0,ha_uniform,0.8419140129672247,0.3250116125140611,0.0
0.5,2.352908443930398,give_me_some_credit,2.0190506835937496,30,27182,3.0,ha_uniform,0.8421921063567194,0.32370435571605977,0.0
0.5,2.387168605318293,give_me_some_credit,2.0190506835937496,31,27182,3.0,ha_uniform,0.8429432647172923,0.32296437691207125,0.0
0.5,2.4214287667061876,give_me_some_credit,2.0190506835937496,32,27182,3.0,ha_uniform,0.8432805956175823,0.3224092866914537,0.0
0.5,2.4550996241722896,give_me_some_credit,2.0190506835937496,33,27182,3.0,ha_uniform,0.8436740462649415,0.32121970196621913,0.0
0.5,2.488744854565161,give_me_some_credit,2.0190506835937496,34,27182,3.0,ha_uniform,0.8441342504606495,0.3215266207612958,0.0
0.5,2.5223900849580323,give_me_some_credit,2.0190506835937496,35,27182,3.0,ha_uniform,0.8445936752154264,0.32099013702603385,0.0
0.5,2.5554776705081093,give_me_some_credit,2.0190506835937496,36,27182,3.0,ha_uniform,0.8447903170275776,0.3176914946373306,0.0
0.5,2.5885432465429785,give_me_some_credit,2.0190506835937496,37,27182,3.0,ha_uniform,0.8453232876016782,0.31571360357366507,0.0
0.5,2.621507175146526,give_me_some_credit,2.0190506835937496,38,27182,3.0,ha_uniform,0.8458474059537706,0.31567907627776537,0.0
0.5,2.6540189099176774,give_me_some_credit,2.0190506835937496,39,27182,3.0,ha_uniform,0.8460017909325633,0.31500362043213276,0.0
0.5,2.686530644688829,give_me_some_credit,2.0190506835937496,40,27182,3.0,ha_uniform,0.8463071090803087,0.3147624286200913,0.0
0.5,2.7187333405360583,give_me_some_credit,2.0190506835937496,41,27182,3.0,ha_uniform,0.8464019225021924,0.3145489059220148,0.0
0.5,2.7507105043839495,give_me_some_credit,2.0190506835937496,42,27182,3.0,ha_uniform,0.8468203152593602,0.3145691768933235,0.0
0.5,2.7826367048803635,give_me_some_credit,2.0190506835937496,43,27182,3.0,ha_uniform,0.8468373516111489,0.3149066855318066,0.0
0.5,2.8140939878135396,give_me_some_credit,2.0190506835937496,44,27182,3.0,ha_uniform,0.8468722037556582,0.31342831815266337,0.0
0.5,2.845551270746715,give_me_some_credit,2.0190506835937496,45,27182,3.0,ha_uniform,0.8469485889669468,0.3146571228986856,0.0
0.5,2.8766533581715015,give_me_some_credit,2.0190506835937496,46,27182,3.0,ha_uniform,0.8469258738312284,0.3141723016140168,0.0
0.5,2.907602202768669,give_me_some_credit,2.0190506835937496,47,27182,3.0,ha_uniform,0.8470459077346818,0.31566151163758094,0.0
0.5,2.93838099747716,give_me_some_credit,2.0190506835937496,48,27182,3.0,ha_uniform,0.8472781811322738,0.31375784998424106,0.0
0.5,2.9688305141078555,give_me_some_credit,2.0190506835937496,49,27182,3.0,ha_uniform,0.8473835726810853,0.31400455444386155,0.0
0.5,2.9999725927117438,give_me_some_credit,2.0190506835937496,50,27182,3.0,ha_uniform,0.8477380512818685,0.3148195397846755,0.0
0.5,1.2976539212171456,give_me_some_credit,2.3504158386230474,1,73,3.0,dp_uniform,0.5403119055371037,0.08652621881573347,0.0
0.5,1.3623702858601612,give_me_some_credit,2.3504158386230474,2,73,3.0,dp_uniform,0.6005305097677311,0.10889807482901376,0.0
0.5,1.4151850114105002,give_me_some_credit,2.3504158386230474,3,73,3.0,dp_uniform,0.6712621019339488,0.13935191876820927,0.0
0.5,1.4632489203110035,give_me_some_credit,2.3504158386230474,4,73,3.0,dp_uniform,0.7127928860648878,0.1645895705552431,0.0
0.5,1.5075458369280637,give_me_some_credit,2.3504158386230474,5,73,3.0,dp_uniform,0.7396936752599658,0.18430917163191604,0.0
0.5,1.5502774422399777,give_me_some_credit,2.3504158386230474,6,73,3.0,dp_uniform,0.7507696422455203,0.19408273545933463,0.0
0.5,1.5907120788178857,give_me_some_credit,2.3504158386230474,7,73,3.0,dp_uniform,0.765574009252632,0.20865725175286526,0.0
0.5,1.6311467153957937,give_me_some_credit,2.3504158386230474,8,73,3.0,dp_uniform,0.78023484777964,0.22680454026320024,0.0
0.5,1.6695831826276673,give_me_some_credit,2.3504158386230474,9,73,3.0,dp_uniform,0.7854477487296225,0.23591004300923094,0.0
0.5,1.7073175875025413,give_me_some_credit,2.3504158386230474,10,73,3.0,dp_uniform,0.7912401083378356,0.24125564273625227,0.0
0.5,1.745051992377415,give_me_some_credit,2.3504158386230474,11,73,3.0,dp_uniform,0.7934689753558591,0.24501310425134,0.0
0.5,1.7822451733387465,give_me_some_credit,2.3504158386230474,12,73,3.0,dp_uniform,0.800969090045025,0.2554104536744978,0.0
0.5,1.8180150622251599,give_me_some_credit,2.3504158386230474,13,73,3.0,dp_uniform,0.8037789746031422,0.25953395868222384,0.0
0.5,1.853784951111573,give_me_some_credit,2.3504158386230474,14,73,3.0,dp_uniform,0.8066235999570639,0.2680625666819374,0.0
0.5,1.8895548399979862,give_me_some_credit,2.3504158386230474,15,73,3.0,dp_uniform,0.8054287170090492,0.26456521732217986,0.0
0.5,1.9252595043538991,give_me_some_credit,2.3504158386230474,16,73,3.0,dp_uniform,0.8083037405593002,0.26952595885102715,0.0
0.5,1.9595379609257817,give_me_some_credit,2.3504158386230474,17,73,3.0,dp_uniform,0.8099948490089297,0.2722582017864529,0.0
0.5,1.9938164174976643,give_me_some_credit,2.3504158386230474,18,73,3.0,dp_uniform,0.8119031987810434,0.27867714881648664,0.0
0.5,2.028094874069547,give_me_some_credit,2.3504158386230474,19,73,3.0,dp_uniform,0.8136566068308422,0.2787133480629654,0.0
0.5,2.0623733306414294,give_me_some_credit,2.3504158386230474,20,73,3.0,dp_uniform,0.8150499131702802,0.28290455198989156,0.0
0.5,2.09642313231269,give_me_some_credit,2.3504158386230474,21,73,3.0,dp_uniform,0.815450378786023,0.2812481498289836,0.0
0.5,2.129519251290219,give_me_some_credit,2.3504158386230474,22,73,3.0,dp_uniform,0.8154560575699528,0.27826190723304484,0.0
0.5,2.162615370267748,give_me_some_credit,2.3504158386230474,23,73,3.0,dp_uniform,0.8156274789005339,0.2799371540907688,0.0
0.5,2.1957114892452774,give_me_some_credit,2.3504158386230474,24,73,3.0,dp_uniform,0.8167409102712053,0.2805000899684128,0.0
0.5,2.2288076082228065,give_me_some_credit,2.3504158386230474,25,73,3.0,dp_uniform,0.8189580856752562,0.28896424976281787,0.0
0.5,2.2619037272003357,give_me_some_credit,2.3504158386230474,26,73,3.0,dp_uniform,0.8187336066869796,0.28144839037528535,0.0
0.5,2.2940635949896513,give_me_some_credit,2.3504158386230474,27,73,3.0,dp_uniform,0.8200727418816773,0.2893622681145201,0.0
0.5,2.3261826774782524,give_me_some_credit,2.3504158386230474,28,73,3.0,dp_uniform,0.8220906031046691,0.29564543772396457,0.0
0.5,2.358301759966854,give_me_some_credit,2.3504158386230474,29,73,3.0,dp_uniform,0.8217317819044102,0.29086646838804087,0.0
0.5,2.390420842455455,give_me_some_credit,2.3504158386230474,30,73,3.0,dp_uniform,0.8212311024546154,0.2913191235030465,0.0
0.5,2.422539924944056,give_me_some_credit,2.3504158386230474,31,73,3.0,dp_uniform,0.8213314833117243,0.2959378737698897,0.0
0.5,2.4541627946594944,give_me_some_credit,2.3504158386230474,32,73,3.0,dp_uniform,0.8215425447811084,0.2916231689988266,0.0
0.5,2.485443547210898,give_me_some_credit,2.3504158386230474,33,73,3.0,dp_uniform,0.8216650283560611,0.29148644849602073,0.0
0.5,2.5167242997623016,give_me_some_credit,2.3504158386230474,34,73,3.0,dp_uniform,0.8220743461938117,0.29614941549248863,0.0
0.5,2.548005052313705,give_me_some_credit,2.3504158386230474,35,73,3.0,dp_uniform,0.8240017365943955,0.30443122051644184,0.0
0.5,2.579285804865109,give_me_some_credit,2.3504158386230474,36,73,3.0,dp_uniform,0.8233869247224856,0.29865458744929846,0.0
0.5,2.6103410724706175,give_me_some_credit,2.3504158386230474,37,73,3.0,dp_uniform,0.8255754278351274,0.3043033022018255,0.0
0.5,2.6408788859894154,give_me_some_credit,2.3504158386230474,38,73,3.0,dp_uniform,0.8264902687913187,0.30627093326607885,0.0
0.5,2.6714166995082134,give_me_some_credit,2.3504158386230474,39,73,3.0,dp_uniform,0.8281102254187713,0.3104934208576196,0.0
0.5,2.7019545130270113,give_me_some_credit,2.3504158386230474,40,73,3.0,dp_uniform,0.8291180425432223,0.30928676855174697,0.0
0.5,2.732492326545809,give_me_some_credit,2.3504158386230474,41,73,3.0,dp_uniform,0.8297266745620322,0.31436244969084004,0.0
0.5,2.762879162615521,give_me_some_credit,2.3504158386230474,42,73,3.0,dp_uniform,0.829115370174314,0.3119958355987172,0.0
0.5,2.792740864085545,give_me_some_credit,2.3504158386230474,43,73,3.0,dp_uniform,0.8283587557272206,0.3056746955699199,0.0
0.5,2.8226025655555693,give_me_some_credit,2.3504158386230474,44,73,3.0,dp_uniform,0.8280141314867858,0.3011145695674931,0.0
0.5,2.8524642670255935,give_me_some_credit,2.3504158386230474,45,73,3.0,dp_uniform,0.8277874811987713,0.3038953906213777,0.0
0.5,2.8823259684956177,give_me_some_credit,2.3504158386230474,46,73,3.0,dp_uniform,0.8298953678493531,0.314876894855989,0.0
0.5,2.91193495544332,give_me_some_credit,2.3504158386230474,47,73,3.0,dp_uniform,0.8301037012754772,0.3090230129079105,0.0
0.5,2.941168273734433,give_me_some_credit,2.3504158386230474,48,73,3.0,dp_uniform,0.8291690402498844,0.30774905522123763,0.0
0.5,2.9704015920255453,give_me_some_credit,2.3504158386230474,49,73,3.0,dp_uniform,0.8307472967875008,0.31666628180778744,0.0
0.5,2.9999163490174388,give_me_some_credit,2.3504158386230474,50,73,3.0,dp_uniform,0.8297929270412111,0.3154690238776939,0.0
0.5,0.11453708066456081,give_me_some_credit,12.222793135379925,1,73,3.0,scheduler,0.4252517260162685,0.0591882630876875,0.0
0.5,0.13573169535563173,give_me_some_credit,8.64281991106753,2,73,3.0,scheduler,0.4795105021871113,0.07073764080851236,0.0
0.5,0.16805038922405602,give_me_some_credit,7.05683290696071,3,73,3.0,scheduler,0.5589308564630574,0.09107955269743256,0.0
0.5,0.21187342312306415,give_me_some_credit,6.111396567689963,4,73,3.0,scheduler,0.6204182791814892,0.1133523194749512,0.0
0.5,0.26362189433792155,give_me_some_credit,5.46619926512546,5,73,3.0,scheduler,0.6683684831500458,0.13615063811557326,0.0
0.5,0.3162191928725025,give_me_some_credit,4.9899344022122945,6,73,3.0,scheduler,0.6894890497457018,0.14873254238703715,0.0
0.5,0.36946910493770213,give_me_some_credit,4.619781566114673,7,73,3.0,scheduler,0.7227205138609095,0.1720525757766624,0.0
0.5,0.4232390585803943,give_me_some_credit,4.321409955533765,8,73,3.0,scheduler,0.7532073437588382,0.199039727660437,0.0
0.5,0.47763770349105283,give_me_some_credit,4.074264378459975,9,73,3.0,scheduler,0.7658097901344156,0.21583458445488157,0.0
0.5,0.5324460424606496,give_me_some_credit,3.865186567687137,10,73,3.0,scheduler,0.7764331803105204,0.22888541632586992,0.0
0.5,0.587736942155518,give_me_some_credit,3.6853107927442608,11,73,3.0,scheduler,0.7816104496750622,0.23701602151607803,0.0
0.5,0.643486255762156,give_me_some_credit,3.528416453480355,12,73,3.0,scheduler,0.7935067782410379,0.2527275546298963,0.0
0.5,0.6997571885220994,give_me_some_credit,3.3899928753078137,13,73,3.0,scheduler,0.7984079028184138,0.2635756724210878,0.0
0.5,0.7561723967356896,give_me_some_credit,3.266678873000294,14,73,3.0,scheduler,0.802665153512005,0.27628330054372124,0.0
0.5,0.8131865199803735,give_me_some_credit,3.1559116171643193,15,73,3.0,scheduler,0.8026137660848771,0.27560794839422503,0.0
0.5,0.870657724704569,give_me_some_credit,3.0556982838449813,16,73,3.0,scheduler,0.8065063497712229,0.28281641886600767,0.0
0.5,0.9284157886919883,give_me_some_credit,2.96446277277917,17,73,3.0,scheduler,0.8097600702654866,0.2865975238833969,0.0
0.5,0.9863885283364228,give_me_some_credit,2.8809399703558425,18,73,3.0,scheduler,0.8121394807319974,0.2943579965384929,0.0
0.5,1.0446340066418716,give_me_some_credit,2.8041010571012497,19,73,3.0,scheduler,0.8140094708754101,0.29703687719061816,0.0
0.5,1.103384960401047,give_me_some_credit,2.73309963256273,20,73,3.0,scheduler,0.8153251114934578,0.3004356552837225,0.0
0.5,1.1631116430117499,give_me_some_credit,2.6672321307935776,21,73,3.0,scheduler,0.8164371510053228,0.29929187332718443,0.0
0.5,1.2218575674438579,give_me_some_credit,2.6059082523294377,22,73,3.0,scheduler,0.8170956672437499,0.2964134312331375,0.0
0.5,1.2818148759962351,give_me_some_credit,2.5486285487645803,23,73,3.0,scheduler,0.8170596459378433,0.2980906045546486,0.0
0.5,1.3417422664713825,give_me_some_credit,2.4949672011061472,24,73,3.0,scheduler,0.8183106486329274,0.2951990730766477,0.0
0.5,1.402229074425854,give_me_some_credit,2.4445586270759847,25,73,3.0,scheduler,0.8210663063719519,0.3040622389974401,0.0
0.5,1.4625604510132533,give_me_some_credit,2.3970869503042374,26,73,3.0,scheduler,0.8213973460704372,0.29591583328139637,0.0
0.5,1.524567717048734,give_me_some_credit,2.3522776356535693,27,73,3.0,scheduler,0.8227157704060974,0.30423116309358134,0.0
0.5,1.5845224310878536,give_me_some_credit,2.3098907830573365,28,73,3.0,scheduler,0.8248171431574662,0.30902744607221316,0.0
0.5,1.6468331014174673,give_me_some_credit,2.269715704742523,29,73,3.0,scheduler,0.8250276478833279,0.3047578499688068,0.0
0.5,1.7096434268121334,give_me_some_credit,2.2315665053222937,30,73,3.0,scheduler,0.8248165307395915,0.30609214617451413,0.0
0.5,1.7699894171228938,give_me_some_credit,2.1952784526907023,31,73,3.0,scheduler,0.8247429849202677,0.3098951906551126,0.0
0.5,1.8321690590678168,give_me_some_credit,2.1607049777668825,32,73,3.0,scheduler,0.8253655912014926,0.3050119360754306,0.0
0.5,1.8947976531680761,give_me_some_credit,2.127715178238332,33,73,3.0,scheduler,0.8257874914428521,0.3051141132893013,0.0
0.5,1.9576520304942568,give_me_some_credit,2.0961917292072263,34,73,3.0,scheduler,0.8265844141209755,0.30743455945152165,0.0
0.5,2.0208196841525576,give_me_some_credit,2.06602912460657,35,73,3.0,scheduler,0.8282960664065858,0.3155917033440252,0.0
0.5,2.0842207818165424,give_me_some_credit,2.0371321892299874,36,73,3.0,scheduler,0.8276764108660302,0.3087332151981831,0.0
0.5,2.14791630256879,give_me_some_credit,2.0094148134993324,37,73,3.0,scheduler,0.8303806255035745,0.31526493249991877,0.0
0.5,2.2118806045733663,give_me_some_credit,1.9827988726086605,38,73,3.0,scheduler,0.8314731789921517,0.3195825767740257,0.0
0.5,2.276097206342553,give_me_some_credit,1.9572132991098798,39,73,3.0,scheduler,0.8332941200312312,0.32254195792104673,0.0
0.5,2.340560018956262,give_me_some_credit,1.9325932838435684,40,73,3.0,scheduler,0.8341615821136568,0.31899240004577006,0.0
0.5,2.4052747587480217,give_me_some_credit,1.9088795847385132,41,73,3.0,scheduler,0.8344607760826547,0.32289620559029875,0.0
0.5,2.4702605743553208,give_me_some_credit,1.8860179266827832,42,73,3.0,scheduler,0.8340737836601566,0.32150952135339356,0.0
0.5,2.535551929571132,give_me_some_credit,1.8639584786166128,43,73,3.0,scheduler,0.8332392251199114,0.3148736893315558,0.0
0.5,2.601002563829881,give_me_some_credit,1.8426553963721304,44,73,3.0,scheduler,0.8328501170720279,0.311049377873554,0.0
0.5,2.666775041300376,give_me_some_credit,1.8220664217084868,45,73,3.0,scheduler,0.8326166188386863,0.31324822612116443,0.0
0.5,2.7327507307446575,give_me_some_credit,1.8021525295570644,46,73,3.0,scheduler,0.8339984005872085,0.32216829555522475,0.0
0.5,2.7990631193426405,give_me_some_credit,1.7828776167727167,47,73,3.0,scheduler,0.834128400199715,0.31692639298799063,0.0
0.5,2.8654947770344967,give_me_some_credit,1.7642082267401775,48,73,3.0,scheduler,0.833304085740284,0.3149714849201768,0.0
0.5,2.932374835665256,give_me_some_credit,1.7461133050542752,49,73,3.0,scheduler,0.8344405662927875,0.3241926996352424,0.0
0.5,2.999921891453616,give_me_some_credit,1.7285639822135053,50,73,3.0,scheduler,0.8335060166158991,0.3215696202850475,0.0
0.5,1.3517463428601109,give_me_some_credit,2.4136440551757814,1,73,3.0,ha_uniform,0.6798333354860749,0.17559004108872223,0.0
0.5,1.4123095116534103,give_me_some_credit,2.4136440551757814,2,73,3.0,ha_uniform,0.7341349252337989,0.21265947093621929,0.0
0.5,1.4630690813060627,give_me_some_credit,2.4136440551757814,3,73,3.0,ha_uniform,0.7769989430780969,0.27102018600523436,0.0
0.5,1.5090575743102326,give_me_some_credit,2.4136440551757814,4,73,3.0,ha_uniform,0.7983716588150983,0.3099867342247056,0.0
0.5,1.5511489531823937,give_me_some_credit,2.4136440551757814,5,73,3.0,ha_uniform,0.8097976504532559,0.3303787819461232,0.0
0.5,1.5924173395773644,give_me_some_credit,2.4136440551757814,6,73,3.0,ha_uniform,0.8153643619117948,0.340090398091013,0.0
0.5,1.6315404799499682,give_me_some_credit,2.4136440551757814,7,73,3.0,ha_uniform,0.82033001306343,0.34668145303394726,0.0
0.5,1.6696009866209907,give_me_some_credit,2.4136440551757814,8,73,3.0,ha_uniform,0.8240206101998085,0.35307729661803966,0.0
0.5,1.707661493292013,give_me_some_credit,2.4136440551757814,9,73,3.0,ha_uniform,0.8265107012785948,0.35657928507939834,0.0
0.5,1.7440355087299864,give_me_some_credit,2.4136440551757814,10,73,3.0,ha_uniform,0.8291360253589993,0.35930802164906384,0.0
0.5,1.779832934218709,give_me_some_credit,2.4136440551757814,11,73,3.0,ha_uniform,0.8305360682950598,0.3633635464702014,0.0
0.5,1.8156303597074315,give_me_some_credit,2.4136440551757814,12,73,3.0,ha_uniform,0.8324250433925902,0.36575868263165484,0.0
0.5,1.851404799060107,give_me_some_credit,2.4136440551757814,13,73,3.0,ha_uniform,0.8335418152243965,0.36608490185133596,0.0
0.5,1.8855382741591513,give_me_some_credit,2.4136440551757814,14,73,3.0,ha_uniform,0.8348601282113522,0.36764129768969056,0.0
0.5,1.9196717492581958,give_me_some_credit,2.4136440551757814,15,73,3.0,ha_uniform,0.8352643796830481,0.3674244389134253,0.0
0.5,1.9538052243572404,give_me_some_credit,2.4136440551757814,16,73,3.0,ha_uniform,0.836061413709876,0.3675244225712893,0.0
0.5,1.9879386994562847,give_me_some_credit,2.4136440551757814,17,73,3.0,ha_uniform,0.8369696850925019,0.3681959165479974,0.004962779156327543
0.5,2.0213687557393016,give_me_some_credit,2.4136440551757814,18,73,3.0,ha_uniform,0.8372787890962005,0.3695316439828605,0.017114914425427872
0.5,2.054224045571829,give_me_some_credit,2.4136440551757814,19,73,3.0,ha_uniform,0.837939420960013,0.3703324448906706,0.04801920768307323
0.5,2.087079335404357,give_me_some_credit,2.4136440551757814,20,73,3.0,ha_uniform,0.8384500661188606,0.3703516588574114,0.05269461077844311
0.5,2.1199346252368847,give_me_some_credit,2.4136440551757814,21,73,3.0,ha_uniform,0.8391646464300048,0.37118630744705045,0.07109004739336493
0.5,2.1527899150694125,give_me_some_credit,2.4136440551757814,22,73,3.0,ha_uniform,0.8394959645002514,0.3712962417097184,0.08470588235294117
0.5,2.1850830738232294,give_me_some_credit,2.4136440551757814,23,73,3.0,ha_uniform,0.8394173523148727,0.3717376228831307,0.10244470314318975
0.5,2.2169124897850314,give_me_some_credit,2.4136440551757814,24,73,3.0,ha_uniform,0.839910794098875,0.3720533980276319,0.11547344110854503
0.5,2.2487419057468334,give_me_some_credit,2.4136440551757814,25,73,3.0,ha_uniform,0.8403632595596203,0.37265864054418996,0.12557077625570776
0.5,2.280571321708635,give_me_some_credit,2.4136440551757814,26,73,3.0,ha_uniform,0.8404272850647091,0.37273071030653043,0.1275626423690205
0.5,2.3124007376704365,give_me_some_credit,2.4136440551757814,27,73,3.0,ha_uniform,0.8408426714068552,0.37299984398905944,0.13363533408833522
0.5,2.3439996773347747,give_me_some_credit,2.4136440551757814,28,73,3.0,ha_uniform,0.8412470899016078,0.37384687739520295,0.13769751693002258
0.5,2.3749709444108813,give_me_some_credit,2.4136440551757814,29,73,3.0,ha_uniform,0.841404035900604,0.3739227712058455,0.14590347923681257
0.5,2.4059422114869884,give_me_some_credit,2.4136440551757814,30,73,3.0,ha_uniform,0.8415825835482735,0.37432520714938294,0.1455767077267637
0.5,2.4369134785630955,give_me_some_credit,2.4136440551757814,31,73,3.0,ha_uniform,0.8418196449401592,0.37476385973427156,0.1468298109010011
0.5,2.467884745639202,give_me_some_credit,2.4136440551757814,32,73,3.0,ha_uniform,0.8419285996475145,0.3746347309198982,0.1543550165380375
0.5,2.498856012715309,give_me_some_credit,2.4136440551757814,33,73,3.0,ha_uniform,0.8423287868914962,0.37488196434000526,0.16775599128540306
0.5,2.5291059961375773,give_me_some_credit,2.4136440551757814,34,73,3.0,ha_uniform,0.8421316996845267,0.3746917413238606,0.16919739696312364
0.5,2.5593325067950183,give_me_some_credit,2.4136440551757814,35,73,3.0,ha_uniform,0.8422640932941801,0.3745029485344206,0.17136659436008678
0.5,2.58955901745246,give_me_some_credit,2.4136440551757814,36,73,3.0,ha_uniform,0.8422871424760121,0.3745165254713533,0.16393442622950818
0.5,2.6197855281099014,give_me_some_credit,2.4136440551757814,37,73,3.0,ha_uniform,0.8425661823294951,0.3754231982624607,0.1771058315334773
0.5,2.6500120387673425,give_me_some_credit,2.4136440551757814,38,73,3.0,ha_uniform,0.8424673046798968,0.37568785331721916,0.17672413793103448
0.5,2.679679651941155,give_me_some_credit,2.4136440551757814,39,73,3.0,ha_uniform,0.8428192779348289,0.3760979283512387,0.18976545842217485
0.5,2.709239428457661,give_me_some_credit,2.4136440551757814,40,73,3.0,ha_uniform,0.84326372628885,0.3767309593514624,0.19852164730728616
0.5,2.738799204974167,give_me_some_credit,2.4136440551757814,41,73,3.0,ha_uniform,0.8432546513694332,0.3767559391697946,0.2006335797254488
0.5,2.7683589814906733,give_me_some_credit,2.4136440551757814,42,73,3.0,ha_uniform,0.8431555510224262,0.3768204477008842,0.20231822971549
0.5,2.7979187580071794,give_me_some_credit,2.4136440551757814,43,73,3.0,ha_uniform,0.8430169218853205,0.37674011071458113,0.19873150105708245
0.5,2.826878677548483,give_me_some_credit,2.4136440551757814,44,73,3.0,ha_uniform,0.8430540010039198,0.37698160001653946,0.19703389830508475
0.5,2.855826404015162,give_me_some_credit,2.4136440551757814,45,73,3.0,ha_uniform,0.8429183226074838,0.376855877083286,0.1932059447983015
0.5,2.8847741304818415,give_me_some_credit,2.4136440551757814,46,73,3.0,ha_uniform,0.8432562102512962,0.3775042732427895,0.20609884332281808
0.5,2.9137218569485213,give_me_some_credit,2.4136440551757814,47,73,3.0,ha_uniform,0.8434537428530834,0.37747276466812385,0.20609884332281808
0.5,2.9424300249885262,give_me_some_credit,2.4136440551757814,48,73,3.0,ha_uniform,0.8431726987229196,0.3774384075278448,0.20609884332281808
0.5,2.9708047760867227,give_me_some_credit,2.4136440551757814,49,73,3.0,ha_uniform,0.8433227967765886,0.37746701605167066,0.20964360587002095
0.5,2.9999247835461107,give_me_some_credit,2.4136440551757814,50,73,3.0,ha_uniform,0.8430190375107061,0.3773141095138401,0.20609884332281808
0.5,0.21393815126735966,give_me_some_credit,12.537766884101114,1,73,3.0,full_ha_dp,0.5749674082341921,0.09214745538620608,0.0
0.5,0.2338967889459652,give_me_some_credit,8.865539984684029,2,73,3.0,full_ha_dp,0.5727355348011469,0.08829692664996744,0.0
0.5,0.26430093985822944,give_me_some_credit,7.2386830855725535,3,73,3.0,full_ha_dp,0.6565367925070339,0.12318986078442205,0.0
0.5,0.30548554114272175,give_me_some_credit,6.268883442050557,4,73,3.0,full_ha_dp,0.7285795156687671,0.17673417347456513,0.0
0.5,0.35525414453044446,give_me_some_credit,5.607059807779164,5,73,3.0,full_ha_dp,0.7684034911827414,0.23115922381155102,0.0
0.5,0.40617994624704845,give_me_some_credit,5.118521896668714,6,73,3.0,full_ha_dp,0.7868023613942461,0.268759762532348,0.0
0.5,0.4577050731331316,give_me_some_credit,4.7388304530618175,7,73,3.0,full_ha_dp,0.8013010205331464,0.3029152944703578,0.0
0.5,0.5097652373790864,give_me_some_credit,4.432769992342014,8,73,3.0,full_ha_dp,0.8103788350164061,0.32428375878155874,0.0
0.5,0.5624075794140359,give_me_some_credit,4.1792556280337045,9,73,3.0,full_ha_dp,0.8157973970236045,0.33519477845657736,0.0
0.5,0.6155083454305309,give_me_some_credit,3.964790012599186,10,73,3.0,full_ha_dp,0.8206568215111444,0.3406537236279734,0.0
0.5,0.6689386183484591,give_me_some_credit,3.780278951227885,11,73,3.0,full_ha_dp,0.8234366975933981,0.3473296462183351,0.0
0.5,0.722877439181141,give_me_some_credit,3.6193415427862767,12,73,3.0,full_ha_dp,0.8268994196060125,0.3523620988169551,0.0
0.5,0.7772605737198169,give_me_some_credit,3.4773508754185336,13,73,3.0,full_ha_dp,0.8288487457013832,0.35521680700653596,0.0
0.5,0.8320373473503914,give_me_some_credit,3.3508591482533303,14,73,3.0,full_ha_dp,0.8311897965391932,0.35914233639682713,0.0
0.5,0.8872071704016955,give_me_some_credit,3.2372374893836318,15,73,3.0,full_ha_dp,0.8319236958505682,0.359925130689254,0.0
0.5,0.9425673311928081,give_me_some_credit,3.1344417210252784,16,73,3.0,full_ha_dp,0.8333806936489816,0.36143905847727265,0.0
0.5,0.9983629157666947,give_me_some_credit,3.040855127795301,17,73,3.0,full_ha_dp,0.8349115156384803,0.3635304685905849,0.0
0.5,1.0545574294451563,give_me_some_credit,2.955179994894676,18,73,3.0,full_ha_dp,0.8356876717832139,0.3661564744717691,0.0
0.5,1.1112439257802336,give_me_some_credit,2.8763609908140837,19,73,3.0,full_ha_dp,0.8366485554287171,0.367750493997136,0.0
0.5,1.1681788421389987,give_me_some_credit,2.803529903889582,20,73,3.0,full_ha_dp,0.837443418155807,0.3687093384646331,0.0
0.5,1.2249019275251567,give_me_some_credit,2.735965037719237,21,73,3.0,full_ha_dp,0.8385974918036219,0.3697359036037404,0.0
0.5,1.2825253519714301,give_me_some_credit,2.673060881190007,22,73,3.0,full_ha_dp,0.8392247190560836,0.37064229457513415,0.0
0.5,1.3403918246729398,give_me_some_credit,2.614305115422539,23,73,3.0,full_ha_dp,0.8393068387256541,0.3727605854110884,0.0
0.5,1.398114111371864,give_me_some_credit,2.559260948334357,24,73,3.0,full_ha_dp,0.8399543314423354,0.3729085232543206,0.0
0.5,1.4569086600650054,give_me_some_credit,2.5075533768202227,25,73,3.0,full_ha_dp,0.8406392929980817,0.374522318090125,0.0
0.5,1.5151223978516515,give_me_some_credit,2.4588583845734227,26,73,3.0,full_ha_dp,0.8409846966794481,0.3745789936959117,0.012315270935960592
0.5,1.574113079356338,give_me_some_credit,2.412894361857518,27,73,3.0,full_ha_dp,0.8414909992388203,0.37533392835634904,0.043373493975903614
0.5,1.6339027337067096,give_me_some_credit,2.3694152265309087,28,73,3.0,full_ha_dp,0.842048856248377,0.37707849788634196,0.05959475566150179
0.5,1.6923559704555728,give_me_some_credit,2.3282048615281985,29,73,3.0,full_ha_dp,0.8423031766894605,0.37763526558089683,0.07565011820330969
0.5,1.7530214723822732,give_me_some_credit,2.28907258105448,30,73,3.0,full_ha_dp,0.8426648372816842,0.378342752625815,0.08695652173913043
0.5,1.8137661832329894,give_me_some_credit,2.251849407960276,31,73,3.0,full_ha_dp,0.8428995046764229,0.37876445172997675,0.10023310023310024
0.5,1.8723848072367457,give_me_some_credit,2.216384996171007,32,73,3.0,full_ha_dp,0.8430408618567886,0.37831123316662585,0.1152073732718894
0.5,1.9327299678636107,give_me_some_credit,2.1825450701032953,33,73,3.0,full_ha_dp,0.8435688774135388,0.37762194329765614,0.13393870601589103
0.5,1.9934775104403357,give_me_some_credit,2.150209281469942,34,73,3.0,full_ha_dp,0.8436027274197077,0.37730466333991547,0.13544018058690746
0.5,2.0544621898261104,give_me_some_credit,2.1192694053784704,35,73,3.0,full_ha_dp,0.8437832793440582,0.3771955263806268,0.1414141414141414
0.5,2.1157361187746453,give_me_some_credit,2.0896278140168523,36,73,3.0,full_ha_dp,0.8437934677505199,0.37575732188058797,0.1373873873873874
0.5,2.1772404675784753,give_me_some_credit,2.061196178816868,37,73,3.0,full_ha_dp,0.8441032398464458,0.3763944038354594,0.15077605321507762
0.5,2.238984498052143,give_me_some_credit,2.0338943617450953,38,73,3.0,full_ha_dp,0.8439967904849415,0.37645391985706356,0.1543550165380375
0.5,2.3009874878869474,give_me_some_credit,2.0076494639896714,39,73,3.0,full_ha_dp,0.844370866457717,0.37723451277821773,0.16393442622950818
0.5,2.3632401507945393,give_me_some_credit,1.982395006299593,40,73,3.0,full_ha_dp,0.8447200003206843,0.37784501060484205,0.1841541755888651
0.5,2.42574359859711,give_me_some_credit,1.958070219972458,41,73,3.0,full_ha_dp,0.8446446172477362,0.3781678756365339,0.1841541755888651
0.5,2.4885107434115215,give_me_some_credit,1.9346194312605811,42,73,3.0,full_ha_dp,0.8445287032463492,0.3783117227031873,0.18763326226012794
0.5,2.551482680986833,give_me_some_credit,1.9119915249888955,43,73,3.0,full_ha_dp,0.8443356245927421,0.37805101177546657,0.1932059447983015
0.5,2.614679449256108,give_me_some_credit,1.8901394756139425,44,73,3.0,full_ha_dp,0.8443341770595836,0.37840662770615746,0.19491525423728814
0.5,2.6781978968283657,give_me_some_credit,1.869019935926388,45,73,3.0,full_ha_dp,0.8443021086326867,0.37813210468794456,0.20442571127502634
0.5,2.7418388185826217,give_me_some_credit,1.848592875205958,46,73,3.0,full_ha_dp,0.8444434101387004,0.3786648830811907,0.21689259645464026
0.5,2.805848751624819,give_me_some_credit,1.828821259951993,47,73,3.0,full_ha_dp,0.8447273493351815,0.3787695584453122,0.22245322245322247
0.5,2.869946834812401,give_me_some_credit,1.8096707713931384,48,73,3.0,full_ha_dp,0.8445032043930183,0.37856420644558963,0.22750775594622544
0.5,2.9348346792356885,give_me_some_credit,1.7911095548715879,49,73,3.0,full_ha_dp,0.8448030664542431,0.37877937354990887,0.23408624229979466
0.5,2.9999316467714094,give_me_some_credit,1.7731079969368058,50,73,3.0,full_ha_dp,0.8443475389041238,0.37870957272328004,0.2309278350515464
0.5,0.9037198738676814,give_me_some_credit,1.6446456909179688,1,101,3.0,dp_uniform,0.4591461603180831,0.08220451029066131,0.0
0.5,0.970324981651021,give_me_some_credit,1.6446456909179688,2,101,3.0,dp_uniform,0.49837386351944757,0.08901677900592374,0.0
0.5,1.0300085645023314,give_me_some_credit,1.6446456909179688,3,101,3.0,dp_uniform,0.5990500173926676,0.1234159452999107,0.0
0.5,1.0860955724021304,give_me_some_credit,1.6446456909179688,4,101,3.0,dp_uniform,0.6691402966953041,0.15991123193793205,0.0
0.5,1.140297027111926,give_me_some_credit,1.6446456909179688,5,101,3.0,dp_uniform,0.7179631961353983,0.19423660739375417,0.0
0.5,1.193458822238286,give_me_some_credit,1.6446456909179688,6,101,3.0,dp_uniform,0.7510921637681114,0.22549608059591306,0.0
0.5,1.2452449167005506,give_me_some_credit,1.6446456909179688,7,101,3.0,dp_uniform,0.7678712443752203,0.24643221297255657,0.0
0.5,1.2963485006567026,give_me_some_credit,1.6446456909179688,8,101,3.0,dp_uniform,0.7801830149576943,0.2622548958551756,0.0
0.5,1.3467262257836772,give_me_some_credit,1.6446456909179688,9,101,3.0,dp_uniform,0.7902650277325083,0.27792779122981887,0.0
0.5,1.3964476423145546,give_me_some_credit,1.6446456909179688,10,101,3.0,dp_uniform,0.7967107258643888,0.28918595914163137,0.0
0.5,1.44567714771501,give_me_some_credit,1.6446456909179688,11,101,3.0,dp_uniform,0.8035432493957104,0.30276053047529966,0.0
0.5,1.4943283476165674,give_me_some_credit,1.6446456909179688,12,101,3.0,dp_uniform,0.8073876190930069,0.3082250793172002,0.0
0.5,1.5425866999517663,give_me_some_credit,1.6446456909179688,13,101,3.0,dp_uniform,0.8115515038978727,0.3151780710304746,0.0
0.5,1.5902905607127855,give_me_some_credit,1.6446456909179688,14,101,3.0,dp_uniform,0.8138106577635211,0.31902493401617366,0.0
0.5,1.6376997533653506,give_me_some_credit,1.6446456909179688,15,101,3.0,dp_uniform,0.8172217696515988,0.3271159852239884,0.0
0.5,1.6844855787952988,give_me_some_credit,1.6446456909179688,16,101,3.0,dp_uniform,0.8192961403421256,0.3293511279774075,0.0
0.5,1.7310441213751813,give_me_some_credit,1.6446456909179688,17,101,3.0,dp_uniform,0.820333798919383,0.3296485862233814,0.0
0.5,1.776985525068795,give_me_some_credit,1.6446456909179688,18,101,3.0,dp_uniform,0.8226318134829029,0.3333785341308136,0.0
0.5,1.8225411915227507,give_me_some_credit,1.6446456909179688,19,101,3.0,dp_uniform,0.8250439604685376,0.33595397878658434,0.0
0.5,1.8677039145473204,give_me_some_credit,1.6446456909179688,20,101,3.0,dp_uniform,0.8259155424530298,0.33701121064302075,0.0
0.5,1.9123558794096323,give_me_some_credit,1.6446456909179688,21,101,3.0,dp_uniform,0.8269405629523263,0.3389212843250607,0.0
0.5,1.9564547744840064,give_me_some_credit,1.6446456909179688,22,101,3.0,dp_uniform,0.8282126105525612,0.33983048016407785,0.0
0.5,2.000068857793221,give_me_some_credit,1.6446456909179688,23,101,3.0,dp_uniform,0.8288510283498256,0.34029880188362677,0.0
0.5,2.043165683990524,give_me_some_credit,1.6446456909179688,24,101,3.0,dp_uniform,0.8302766814879214,0.34249840226532885,0.0
0.5,2.0857258222945143,give_me_some_credit,1.6446456909179688,25,101,3.0,dp_uniform,0.8307729626638887,0.3424442285317125,0.0
0.5,2.127739617055028,give_me_some_credit,1.6446456909179688,26,101,3.0,dp_uniform,0.8314906607387585,0.3434749185788924,0.0
0.5,2.1692048350540927,give_me_some_credit,1.6446456909179688,27,101,3.0,dp_uniform,0.8315887032730729,0.34272853880011944,0.0
0.5,2.2101249573907165,give_me_some_credit,1.6446456909179688,28,101,3.0,dp_uniform,0.8322379775690261,0.3433516882537111,0.0
0.5,2.2505079409912185,give_me_some_credit,1.6446456909179688,29,101,3.0,dp_uniform,0.8325971328153987,0.34363463398273764,0.0
0.5,2.290365322549611,give_me_some_credit,1.6446456909179688,30,101,3.0,dp_uniform,0.8330247675150398,0.3448461922035082,0.0
0.5,2.3297115736962257,give_me_some_credit,1.6446456909179688,31,101,3.0,dp_uniform,0.8337147397624889,0.34648672734515107,0.0
0.5,2.3685636406460864,give_me_some_credit,1.6446456909179688,32,101,3.0,dp_uniform,0.8344777010857389,0.34755393598211604,0.0
0.5,2.406940621263576,give_me_some_credit,1.6446456909179688,33,101,3.0,dp_uniform,0.8351434549899585,0.3503753514939832,0.0
0.5,2.4448635445456435,give_me_some_credit,1.6446456909179688,34,101,3.0,dp_uniform,0.8356964683308695,0.35057004485804766,0.0
0.5,2.4823552275384886,give_me_some_credit,1.6446456909179688,35,101,3.0,dp_uniform,0.8357050421811162,0.35059084432717846,0.0
0.5,2.5193535918632035,give_me_some_credit,1.6446456909179688,36,101,3.0,dp_uniform,0.8364407787461156,0.35270786952049116,0.0
0.5,2.555925187488827,give_me_some_credit,1.6446456909179688,37,101,3.0,dp_uniform,0.8368330045577252,0.3519732638633424,0.0
0.5,2.592118710385235,give_me_some_credit,1.6446456909179688,38,101,3.0,dp_uniform,0.8375341673499767,0.35192009270826435,0.0
0.5,2.627961905190929,give_me_some_credit,1.6446456909179688,39,101,3.0,dp_uniform,0.8377252974012548,0.3535898430535213,0.0
0.5,2.6634274150366566,give_me_some_credit,1.6446456909179688,40,101,3.0,dp_uniform,0.8376625524062677,0.35330758830505415,0.0
0.5,2.698443415915643,give_me_some_credit,1.6446456909179688,41,101,3.0,dp_uniform,0.83811295791598,0.35404917776533307,0.0
0.5,2.733171944153107,give_me_some_credit,1.6446456909179688,42,101,3.0,dp_uniform,0.837972046130432,0.35433195918973703,0.0
0.5,2.7676269605890673,give_me_some_credit,1.6446456909179688,43,101,3.0,dp_uniform,0.8383852054984882,0.35435710067287307,0.0
0.5,2.801598947779769,give_me_some_credit,1.6446456909179688,44,101,3.0,dp_uniform,0.8383855952189538,0.35460542339691603,0.0
0.5,2.8353534623747163,give_me_some_credit,1.6446456909179688,45,101,3.0,dp_uniform,0.8395682298094735,0.3571512932207893,0.0
0.5,2.868806349566292,give_me_some_credit,1.6446456909179688,46,101,3.0,dp_uniform,0.8396159984037048,0.3568114292948921,0.0
0.5,2.9018822936742747,give_me_some_credit,1.6446456909179688,47,101,3.0,dp_uniform,0.839280671780096,0.3572710618446583,0.0
0.5,2.934818874970912,give_me_some_credit,1.6446456909179688,48,101,3.0,dp_uniform,0.8389173966316573,0.3547956764566672,0.0
0.5,2.967337279862218,give_me_some_credit,1.6446456909179688,49,101,3.0,dp_uniform,0.8393270485155213,0.3573925145555609,0.0
0.5,2.9997971386511657,give_me_some_credit,1.6446456909179688,50,101,3.0,dp_uniform,0.8389996833242844,0.357070163747237,0.0
0.5,0.1140142436785575,give_me_some_credit,8.679542653002075,1,101,3.0,scheduler,0.31031241551417044,0.04694922804363249,0.0
0.5,0.13422573955600808,give_me_some_credit,6.1373634675356445,2,101,3.0,scheduler,0.2882243956994458,0.04420534001756925,0.0
0.5,0.16517588773007785,give_me_some_credit,5.011136287153588,3,101,3.0,scheduler,0.3428530722666454,0.05055666987200695,0.0
0.5,0.20733460107934537,give_me_some_credit,4.339771326501038,4,101,3.0,scheduler,0.4017520273258629,0.06173184288137992,0.0
0.5,0.2579248383211079,give_me_some_credit,3.881609477144302,5,101,3.0,scheduler,0.4682380604124623,0.07921812615211596,0.0
0.5,0.3095433022348859,give_me_some_credit,3.5434084500962797,6,101,3.0,scheduler,0.5414792296807543,0.10093257741463585,0.0
0.5,0.3618270422952134,give_me_some_credit,3.2805587648030388,7,101,3.0,scheduler,0.5994988640205167,0.12295321610009449,0.0
0.5,0.414773174112698,give_me_some_credit,3.0686817337678223,8,101,3.0,scheduler,0.6520203777037136,0.1474273853040095,0.0
0.5,0.46820552154110584,give_me_some_credit,2.8931808843340248,9,101,3.0,scheduler,0.6992297787412163,0.17578119981715862,0.0
0.5,0.5222148021969925,give_me_some_credit,2.744712383206705,10,101,3.0,scheduler,0.7320495310215264,0.20319112617361684,0.0
0.5,0.5768301144366031,give_me_some_credit,2.6169805756267057,11,101,3.0,scheduler,0.7611713371509607,0.2353907951526969,0.0
0.5,0.6318884698567758,give_me_some_credit,2.505568143576794,12,101,3.0,scheduler,0.7764193173968098,0.2559099714511318,0.0
0.5,0.6872627620826892,give_me_some_credit,2.4072720063827484,13,101,3.0,scheduler,0.7905207400323981,0.27631581384602005,0.0
0.5,0.743224080138206,give_me_some_credit,2.3197053486731933,14,101,3.0,scheduler,0.798752193012735,0.28921002727711925,0.0
0.5,0.799518347196606,give_me_some_credit,2.2410482765182653,15,101,3.0,scheduler,0.8076245134618356,0.3069510501452472,0.0
0.5,0.8563703920160792,give_me_some_credit,2.169885663250519,16,101,3.0,scheduler,0.812658477043683,0.3150379197348941,0.0
0.5,0.9136115263224162,give_me_some_credit,2.10509830237537,17,101,3.0,scheduler,0.81570108039421,0.3189416291983237,0.0
0.5,0.9711696431921598,give_me_some_credit,2.0457878225118815,18,101,3.0,scheduler,0.8204710918720345,0.3269894797071919,0.0
0.5,1.0291020038856635,give_me_some_credit,1.9912236473993137,19,101,3.0,scheduler,0.824220202752629,0.33246567252980586,0.0
0.5,1.0876402625156039,give_me_some_credit,1.940804738572151,20,101,3.0,scheduler,0.8260058462523812,0.33539036106841547,0.0
0.5,1.1468950190770046,give_me_some_credit,1.8940314859514207,21,101,3.0,scheduler,0.8277833612967047,0.3398246979653514,0.0
0.5,1.2054121558303694,give_me_some_credit,1.8504847112591178,22,101,3.0,scheduler,0.8301378296534071,0.34279004431169896,0.0
0.5,1.2654131234313308,give_me_some_credit,1.8098097505741157,23,101,3.0,scheduler,0.8311789400405043,0.3439918566460559,0.0
0.5,1.324926343468818,give_me_some_credit,1.7717042250481398,24,101,3.0,scheduler,0.833060065054367,0.347317425469931,0.0
0.5,1.385593287994661,give_me_some_credit,1.735908530600415,25,101,3.0,scheduler,0.8338542040148781,0.34868441436589115,0.0
0.5,1.4456769470021238,give_me_some_credit,1.7021983598737873,26,101,3.0,scheduler,0.8348930317535328,0.3505425128104177,0.0
0.5,1.5079778180864687,give_me_some_credit,1.6703787623845288,27,101,3.0,scheduler,0.835198962319153,0.3505953643361966,0.0
0.5,1.5678358744003265,give_me_some_credit,1.6402793824015194,28,101,3.0,scheduler,0.8360443216837349,0.3514562000295101,0.0
0.5,1.630189537547099,give_me_some_credit,1.6117506081713664,29,101,3.0,scheduler,0.8366365854429829,0.35234359638888935,0.0
0.5,1.693407435390713,give_me_some_credit,1.5846604332924905,30,101,3.0,scheduler,0.8371900998530643,0.35343410119218044,0.0
0.5,1.7539055665398542,give_me_some_credit,1.5588918796467126,31,101,3.0,scheduler,0.8379419263058642,0.3548742613427781,0.0
0.5,1.8163844579368815,give_me_some_credit,1.5343408668839111,32,101,3.0,scheduler,0.8388686815734373,0.3561707060630122,0.0
0.5,1.8793860125444208,give_me_some_credit,1.5109144398021002,33,101,3.0,scheduler,0.8394549325026424,0.3585101959267295,0.0
0.5,1.9426861059202922,give_me_some_credit,1.4885292846739133,34,101,3.0,scheduler,0.8401879966987336,0.3589241419943986,0.0
0.5,2.0063382065846174,give_me_some_credit,1.4671104804564679,35,101,3.0,scheduler,0.8402037525404208,0.3597523711615369,0.0
0.5,2.070314928626332,give_me_some_credit,1.4465904421670124,36,101,3.0,scheduler,0.8410129235760394,0.3614338243528669,0.0
0.5,2.134653278314055,give_me_some_credit,1.4269080224271953,37,101,3.0,scheduler,0.8413308241273936,0.3613334576600389,0.0
0.5,2.19928463636891,give_me_some_credit,1.4080077439350656,38,101,3.0,scheduler,0.8418676919061516,0.3611818430918204,0.0
0.5,2.2642399173447383,give_me_some_credit,1.3898391408977302,39,101,3.0,scheduler,0.8419952418471591,0.3616584001305954,0.0
0.5,2.329534316973269,give_me_some_credit,1.3723561916033524,40,101,3.0,scheduler,0.8420978496783581,0.36208605153657836,0.0
0.5,2.3951646127236033,give_me_some_credit,1.3555168275919462,41,101,3.0,scheduler,0.8427255779999901,0.3633346451327771,0.0
0.5,2.461058223623894,give_me_some_credit,1.3392825074970829,42,101,3.0,scheduler,0.8426684561145805,0.3638291632898031,0.0
0.5,2.5272938098258395,give_me_some_credit,1.323617845723679,43,101,3.0,scheduler,0.8430490459865696,0.3635532249574845,0.0
0.5,2.5939172189199184,give_me_some_credit,1.3084902878133529,44,101,3.0,scheduler,0.843042699110413,0.3636179293068744,0.0
0.5,2.660763687793783,give_me_some_credit,1.2938698257147672,45,101,3.0,scheduler,0.8442064600955194,0.3657315292946713,0.0
0.5,2.728015629045294,give_me_some_credit,1.2797287472884915,46,101,3.0,scheduler,0.8441771197118829,0.3655754078890894,0.0
0.5,2.7954988593574015,give_me_some_credit,1.2660414152857606,47,101,3.0,scheduler,0.8438359472812877,0.3651849607082547,0.0
0.5,2.8634134340684594,give_me_some_credit,1.252784071788397,48,101,3.0,scheduler,0.8434487321613808,0.3630907070617011,0.0
0.5,2.9315349969842557,give_me_some_credit,1.2399346647145824,49,101,3.0,scheduler,0.8438765338840788,0.3653001442455623,0.0
0.5,2.999988495112577,give_me_some_credit,1.227472693507129,50,101,3.0,scheduler,0.843684624391869,0.3654049139570832,0.0
0.5,0.9847897734243503,give_me_some_credit,1.6851564453125,1,101,3.0,ha_uniform,0.5518201838678888,0.14499613123197347,0.0
0.5,1.0364011428956523,give_me_some_credit,1.6851564453125,2,101,3.0,ha_uniform,0.5609757754212433,0.11716367472298764,0.0
0.5,1.0880125123669544,give_me_some_credit,1.6851564453125,3,101,3.0,ha_uniform,0.6711656739558498,0.1707472954163532,0.0
0.5,1.139623881838257,give_me_some_credit,1.6851564453125,4,101,3.0,ha_uniform,0.7443469376211196,0.23656175661104387,0.0
0.5,1.1912352513095588,give_me_some_credit,1.6851564453125,5,101,3.0,ha_uniform,0.7808523876948101,0.28398111733237213,0.0
0.5,1.242846620780861,give_me_some_credit,1.6851564453125,6,101,3.0,ha_uniform,0.8007419943621923,0.3190327148302625,0.0
0.5,1.29316707107919,give_me_some_credit,1.6851564453125,7,101,3.0,ha_uniform,0.8115394225634341,0.3381653045872524,0.0
0.5,1.3431744396838088,give_me_some_credit,1.6851564453125,8,101,3.0,ha_uniform,0.819480422448077,0.35014587417972737,0.0
0.5,1.3920261471978823,give_me_some_credit,1.6851564453125,9,101,3.0,ha_uniform,0.8244479108533365,0.35726025287989377,0.0
0.5,1.4407386345860724,give_me_some_credit,1.6851564453125,10,101,3.0,ha_uniform,0.8282474626970705,0.3627160057511793,0.0
0.5,1.4885858330488075,give_me_some_credit,1.6851564453125,11,101,3.0,ha_uniform,0.8315243993962227,0.36678182451056984,0.0
0.5,1.5362596776462214,give_me_some_credit,1.6851564453125,12,101,3.0,ha_uniform,0.8338192405216642,0.37025601298176536,0.0
0.5,1.5832486999706734,give_me_some_credit,1.6851564453125,13,101,3.0,ha_uniform,0.8357413418587839,0.3722856878177784,0.0
0.5,1.6299836110326322,give_me_some_credit,1.6851564453125,14,101,3.0,ha_uniform,0.8373354099124398,0.3744941931794297,0.0
0.5,1.6762151364303417,give_me_some_credit,1.6851564453125,15,101,3.0,ha_uniform,0.8392490487480174,0.37679533536613935,0.0
0.5,1.7220336023065197,give_me_some_credit,1.6851564453125,16,101,3.0,ha_uniform,0.8406746462117611,0.37842562168863025,0.0
0.5,1.767561213456728,give_me_some_credit,1.6851564453125,17,101,3.0,ha_uniform,0.841557864135874,0.37975885216023847,0.0
0.5,1.8124676031712412,give_me_some_credit,1.6851564453125,18,101,3.0,ha_uniform,0.8426256425376993,0.38129327997505885,0.0
0.5,1.8570063463881628,give_me_some_credit,1.6851564453125,19,101,3.0,ha_uniform,0.8436722646856694,0.38286998077382167,0.0
0.5,1.901116130132515,give_me_some_credit,1.6851564453125,20,101,3.0,ha_uniform,0.8443344554313447,0.3838787331701778,0.0
0.5,1.9447427999717037,give_me_some_credit,1.6851564453125,21,101,3.0,ha_uniform,0.8450561063852245,0.3848011413147772,0.0024906600249066002
0.5,1.9878498556873603,give_me_some_credit,1.6851564453125,22,101,3.0,ha_uniform,0.8454382551390768,0.38541080924283455,0.009925558312655087
0.5,2.030413962757567,give_me_some_credit,1.6851564453125,23,101,3.0,ha_uniform,0.8457616674513038,0.38563091348426387,0.02219482120838471
0.5,2.072421651770119,give_me_some_credit,1.6851564453125,24,101,3.0,ha_uniform,0.846389173075527,0.38641943418457886,0.026862026862026864
0.5,2.1138668983508255,give_me_some_credit,1.6851564453125,25,101,3.0,ha_uniform,0.8466958274077264,0.3868681476020846,0.026731470230862697
0.5,2.1547493524939703,give_me_some_credit,1.6851564453125,26,101,3.0,ha_uniform,0.846849766991701,0.38721197210603625,0.03385731559854897
0.5,2.1950730452565703,give_me_some_credit,1.6851564453125,27,101,3.0,ha_uniform,0.8469203063960031,0.38721939937552446,0.04567307692307692
0.5,2.2348454459513536,give_me_some_credit,1.6851564453125,28,101,3.0,ha_uniform,0.8471203443436415,0.387330531815638,0.04790419161676647
0.5,2.2740767770549875,give_me_some_credit,1.6851564453125,29,101,3.0,ha_uniform,0.847193556116852,0.38772914845412876,0.052568697729988054
0.5,2.312779518696353,give_me_some_credit,1.6851564453125,30,101,3.0,ha_uniform,0.8474975380801433,0.3878346117375738,0.05714285714285714
0.5,2.350968053745873,give_me_some_credit,1.6851564453125,31,101,3.0,ha_uniform,0.848007014077594,0.388303794084708,0.06611570247933884
0.5,2.388658417154578,give_me_some_credit,1.6851564453125,32,101,3.0,ha_uniform,0.8483171758939853,0.38855361798264004,0.07728337236533958
0.5,2.4258681235029362,give_me_some_credit,1.6851564453125,33,101,3.0,ha_uniform,0.8483695097851016,0.38904898187063236,0.08177570093457943
0.5,2.4626160537403696,give_me_some_credit,1.6851564453125,34,101,3.0,ha_uniform,0.8485619203464815,0.3890894753807736,0.08604651162790698
0.5,2.498922387312147,give_me_some_credit,1.6851564453125,35,101,3.0,ha_uniform,0.8485389268390017,0.3891697578928993,0.09468822170900693
0.5,2.5348085695364566,give_me_some_credit,1.6851564453125,36,101,3.0,ha_uniform,0.8484894880142027,0.38915051465268247,0.10321100917431193
0.5,2.5702973071998922,give_me_some_credit,1.6851564453125,37,101,3.0,ha_uniform,0.8488458595429625,0.3893744129655379,0.10526315789473684
0.5,2.605412586975422,give_me_some_credit,1.6851564453125,38,101,3.0,ha_uniform,0.8492129205473546,0.3895304386916529,0.11149032992036405
0.5,2.6400968004175778,give_me_some_credit,1.6851564453125,39,101,3.0,ha_uniform,0.849107751695952,0.3894679343040334,0.11764705882352941
0.5,2.6743899529873856,give_me_some_credit,1.6851564453125,40,101,3.0,ha_uniform,0.849196607962145,0.38972291553138017,0.11751412429378531
0.5,2.70836340660703,give_me_some_credit,1.6851564453125,41,101,3.0,ha_uniform,0.8494917377034285,0.3899204070483764,0.12373453318335208
0.5,2.7420452299588565,give_me_some_credit,1.6851564453125,42,101,3.0,ha_uniform,0.8493928600538305,0.38996847988907485,0.13004484304932734
0.5,2.775312806357697,give_me_some_credit,1.6851564453125,43,101,3.0,ha_uniform,0.8496328721863853,0.390168988886035,0.12989921612541994
0.5,2.808263815990312,give_me_some_credit,1.6851564453125,44,101,3.0,ha_uniform,0.8498059080731819,0.39046157943117343,0.1318435754189944
0.5,2.840985668063613,give_me_some_credit,1.6851564453125,45,101,3.0,ha_uniform,0.8501080527828491,0.3907099123227709,0.13392857142857142
0.5,2.8733173217129657,give_me_some_credit,1.6851564453125,46,101,3.0,ha_uniform,0.8501753074003685,0.3907094863980356,0.14
0.5,2.9053774169994733,give_me_some_credit,1.6851564453125,47,101,3.0,ha_uniform,0.8500716974308292,0.3903261274684769,0.14412416851441243
0.5,2.937243540280898,give_me_some_credit,1.6851564453125,48,101,3.0,ha_uniform,0.8498354154798751,0.38997072968341273,0.14601769911504425
0.5,2.968679828852616,give_me_some_credit,1.6851564453125,49,101,3.0,ha_uniform,0.8498385889179534,0.39014552437504885,0.14994487320837926
0.5,2.999994584881049,give_me_some_credit,1.6851564453125,50,101,3.0,ha_uniform,0.8496833131495248,0.39033039818522614,0.15198237885462554
0.5,0.21346848337955682,give_me_some_credit,8.876472026937593,1,101,3.0,full_ha_dp,0.4642514984195165,0.10642537253170924,0.0
0.5,0.23254483043446517,give_me_some_credit,6.2766135632602715,2,101,3.0,full_ha_dp,0.3405392461870863,0.0507134539998195,0.0
0.5,0.26172150644804626,give_me_some_credit,5.124833514206602,3,101,3.0,full_ha_dp,0.3607901237262265,0.052954771360740435,0.0
0.5,0.30141324782964474,give_me_some_credit,4.438236013468797,4,101,3.0,full_ha_dp,0.4220516199232228,0.06485261045898329,0.0
0.5,0.35001469141417885,give_me_some_credit,3.969678970521561,5,101,3.0,full_ha_dp,0.5120771031877352,0.08929074398016805,0.0
0.5,0.40003754752912046,give_me_some_credit,3.6238045303475728,6,101,3.0,full_ha_dp,0.6167751722675807,0.1277484372975818,0.0
0.5,0.4507034564423704,give_me_some_credit,3.354991071842614,7,101,3.0,full_ha_dp,0.6954779954917137,0.17549725715926243,0.0
0.5,0.5020006353056209,give_me_some_credit,3.1383067816301358,8,101,3.0,full_ha_dp,0.7473627059338616,0.22746678411192472,0.0
0.5,0.5537693443498483,give_me_some_credit,2.9588240089791977,9,101,3.0,full_ha_dp,0.7769184936390939,0.2701394493276481,0.0
0.5,0.6060897581451983,give_me_some_credit,2.8069869191894283,10,101,3.0,full_ha_dp,0.7956610416270451,0.3011056862127752,0.0
0.5,0.6589344977251452,give_me_some_credit,2.6763570159488603,11,101,3.0,full_ha_dp,0.8078209882509301,0.32203893700531205,0.0
0.5,0.712186796328979,give_me_some_credit,2.562416757103301,12,101,3.0,full_ha_dp,0.8163163376609379,0.3366025741147169,0.0
0.5,0.7660151272813274,give_me_some_credit,2.46189038756502,13,101,3.0,full_ha_dp,0.8224036043130253,0.3474249613566447,0.0
0.5,0.8200275397697597,give_me_some_credit,2.3723369377202363,14,101,3.0,full_ha_dp,0.8271790718773704,0.3553675365136671,0.0
0.5,0.8748170878761229,give_me_some_credit,2.2918952222270192,15,101,3.0,full_ha_dp,0.8316435981843926,0.36344233596390335,0.0
0.5,0.9296880982721677,give_me_some_credit,2.2191180067343983,16,101,3.0,full_ha_dp,0.8350424060406226,0.3677028268841643,0.0
0.5,0.9850095064314727,give_me_some_credit,2.1528606911708343,17,101,3.0,full_ha_dp,0.837212870663135,0.37045712100404854,0.0
0.5,1.0408217660397217,give_me_some_credit,2.092204521086757,18,101,3.0,full_ha_dp,0.839604696510198,0.3741922067281708,0.0
0.5,1.097217622554077,give_me_some_credit,2.036402344241401,19,101,3.0,full_ha_dp,0.841801049706507,0.37663213663334655,0.0
0.5,1.1534798759611522,give_me_some_credit,1.9848394852607805,20,101,3.0,full_ha_dp,0.8430953113732903,0.3786466140639399,0.0
0.5,1.2100665128175612,give_me_some_credit,1.9370049984571243,21,101,3.0,full_ha_dp,0.8443021086326868,0.3797241034704771,0.0
0.5,1.2676386397453785,give_me_some_credit,1.892470194853632,22,101,3.0,full_ha_dp,0.8453035788809811,0.38145655317845645,0.0
0.5,1.325057553591151,give_me_some_credit,1.8508723635909063,23,101,3.0,full_ha_dp,0.8459997866558823,0.38276793257962305,0.0
0.5,1.3828607210769313,give_me_some_credit,1.8119022651737864,24,101,3.0,full_ha_dp,0.8470185159533743,0.3842983570717078,0.0
0.5,1.4413684569480634,give_me_some_credit,1.7752944053875186,25,101,3.0,full_ha_dp,0.847603152326364,0.38509938587629705,0.0
0.5,1.49977434659926,give_me_some_credit,1.7408193875852036,26,101,3.0,full_ha_dp,0.8479859134980907,0.38578208448193707,0.0
0.5,1.558629388375738,give_me_some_credit,1.7082778380688672,27,101,3.0,full_ha_dp,0.8483111630639422,0.38570952129193314,0.0
0.5,1.618700201265506,give_me_some_credit,1.677495535921307,28,101,3.0,full_ha_dp,0.8487190333685345,0.3866066690864343,0.0
0.5,1.6771523777172797,give_me_some_credit,1.6483194748613172,29,101,3.0,full_ha_dp,0.8490625441219241,0.3871328937094657,0.0
0.5,1.7379485229604135,give_me_some_credit,1.6206146534057748,30,101,3.0,full_ha_dp,0.8495214678075306,0.3873897958153206,0.0024906600249066002
0.5,1.7990445493228506,give_me_some_credit,1.594261439330345,31,101,3.0,full_ha_dp,0.850134609448873,0.38801776259881815,0.012391573729863693
0.5,1.8578858715170146,give_me_some_credit,1.5691533908150679,32,101,3.0,full_ha_dp,0.8505931990883658,0.38865209196786277,0.02692778457772338
0.5,1.9185669556474476,give_me_some_credit,1.5451954436056181,33,101,3.0,full_ha_dp,0.8506946934325198,0.38906461345741195,0.0267639902676399
0.5,1.9797235924030798,give_me_some_credit,1.5223023936768545,34,101,3.0,full_ha_dp,0.8510190522087352,0.38970007749844165,0.02909090909090909
0.5,2.041152509237217,give_me_some_credit,1.5003976201089932,35,101,3.0,full_ha_dp,0.8511616898992026,0.389961077609428,0.04801920768307323
0.5,2.1029477078421084,give_me_some_credit,1.4794120044895989,36,101,3.0,full_ha_dp,0.8512190344820212,0.39038808222731836,0.04801920768307323
0.5,2.1649915489265377,give_me_some_credit,1.4592830120728726,37,101,3.0,full_ha_dp,0.8516545192653302,0.3908117528048432,0.052568697729988054
0.5,2.2273713052264656,give_me_some_credit,1.4399539068372766,38,101,3.0,full_ha_dp,0.8519380687413455,0.3909188016379935,0.05714285714285714
0.5,2.2900644958745375,give_me_some_credit,1.4213730779760163,39,101,3.0,full_ha_dp,0.8519532678395101,0.39111227071119586,0.06382978723404255
0.5,2.3530574759922493,give_me_some_credit,1.4034934595947142,40,101,3.0,full_ha_dp,0.8521780808739002,0.3914533735791849,0.07276995305164319
0.5,2.4163466892416756,give_me_some_credit,1.3862720287458241,41,101,3.0,full_ha_dp,0.8525524908927895,0.3918274214114846,0.08372093023255814
0.5,2.479940102243396,give_me_some_credit,1.3696693696012705,42,101,3.0,full_ha_dp,0.8524850692522132,0.39198102010530067,0.08816705336426914
0.5,2.543858854615542,give_me_some_credit,1.3536492937053406,43,101,3.0,full_ha_dp,0.852677813859707,0.3922194391500571,0.0967741935483871
0.5,2.608079312051566,give_me_some_credit,1.3381785079744302,44,101,3.0,full_ha_dp,0.8528202288527653,0.3926794400368837,0.10730593607305935
0.5,2.672539016814643,give_me_some_credit,1.3232263235071868,45,101,3.0,full_ha_dp,0.85304069928768,0.39267480219109746,0.10933940774487472
0.5,2.737408477969486,give_me_some_credit,1.3087643994059033,46,101,3.0,full_ha_dp,0.8530561767576059,0.39275538357944717,0.11751412429378531
0.5,2.8024355077556726,give_me_some_credit,1.2947665167405507,47,101,3.0,full_ha_dp,0.8529711063473661,0.39245362810341977,0.12373453318335208
0.5,2.8678858375454976,give_me_some_credit,1.2812083785516506,48,101,3.0,full_ha_dp,0.8527600448779817,0.3922463554930885,0.12162162162162163
0.5,2.9335455791823097,give_me_some_credit,1.2680674324196564,49,101,3.0,full_ha_dp,0.8527893852616182,0.3922652551220339,0.12359550561797752
0.5,2.999606915529296,give_me_some_credit,1.2553227126520539,50,101,3.0,full_ha_dp,0.8525835571813458,0.3922980703796921,0.12556053811659193
0.5,1.019339267836368,give_me_some_credit,1.9988571044921872,1,909,3.0,dp_uniform,0.48015515551182764,0.06528419248422834,0.0
0.5,1.0839254678598613,give_me_some_credit,1.9988571044921872,2,909,3.0,dp_uniform,0.6211349194436662,0.143423036609498,0.0
0.5,1.1402779766324806,give_me_some_credit,1.9988571044921872,3,909,3.0,dp_uniform,0.7032754112219006,0.22225288388720135,0.0
0.5,1.1926670853295256,give_me_some_credit,1.9988571044921872,4,909,3.0,dp_uniform,0.7494588452961185,0.27011649880502847,0.0
0.5,1.2432163056140866,give_me_some_credit,1.9988571044921872,5,909,3.0,dp_uniform,0.7733125771924895,0.2938140113721167,0.0
0.5,1.2917557154024706,give_me_some_credit,1.9988571044921872,6,909,3.0,dp_uniform,0.7877205428115726,0.3071395131061637,0.0
0.5,1.3394338050713561,give_me_some_credit,1.9988571044921872,7,909,3.0,dp_uniform,0.7969835301904196,0.3130262771700242,0.0
0.5,1.385933413068006,give_me_some_credit,1.9988571044921872,8,909,3.0,dp_uniform,0.8043596024227696,0.32277142208175763,0.0
0.5,1.4321366251091545,give_me_some_credit,1.9988571044921872,9,909,3.0,dp_uniform,0.8092122903136871,0.3250618432543614,0.0
0.5,1.4770743731861051,give_me_some_credit,1.9988571044921872,10,909,3.0,dp_uniform,0.812715431906036,0.3293692483725889,0.0
0.5,1.522012121263056,give_me_some_credit,1.9988571044921872,11,909,3.0,dp_uniform,0.8158099794272134,0.33133112815078103,0.0
0.5,1.5661287268024726,give_me_some_credit,1.9988571044921872,12,909,3.0,dp_uniform,0.8172218253259511,0.3333746200661174,0.0
0.5,1.6098216737618987,give_me_some_credit,1.9988571044921872,13,909,3.0,dp_uniform,0.8195605935153186,0.3349780336712107,0.0
0.5,1.6535146207213247,give_me_some_credit,1.9988571044921872,14,909,3.0,dp_uniform,0.8222252236884126,0.33681217560087645,0.0
0.5,1.6962176390467694,give_me_some_credit,1.9988571044921872,15,909,3.0,dp_uniform,0.8234213871465291,0.3390298551143847,0.0
0.5,1.7388788346205615,give_me_some_credit,1.9988571044921872,16,909,3.0,dp_uniform,0.8250709068550272,0.33991209065658956,0.0
0.5,1.7813375414194932,give_me_some_credit,1.9988571044921872,17,909,3.0,dp_uniform,0.8261426938102145,0.3420567501009992,0.0
0.5,1.823112080766032,give_me_some_credit,1.9988571044921872,18,909,3.0,dp_uniform,0.8275632805822557,0.3415197766500283,0.0
0.5,1.864886620112571,give_me_some_credit,1.9988571044921872,19,909,3.0,dp_uniform,0.8283065888591612,0.3426978811411806,0.0
0.5,1.9062026622230976,give_me_some_credit,1.9988571044921872,20,909,3.0,dp_uniform,0.8292949756346764,0.34404176836031725,0.0
0.5,1.9471907666171306,give_me_some_credit,1.9988571044921872,21,909,3.0,dp_uniform,0.8301607674865347,0.34521703000204457,0.0
0.5,1.988108955984697,give_me_some_credit,1.9988571044921872,22,909,3.0,dp_uniform,0.8311794967840267,0.34636603038319846,0.0
0.5,2.0283808936824728,give_me_some_credit,1.9988571044921872,23,909,3.0,dp_uniform,0.8318789336713582,0.34663100858510504,0.0
0.5,2.068652831380249,give_me_some_credit,1.9988571044921872,24,909,3.0,dp_uniform,0.8322115879260591,0.3478784529202986,0.0
0.5,2.1083901858070133,give_me_some_credit,1.9988571044921872,25,909,3.0,dp_uniform,0.832986018165873,0.3483501647453877,0.0
0.5,2.1479960130419444,give_me_some_credit,1.9988571044921872,26,909,3.0,dp_uniform,0.8340199465615297,0.3485100448236359,0.0
0.5,2.1871644499222587,give_me_some_credit,1.9988571044921872,27,909,3.0,dp_uniform,0.8345320949278884,0.3483076573412726,0.0
0.5,2.2261404331517,give_me_some_credit,1.9988571044921872,28,909,3.0,dp_uniform,0.834767597437911,0.34889778241506175,0.0
0.5,2.264664163723525,give_me_some_credit,1.9988571044921872,29,909,3.0,dp_uniform,0.835536515916852,0.3492502339696243,0.0
0.5,2.303037055769316,give_me_some_credit,1.9988571044921872,30,909,3.0,dp_uniform,0.8355373510321357,0.35073186498074915,0.0
0.5,2.340863884225081,give_me_some_credit,1.9988571044921872,31,909,3.0,dp_uniform,0.8358273030586597,0.34982416975021435,0.0
0.5,2.3785282609821454,give_me_some_credit,1.9988571044921872,32,909,3.0,dp_uniform,0.836634135771484,0.34952737551232105,0.0
0.5,2.415750629257416,give_me_some_credit,1.9988571044921872,33,909,3.0,dp_uniform,0.8371854232074752,0.3498119534377135,0.0
0.5,2.452655113291161,give_me_some_credit,1.9988571044921872,34,909,3.0,dp_uniform,0.837072571295462,0.35125967845128386,0.0
0.5,2.489322017728279,give_me_some_credit,1.9988571044921872,35,909,3.0,dp_uniform,0.8376396145731402,0.3510414711647003,0.0
0.5,2.5254634190924072,give_me_some_credit,1.9988571044921872,36,909,3.0,dp_uniform,0.8378377595928023,0.3524930179176284,0.0
0.5,2.5613855812902764,give_me_some_credit,1.9988571044921872,37,909,3.0,dp_uniform,0.8376562055301111,0.3521408738657386,0.0
0.5,2.5969687856168364,give_me_some_credit,1.9988571044921872,38,909,3.0,dp_uniform,0.8387067805570908,0.3534276130766704,0.0
0.5,2.6321406240794327,give_me_some_credit,1.9988571044921872,39,909,3.0,dp_uniform,0.83824156566968,0.35296992826453244,0.0
0.5,2.66710842526974,give_me_some_credit,1.9988571044921872,40,909,3.0,dp_uniform,0.8385441557741652,0.35276428776151186,0.0
0.5,2.7016346045554145,give_me_some_credit,1.9988571044921872,41,909,3.0,dp_uniform,0.8387245963498113,0.3525060699547182,0.0
0.5,2.7358933806707877,give_me_some_credit,1.9988571044921872,42,909,3.0,dp_uniform,0.839119550204681,0.35161227810012524,0.0
0.5,2.769898708239794,give_me_some_credit,1.9988571044921872,43,909,3.0,dp_uniform,0.8396596470958698,0.3520033629017504,0.0
0.5,2.803478991647535,give_me_some_credit,1.9988571044921872,44,909,3.0,dp_uniform,0.8396887647820973,0.352044424573717,0.0
0.5,2.8369278550496375,give_me_some_credit,1.9988571044921872,45,909,3.0,dp_uniform,0.840276073523995,0.35271718095737753,0.0
0.5,2.869903885012923,give_me_some_credit,1.9988571044921872,46,909,3.0,dp_uniform,0.8408078749366982,0.3541170647238665,0.0
0.5,2.9027430075085885,give_me_some_credit,1.9988571044921872,47,909,3.0,dp_uniform,0.84061674488542,0.35434457467430386,0.0
0.5,2.9352097906640098,give_me_some_credit,1.9988571044921872,48,909,3.0,dp_uniform,0.8409459473302813,0.3542161663684815,0.0
0.5,2.9674807494196402,give_me_some_credit,1.9988571044921872,49,909,3.0,dp_uniform,0.841637255762184,0.3540870058325036,0.0
0.5,2.999623175445866,give_me_some_credit,1.9988571044921872,50,909,3.0,dp_uniform,0.8417770540606869,0.354024402750488,0.0
0.5,0.1144530318086279,give_me_some_credit,10.464850368639507,1,909,3.0,scheduler,0.31565336747433076,0.04522821804005358,0.0
0.5,0.13550022383823856,give_me_some_credit,7.399766659767539,2,909,3.0,scheduler,0.3744893548411522,0.050307821444584344,0.0
0.5,0.16763221228210623,give_me_some_credit,6.041884177363175,3,909,3.0,scheduler,0.4773940973606349,0.068058244194557,0.0
0.5,0.2112573566662479,give_me_some_credit,5.232425184319753,4,909,3.0,scheduler,0.5828307423974446,0.11662869208015725,0.0
0.5,0.2628642523422382,give_me_some_credit,4.680023359728334,5,909,3.0,scheduler,0.6556334204674062,0.17178193508466044,0.0
0.5,0.3153358933655638,give_me_some_credit,4.272257272957207,6,909,3.0,scheduler,0.7066851869255242,0.2164862927754457,0.0
0.5,0.3684662609198625,give_me_some_credit,3.9553416547032483,7,909,3.0,scheduler,0.7398277947745389,0.24543804281538512,0.0
0.5,0.4221157718908405,give_me_some_credit,3.6998833298837694,8,909,3.0,scheduler,0.7649272959768822,0.2730800343582488,0.0
0.5,0.47639782204381853,give_me_some_credit,3.488283456213169,9,909,3.0,scheduler,0.7797320527044597,0.2869798456618611,0.0
0.5,0.5311014792065649,give_me_some_credit,3.309276253775355,10,909,3.0,scheduler,0.7888930446699826,0.2989866441703614,0.0
0.5,0.5862991763152049,give_me_some_credit,3.1552711054536036,11,909,3.0,scheduler,0.7964689878269142,0.30646863707650757,0.0
0.5,0.6419538631952019,give_me_some_credit,3.0209420886815876,12,909,3.0,scheduler,0.8011147898248664,0.31482237673181285,0.0
0.5,0.6981290051574831,give_me_some_credit,2.902427276475998,13,909,3.0,scheduler,0.8069306440097291,0.31913457025812386,0.0
0.5,0.7544660203675023,give_me_some_credit,2.796848905950287,14,909,3.0,scheduler,0.8120110400013539,0.32559116181211023,0.0
0.5,0.8114016223842865,give_me_some_credit,2.7020127465528914,15,909,3.0,scheduler,0.8150538660492902,0.3309229427541236,0.0
0.5,0.8688030601078064,give_me_some_credit,2.6162125921598767,16,909,3.0,scheduler,0.8182089315913645,0.33377801328172224,0.0
0.5,0.9264985327278505,give_me_some_credit,2.538099025069682,17,909,3.0,scheduler,0.8206656180588002,0.3349231743305514,0.0
0.5,0.9844143034604295,give_me_some_credit,2.4665888865891796,18,909,3.0,scheduler,0.8230661291048144,0.33607589313491426,0.0
0.5,1.04260708032052,give_me_some_credit,2.400801327167051,19,909,3.0,scheduler,0.824749498819481,0.33823287298369276,0.0
0.5,1.1013086124316165,give_me_some_credit,2.340011679864167,20,909,3.0,scheduler,0.8264634337535337,0.33905438566313284,0.0
0.5,1.1609886938004217,give_me_some_credit,2.2836175690798606,21,909,3.0,scheduler,0.8276939482869893,0.3406242588952381,0.0
0.5,1.219719027498973,give_me_some_credit,2.2311135951482175,22,909,3.0,scheduler,0.8291812886073795,0.34247316429784036,0.0
0.5,1.2796320297492103,give_me_some_credit,2.1820721428118297,23,909,3.0,scheduler,0.8304396403169608,0.3428461108234899,0.0
0.5,1.3395693435002023,give_me_some_credit,2.1361286364786034,24,909,3.0,scheduler,0.8311870684959328,0.34345877239471073,0.0
0.5,1.4000083846811546,give_me_some_credit,2.0929700737279013,25,909,3.0,scheduler,0.8323223798870389,0.34502640349820707,0.0
0.5,1.4603705632528854,give_me_some_credit,2.052326009096981,26,909,3.0,scheduler,0.8337681314662977,0.3464319722800449,0.0
0.5,1.5223221210711966,give_me_some_credit,2.013961392454391,27,909,3.0,scheduler,0.8345801975682333,0.34530675693073803,0.0
0.5,1.5823228319335887,give_me_some_credit,1.9776708273516241,28,909,3.0,scheduler,0.8349632371117216,0.34564253325014793,0.0
0.5,1.644707237882911,give_me_some_credit,1.9432739281767595,29,909,3.0,scheduler,0.8358394400674507,0.3466661725026098,0.0
0.5,1.7074184067349165,give_me_some_credit,1.9106115359400373,30,909,3.0,scheduler,0.8358607633443629,0.3483708040306731,0.0
0.5,1.767840325794416,give_me_some_credit,1.879542611124505,31,909,3.0,scheduler,0.836403810976221,0.3481261830124483,0.0
0.5,1.8300759957342594,give_me_some_credit,1.8499416649418847,32,909,3.0,scheduler,0.8374199792535093,0.3494666919318714,0.0
0.5,1.892743908985211,give_me_some_credit,1.821696622099886,33,909,3.0,scheduler,0.8380690865264059,0.34993397349376654,0.0
0.5,1.9556680259891217,give_me_some_credit,1.7947070319497374,34,909,3.0,scheduler,0.8379736606866474,0.34969918318737253,0.0
0.5,2.0188801058916,give_me_some_credit,1.7688825628305929,35,909,3.0,scheduler,0.8386144724810585,0.3501128178613232,0.0
0.5,2.0823608515892857,give_me_some_credit,1.7441417281065845,36,909,3.0,scheduler,0.8388917864296216,0.35032864324936575,0.0
0.5,2.1461416435583662,give_me_some_credit,1.72041080290643,37,909,3.0,scheduler,0.8388280392962941,0.3493076360403188,0.0
0.5,2.210195940234591,give_me_some_credit,1.6976228987214852,38,909,3.0,scheduler,0.8399905197712988,0.35096140521958613,0.0
0.5,2.274504131408708,give_me_some_credit,1.6757171693767297,39,909,3.0,scheduler,0.839530204226886,0.3503615151661562,0.0
0.5,2.3390657799310772,give_me_some_credit,1.6546381268876775,40,909,3.0,scheduler,0.8399252694304603,0.3498305871180335,0.0
0.5,2.4038790407599193,give_me_some_credit,1.6343350496717979,41,909,3.0,scheduler,0.8401904463702325,0.34886507166595676,0.0
0.5,2.4689642987164606,give_me_some_credit,1.6147614687331084,42,909,3.0,scheduler,0.8406152973522614,0.34777211538571073,0.0
0.5,2.5343550588288433,give_me_some_credit,1.5958747199621561,43,909,3.0,scheduler,0.841269248293804,0.34741735302569815,0.0
0.5,2.599979345616073,give_me_some_credit,1.5776355527268018,44,909,3.0,scheduler,0.8414127767739074,0.3477718676888139,0.0
0.5,2.6658532631351894,give_me_some_credit,1.5600077865761117,45,909,3.0,scheduler,0.842076971796264,0.3485883754323526,0.0
0.5,2.7320156333556924,give_me_some_credit,1.5429580092205053,46,909,3.0,scheduler,0.8427713423175406,0.3506212993644358,0.0
0.5,2.7984278360176997,give_me_some_credit,1.5264553100483407,47,909,3.0,scheduler,0.842698965659614,0.3512718828428405,0.0
0.5,2.8650560668043803,give_me_some_credit,1.5104710443407938,48,909,3.0,scheduler,0.8430313415425538,0.3519063331433805,0.0
0.5,2.9320164826897614,give_me_some_credit,1.4949786240913583,49,909,3.0,scheduler,0.8437760416782655,0.35198981455562695,0.0
0.5,2.9999967454825094,give_me_some_credit,1.4799533319535076,50,909,3.0,scheduler,0.8439187350430853,0.3521224009543525,0.0
0.5,1.0752846858522003,give_me_some_credit,2.0506725708007814,1,909,3.0,ha_uniform,0.44451571998740425,0.059082467294865604,0.0
0.5,1.1372185383584779,give_me_some_credit,2.0506725708007814,2,909,3.0,ha_uniform,0.5739229017116078,0.10417521932780237,0.0
0.5,1.191353140624868,give_me_some_credit,2.0506725708007814,3,909,3.0,ha_uniform,0.6670059647274028,0.18624590144378694,0.0
0.5,1.2423803370882167,give_me_some_credit,2.0506725708007814,4,909,3.0,ha_uniform,0.7247605891504495,0.24659637301188306,0.0
0.5,1.290465356714333,give_me_some_credit,2.0506725708007814,5,909,3.0,ha_uniform,0.7560702859746509,0.27677076993335764,0.0
0.5,1.3378010564215232,give_me_some_credit,2.0506725708007814,6,909,3.0,ha_uniform,0.7769175471751056,0.2980936940473393,0.0
0.5,1.3837338811524578,give_me_some_credit,2.0506725708007814,7,909,3.0,ha_uniform,0.7891411295836138,0.30829221005023366,0.0
0.5,1.4292035629446043,give_me_some_credit,2.0506725708007814,8,909,3.0,ha_uniform,0.7979615058620638,0.31893124280414176,0.0
0.5,1.4735209311500441,give_me_some_credit,2.0506725708007814,9,909,3.0,ha_uniform,0.8045810749960247,0.32460453710013004,0.0
0.5,1.5178382993554838,give_me_some_credit,2.0506725708007814,10,909,3.0,ha_uniform,0.808870895185683,0.32798416519764945,0.0
0.5,1.5610343191331844,give_me_some_credit,2.0506725708007814,11,909,3.0,ha_uniform,0.8126788538566069,0.33080331390768547,0.0
0.5,1.604089023984191,give_me_some_credit,2.0506725708007814,12,909,3.0,ha_uniform,0.8149693523825727,0.33308256111054085,0.0
0.5,1.6468672585356512,give_me_some_credit,2.0506725708007814,13,909,3.0,ha_uniform,0.8177400978710573,0.3353737417199486,0.0
0.5,1.6888940279097655,give_me_some_credit,2.0506725708007814,14,909,3.0,ha_uniform,0.8206861618947809,0.33632731935090765,0.0
0.5,1.7309207972838798,give_me_some_credit,2.0506725708007814,15,909,3.0,ha_uniform,0.8222986581590317,0.33771687187070026,0.0
0.5,1.7724486193969768,give_me_some_credit,2.0506725708007814,16,909,3.0,ha_uniform,0.8241287297918802,0.33916645400031575,0.0
0.5,1.8136056237908624,give_me_some_credit,2.0506725708007814,17,909,3.0,ha_uniform,0.8255060575922224,0.3405712538621343,0.0
0.5,1.8547626281847482,give_me_some_credit,2.0506725708007814,18,909,3.0,ha_uniform,0.8269017022544549,0.34059387223883064,0.0
0.5,1.8952067190576736,give_me_some_credit,2.0506725708007814,19,909,3.0,ha_uniform,0.8279071810561114,0.3416330070650236,0.0
0.5,1.9356019730914145,give_me_some_credit,2.0506725708007814,20,909,3.0,ha_uniform,0.8287095598207553,0.3424110934904585,0.0
0.5,1.9756879984530311,give_me_some_credit,2.0506725708007814,21,909,3.0,ha_uniform,0.8295952274163672,0.34445457620993575,0.0
0.5,2.0153963144132057,give_me_some_credit,2.0506725708007814,22,909,3.0,ha_uniform,0.8306658452101572,0.34538102621529365,0.0
0.5,2.0550012191092235,give_me_some_credit,2.0506725708007814,23,909,3.0,ha_uniform,0.8314912731566333,0.3466696594441845,0.0
0.5,2.0940751979644125,give_me_some_credit,2.0506725708007814,24,909,3.0,ha_uniform,0.8320817553366093,0.3471719776500239,0.0
0.5,2.133101007511793,give_me_some_credit,2.0506725708007814,25,909,3.0,ha_uniform,0.8329675899552779,0.3478362563055268,0.0
0.5,2.1715782329111315,give_me_some_credit,2.0506725708007814,26,909,3.0,ha_uniform,0.8339288076468946,0.3492271918121662,0.0
0.5,2.209950968689875,give_me_some_credit,2.0506725708007814,27,909,3.0,ha_uniform,0.834397474344145,0.3495903190294592,0.0
0.5,2.2478587610731138,give_me_some_credit,2.0506725708007814,28,909,3.0,ha_uniform,0.8346775163359685,0.3501585787953798,0.0
0.5,2.2855253980795616,give_me_some_credit,2.0506725708007814,29,909,3.0,ha_uniform,0.835385137353081,0.35083660044477294,0.0
0.5,2.322883986750111,give_me_some_credit,2.0506725708007814,30,909,3.0,ha_uniform,0.8354738822705693,0.35122143150358215,0.0
0.5,2.3598089689711284,give_me_some_credit,2.0506725708007814,31,909,3.0,ha_uniform,0.8358973413937918,0.35128465449170765,0.0
0.5,2.396493104075544,give_me_some_credit,2.0506725708007814,32,909,3.0,ha_uniform,0.8365932707969316,0.35126954047358183,0.0
0.5,2.432795610367675,give_me_some_credit,2.0506725708007814,33,909,3.0,ha_uniform,0.8370607126584325,0.3507909867147748,0.0
0.5,2.4686975498235406,give_me_some_credit,2.0506725708007814,34,909,3.0,ha_uniform,0.8368797710136161,0.3511575233115372,0.0
0.5,2.504323757465608,give_me_some_credit,2.0506725708007814,35,909,3.0,ha_uniform,0.8375225870847082,0.3511199996728311,0.0
0.5,2.539607964724814,give_me_some_credit,2.0506725708007814,36,909,3.0,ha_uniform,0.8378701620658124,0.3537313220725358,0.0
0.5,2.574454817520085,give_me_some_credit,2.0506725708007814,37,909,3.0,ha_uniform,0.8377844235633456,0.35427566639942504,0.0
0.5,2.6090310067964877,give_me_some_credit,2.0506725708007814,38,909,3.0,ha_uniform,0.8386969818710948,0.3553896597935325,0.0
0.5,2.643321813227207,give_me_some_credit,2.0506725708007814,39,909,3.0,ha_uniform,0.8385408709873824,0.3552175233477783,0.0
0.5,2.677147832951054,give_me_some_credit,2.0506725708007814,40,909,3.0,ha_uniform,0.8388182406102977,0.3554007988251671,0.0
0.5,2.7107329502933384,give_me_some_credit,2.0506725708007814,41,909,3.0,ha_uniform,0.8389304801044364,0.3556340182779409,0.0
0.5,2.7440482168564064,give_me_some_credit,2.0506725708007814,42,909,3.0,ha_uniform,0.839138145438333,0.355508149341707,0.0
0.5,2.7769298274319003,give_me_some_credit,2.0506725708007814,43,909,3.0,ha_uniform,0.8396690560614004,0.35583112504374803,0.0
0.5,2.8096171915761237,give_me_some_credit,2.0506725708007814,44,909,3.0,ha_uniform,0.8396595914215176,0.35627141139896046,0.0
0.5,2.841970735615518,give_me_some_credit,2.0506725708007814,45,909,3.0,ha_uniform,0.8400671276799963,0.35661669840173604,0.0
0.5,2.8740312048456325,give_me_some_credit,2.0506725708007814,46,909,3.0,ha_uniform,0.8404617474887527,0.3573491086989727,0.0
0.5,2.905908630542874,give_me_some_credit,2.0506725708007814,47,909,3.0,ha_uniform,0.8404445997882593,0.35659526986500745,0.0
0.5,2.937529298848282,give_me_some_credit,2.0506725708007814,48,909,3.0,ha_uniform,0.8408290868649059,0.35712533018670106,0.0
0.5,2.968936710516917,give_me_some_credit,2.0506725708007814,49,909,3.0,ha_uniform,0.8413325500323133,0.3577128723719665,0.0
0.5,2.9999777073653484,give_me_some_credit,2.0506725708007814,50,909,3.0,ha_uniform,0.8414342113995241,0.35788246669099916,0.0
0.5,0.2138627402744916,give_me_some_credit,10.720653648967318,1,909,3.0,full_ha_dp,0.3188951179828603,0.04558163761909145,0.0
0.5,0.233689086396872,give_me_some_credit,7.580646893937095,2,909,3.0,full_ha_dp,0.3543073464757467,0.048257155982144626,0.0
0.5,0.2639254523774727,give_me_some_credit,6.189572270120026,3,909,3.0,full_ha_dp,0.43108110906872843,0.05747209959688403,0.0
0.5,0.30493148165860207,give_me_some_credit,5.360326824483659,4,909,3.0,full_ha_dp,0.5290815535727568,0.08533437825780255,0.0
0.5,0.35456252469188665,give_me_some_credit,4.794422064464418,5,909,3.0,full_ha_dp,0.6096398916087171,0.13310045825974542,0.0
0.5,0.40537226891026634,give_me_some_credit,4.376688524846082,6,909,3.0,full_ha_dp,0.6728528852008219,0.18531877229102353,0.0
0.5,0.45678673672966585,give_me_some_credit,4.0520262067463815,7,909,3.0,full_ha_dp,0.7146207863979985,0.21995141417980402,0.0
0.5,0.5087441077002753,give_me_some_credit,3.7903234469685474,8,909,3.0,full_ha_dp,0.746034928307023,0.2535080852273921,0.0
0.5,0.5612890001084695,give_me_some_credit,3.573551216322439,9,909,3.0,full_ha_dp,0.7666795905396359,0.27369319196759767,0.0
0.5,0.6142858578227598,give_me_some_credit,3.390168353653197,10,909,3.0,full_ha_dp,0.7792539213673264,0.2895018386507277,0.0
0.5,0.66763004586581,give_me_some_credit,3.2323986964526434,11,909,3.0,full_ha_dp,0.7887817516398323,0.3002823366489808,0.0
0.5,0.7214829024750392,give_me_some_credit,3.094786135060013,12,909,3.0,full_ha_dp,0.795593842683878,0.30961773220864036,0.0
0.5,0.7757877967783503,give_me_some_credit,2.9733743413724447,13,909,3.0,full_ha_dp,0.802424473287223,0.3174482404799277,0.0
0.5,0.8304869083578913,give_me_some_credit,2.8652152083359694,14,909,3.0,full_ha_dp,0.8082375994288258,0.32423195416661177,0.0
0.5,0.8855905841365134,give_me_some_credit,2.7680608695272126,15,909,3.0,full_ha_dp,0.812345531509679,0.32969989751163475,0.0
0.5,0.9408858029389405,give_me_some_credit,2.6801634122418294,16,909,3.0,full_ha_dp,0.8160924154161835,0.3319987319348955,0.0
0.5,0.9966230209260796,give_me_some_credit,2.6001404335503318,17,909,3.0,full_ha_dp,0.8191816738738971,0.3335896743041611,0.0
0.5,1.0527644488248784,give_me_some_credit,2.5268822979790313,18,909,3.0,full_ha_dp,0.8217140774603944,0.3354284156043107,0.0
0.5,1.1094020159744278,give_me_some_credit,2.4594866244499527,19,909,3.0,full_ha_dp,0.8238544222583386,0.3369278173638964,0.0
0.5,1.166311607636773,give_me_some_credit,2.397211032232209,20,909,3.0,full_ha_dp,0.8253912570778803,0.3385314135284015,0.0
0.5,1.2229929608951886,give_me_some_credit,2.3394384212284414,21,909,3.0,full_ha_dp,0.8268204733745204,0.34055895243939893,0.0
0.5,1.2805754683390085,give_me_some_credit,2.2856510377602213,22,909,3.0,full_ha_dp,0.8283127130379088,0.3417709963866733,0.0
0.5,1.338446732729343,give_me_some_credit,2.2354108139232607,23,909,3.0,full_ha_dp,0.8299273806018976,0.3432163419571526,0.0
0.5,1.3961269281849547,give_me_some_credit,2.188344262423041,24,909,3.0,full_ha_dp,0.8310258912461657,0.34453524940534286,0.0
0.5,1.4549490485997274,give_me_some_credit,2.1441307297934635,25,909,3.0,full_ha_dp,0.8324116815480498,0.345859591153215,0.0
0.5,1.5131141986956926,give_me_some_credit,2.10249315979054,26,909,3.0,full_ha_dp,0.833808328348623,0.34710710508686415,0.0
0.5,1.5721505119700485,give_me_some_credit,2.0631907567066743,27,909,3.0,full_ha_dp,0.8345580948503897,0.3473839570985681,0.0
0.5,1.631881173000961,give_me_some_credit,2.0260131033731907,28,909,3.0,full_ha_dp,0.8350496437064153,0.34840522223790016,0.0
0.5,1.690392560559523,give_me_some_credit,1.990775404824031,29,909,3.0,full_ha_dp,0.8359245104776905,0.3492879054209726,0.0
0.5,1.7511421574692543,give_me_some_credit,1.9573146115798234,30,909,3.0,full_ha_dp,0.8360978247362484,0.3499847207132186,0.0
0.5,1.811780464007935,give_me_some_credit,1.925486236547221,31,909,3.0,full_ha_dp,0.8367194288791328,0.35059354558907135,0.0
0.5,1.8704831744027812,give_me_some_credit,1.8951617234842737,32,909,3.0,full_ha_dp,0.8376246381723848,0.3509035951454363,0.0
0.5,1.9308881886248224,give_me_some_credit,1.8662262575251294,33,909,3.0,full_ha_dp,0.8382973513706359,0.35135585739437003,0.0
0.5,1.9917034940267004,give_me_some_credit,1.838576932600769,34,909,3.0,full_ha_dp,0.8381516515907943,0.3523736406235175,0.0
0.5,2.052732405906262,give_me_some_credit,1.812121208979105,35,909,3.0,full_ha_dp,0.8389328184272308,0.35249682460788495,0.0
0.5,2.1140838202986414,give_me_some_credit,1.7867756081612196,36,909,3.0,full_ha_dp,0.8393778791991267,0.3536886712208358,0.0
0.5,2.1756337061630613,give_me_some_credit,1.7624646031417104,37,909,3.0,full_ha_dp,0.8393989241042776,0.35417118058889846,0.0
0.5,2.237461289622545,give_me_some_credit,1.739119670386173,38,909,3.0,full_ha_dp,0.8404071866235466,0.3547173462642463,0.0
0.5,2.2995515589896676,give_me_some_credit,1.7166784763929068,39,909,3.0,full_ha_dp,0.8402850370947074,0.35567933003903424,0.0
0.5,2.361894376932733,give_me_some_credit,1.6950841768265985,40,909,3.0,full_ha_dp,0.8407022606904778,0.3554990661747098,0.0
0.5,2.4244899905360264,give_me_some_credit,1.6742848102640373,41,909,3.0,full_ha_dp,0.8408710653265035,0.35531209241148953,0.0
0.5,2.487350440902836,give_me_some_credit,1.6542327718189813,42,909,3.0,full_ha_dp,0.8411547818255753,0.35516612555479443,0.0
0.5,2.550479667197699,give_me_some_credit,1.6348843544985372,43,909,3.0,full_ha_dp,0.84179147371792,0.3556381108914131,0.0
0.5,2.6137739765328107,give_me_some_credit,1.6161993482263217,44,909,3.0,full_ha_dp,0.8418609553095293,0.35563446637632695,0.0
0.5,2.677388517026053,give_me_some_credit,1.5981406881548061,45,909,3.0,full_ha_dp,0.8423021188767679,0.3568084009579609,0.0
0.5,2.741203250434914,give_me_some_credit,1.580674145262877,46,909,3.0,full_ha_dp,0.8427849268594899,0.35702292187794804,0.0
0.5,2.805312678428076,give_me_some_credit,1.56376805335849,47,909,3.0,full_ha_dp,0.8428346440560501,0.35754351514768085,0.0
0.5,2.869590139121903,give_me_some_credit,1.5473930675300065,48,909,3.0,full_ha_dp,0.8432766427385724,0.3579589755110809,0.0
0.5,2.9341967710921226,give_me_some_credit,1.531521949852474,49,909,3.0,full_ha_dp,0.8438008724393696,0.3583128037309091,0.0
0.5,2.999950902389441,give_me_some_credit,1.5161293787874186,50,909,3.0,full_ha_dp,0.8438952961407876,0.3578630113630005,0.0
0.5,1.0231496386839547,give_me_some_credit,2.198513024902344,1,4096,3.0,dp_uniform,0.5772420395697665,0.09321676778733927,0.0
0.5,1.0882567176161044,give_me_some_credit,2.198513024902344,2,4096,3.0,dp_uniform,0.6163278288472425,0.11258928657598608,0.0
0.5,1.144508442011501,give_me_some_credit,2.198513024902344,3,4096,3.0,dp_uniform,0.6818651709714817,0.15086887203176197,0.0
0.5,1.1968670674246307,give_me_some_credit,2.198513024902344,4,4096,3.0,dp_uniform,0.7360419388214586,0.20106717942589442,0.0
0.5,1.2467302281957755,give_me_some_credit,2.198513024902344,5,4096,3.0,dp_uniform,0.7632315108816636,0.23640343053185842,0.0
0.5,1.2957994233013865,give_me_some_credit,2.198513024902344,6,4096,3.0,dp_uniform,0.7782902540042107,0.262713025796494,0.0
0.5,1.3427765690024833,give_me_some_credit,2.198513024902344,7,4096,3.0,dp_uniform,0.7877906368210568,0.27779264946763,0.0
0.5,1.3897537147035801,give_me_some_credit,2.198513024902344,8,4096,3.0,dp_uniform,0.795901499154418,0.2896634356304296,0.0
0.5,1.435103256971133,give_me_some_credit,2.198513024902344,9,4096,3.0,dp_uniform,0.8003761581935499,0.2975938868335848,0.0
0.5,1.4803706308105258,give_me_some_credit,2.198513024902344,10,4096,3.0,dp_uniform,0.8044759618189745,0.3044329128889259,0.0
0.5,1.5249798209477738,give_me_some_credit,2.198513024902344,11,4096,3.0,dp_uniform,0.8080799296632504,0.308261342842391,0.0
0.5,1.5689040443712658,give_me_some_credit,2.198513024902344,12,4096,3.0,dp_uniform,0.8109486063373447,0.3130287149626493,0.0
0.5,1.612828267794758,give_me_some_credit,2.198513024902344,13,4096,3.0,dp_uniform,0.8143573799026277,0.3168073223321578,0.0
0.5,1.655866941676557,give_me_some_credit,2.198513024902344,14,4096,3.0,dp_uniform,0.816759449830505,0.31799815972351453,0.0
0.5,1.6986931728363193,give_me_some_credit,2.198513024902344,15,4096,3.0,dp_uniform,0.8193926796689291,0.3211414391267708,0.0
0.5,1.741480182666925,give_me_some_credit,2.198513024902344,16,4096,3.0,dp_uniform,0.8204082912026951,0.32311567935790125,0.0
0.5,1.783374545800587,give_me_some_credit,2.198513024902344,17,4096,3.0,dp_uniform,0.821416553721964,0.322879848030432,0.0
0.5,1.8252689089342489,give_me_some_credit,2.198513024902344,18,4096,3.0,dp_uniform,0.8226952822444692,0.32564857181704604,0.0
0.5,1.8668967723330685,give_me_some_credit,2.198513024902344,19,4096,3.0,dp_uniform,0.8235655837188596,0.32628750308938115,0.0
0.5,1.9079734143325755,give_me_some_credit,2.198513024902344,20,4096,3.0,dp_uniform,0.8250009798685995,0.32823678080226387,0.0
0.5,1.9490500563320823,give_me_some_credit,2.198513024902344,21,4096,3.0,dp_uniform,0.8254529442601748,0.3279738878160837,0.0
0.5,1.9895736443357934,give_me_some_credit,2.198513024902344,22,4096,3.0,dp_uniform,0.8269747470046085,0.32949791932680467,0.0
0.5,2.029912158776801,give_me_some_credit,2.198513024902344,23,4096,3.0,dp_uniform,0.8272922021611446,0.32939290729520165,0.0
0.5,2.0700067222821334,give_me_some_credit,2.198513024902344,24,4096,3.0,dp_uniform,0.8279454850104601,0.32905120126864074,0.0
0.5,2.109663481338317,give_me_some_credit,2.198513024902344,25,4096,3.0,dp_uniform,0.8287006519243951,0.32738621025587505,0.0
0.5,2.149218435435757,give_me_some_credit,2.198513024902344,26,4096,3.0,dp_uniform,0.8304641927063035,0.32743860184558293,0.0
0.5,2.1882340328476193,give_me_some_credit,2.198513024902344,27,4096,3.0,dp_uniform,0.8318225912268801,0.3299191492708881,0.0
0.5,2.2271675674152034,give_me_some_credit,2.198513024902344,28,4096,3.0,dp_uniform,0.8332956232387418,0.3317936977142683,0.0
0.5,2.2655717557373327,give_me_some_credit,2.198513024902344,29,4096,3.0,dp_uniform,0.833406916268892,0.33164862874662837,0.0
0.5,2.3038264527969985,give_me_some_credit,2.198513024902344,30,4096,3.0,dp_uniform,0.8341375864678365,0.3321856735976951,0.0
0.5,2.3416414511104513,give_me_some_credit,2.198513024902344,31,4096,3.0,dp_uniform,0.834001852397048,0.33093830457184475,0.0
0.5,2.3791799012390786,give_me_some_credit,2.198513024902344,32,4096,3.0,dp_uniform,0.8349249331573728,0.3311585348537119,0.0
0.5,2.4164226332723784,give_me_some_credit,2.198513024902344,33,4096,3.0,dp_uniform,0.8354044006789599,0.33337429211345904,0.0
0.5,2.4532235670194504,give_me_some_credit,2.198513024902344,34,4096,3.0,dp_uniform,0.8366667609419032,0.3378541382098355,0.0
0.5,2.489827313168471,give_me_some_credit,2.198513024902344,35,4096,3.0,dp_uniform,0.8375367283701802,0.33978630284611494,0.0
0.5,2.525962276336326,give_me_some_credit,2.198513024902344,36,4096,3.0,dp_uniform,0.8379747184993401,0.34040763269333013,0.0
0.5,2.5618137545855437,give_me_some_credit,2.198513024902344,37,4096,3.0,dp_uniform,0.8380763241921987,0.3388673410010814,0.0
0.5,2.5974085311633277,give_me_some_credit,2.198513024902344,38,4096,3.0,dp_uniform,0.8386372989654816,0.33645011188043933,0.0
0.5,2.632519656238657,give_me_some_credit,2.198513024902344,39,4096,3.0,dp_uniform,0.8384486185857021,0.33679837941558144,0.0
0.5,2.6674361091941523,give_me_some_credit,2.198513024902344,40,4096,3.0,dp_uniform,0.8389912208227422,0.3405150039763804,0.0
0.5,2.7019704805779368,give_me_some_credit,2.198513024902344,41,4096,3.0,dp_uniform,0.8390303598923748,0.3412159096355284,0.0
0.5,2.7361838675191197,give_me_some_credit,2.198513024902344,42,4096,3.0,dp_uniform,0.8394093352081485,0.3400080760262387,0.0
0.5,2.7701961114416576,give_me_some_credit,2.198513024902344,43,4096,3.0,dp_uniform,0.8395755231496184,0.33953618567659893,0.0
0.5,2.80373577235619,give_me_some_credit,2.198513024902344,44,4096,3.0,dp_uniform,0.8401162881330341,0.33923440171916586,0.0
0.5,2.837148787840576,give_me_some_credit,2.198513024902344,45,4096,3.0,dp_uniform,0.8402607630771259,0.3378747948943868,0.0
0.5,2.870129727421438,give_me_some_credit,2.198513024902344,46,4096,3.0,dp_uniform,0.8410958783608936,0.3398292917339607,0.0
0.5,2.9029360166323204,give_me_some_credit,2.198513024902344,47,4096,3.0,dp_uniform,0.8411567304279043,0.34176167862184326,0.0
0.5,2.9354069063648422,give_me_some_credit,2.198513024902344,48,4096,3.0,dp_uniform,0.8412692482938037,0.34221312297301815,0.0
0.5,2.967647519303199,give_me_some_credit,2.198513024902344,49,4096,3.0,dp_uniform,0.8416291273067555,0.3443593998900528,0.0
0.5,2.999928346203159,give_me_some_credit,2.198513024902344,50,4096,3.0,dp_uniform,0.8416182151337144,0.3444719199394394,0.0
0.5,0.11478401483644521,give_me_some_credit,11.46997052643615,1,4096,3.0,scheduler,0.4606226441397845,0.0659886532198593,0.0
0.5,0.13636335931667343,give_me_some_credit,8.110493939252835,2,4096,3.0,scheduler,0.47321479076019546,0.07138396982999967,0.0
0.5,0.16908226504368618,give_me_some_credit,6.622190571034986,3,4096,3.0,scheduler,0.5336519724977606,0.08956215145040503,0.0
0.5,0.21318388788690593,give_me_some_credit,5.734985263218075,4,4096,3.0,scheduler,0.6032450241604419,0.11629511578207062,0.0
0.5,0.26517319395112837,give_me_some_credit,5.1295267594060565,5,4096,3.0,scheduler,0.652615146808813,0.14066388539451735,0.0
0.5,0.31802453862986807,give_me_some_credit,4.682595859088453,6,4096,3.0,scheduler,0.6883269033168107,0.168454383943337,0.0
0.5,0.3714957994918701,give_me_some_credit,4.335241365455808,7,4096,3.0,scheduler,0.7119723017870576,0.1915151149921395,0.0
0.5,0.4255014243524032,give_me_some_credit,4.055246969626418,8,4096,3.0,scheduler,0.7372358196311329,0.21604886127512593,0.0
0.5,0.4800758152122695,give_me_some_credit,3.8233235088120496,9,4096,3.0,scheduler,0.7544844020507758,0.23900918306965316,0.0
0.5,0.5350879344457469,give_me_some_credit,3.627123155853879,10,4096,3.0,scheduler,0.7713975464981053,0.2593485395018462,0.0
0.5,0.59063095039313,give_me_some_credit,3.4583262356930824,11,4096,3.0,scheduler,0.7822754798127025,0.2718344742001395,0.0
0.5,0.64656385043287,give_me_some_credit,3.311095285517493,12,4096,3.0,scheduler,0.7906912148989911,0.285189373812749,0.0
0.5,0.7028829010058387,give_me_some_credit,3.181197450855864,13,4096,3.0,scheduler,0.7988041928577377,0.2961171753320752,0.0
0.5,0.7595450605008536,give_me_some_credit,3.065478567594229,14,4096,3.0,scheduler,0.8044453965995887,0.30166369563036094,0.0
0.5,0.816628566617995,give_me_some_credit,2.9615336553584752,15,4096,3.0,scheduler,0.8103629678260146,0.30909182442795746,0.0
0.5,0.8741743349198811,give_me_some_credit,2.8674926316090374,16,4096,3.0,scheduler,0.8132569763303832,0.31449367932036904,0.0
0.5,0.9320242206713932,give_me_some_credit,2.781876470777509,17,4096,3.0,scheduler,0.8154673037891075,0.31660790987304477,0.0
0.5,0.9901170598118046,give_me_some_credit,2.703497979750945,18,4096,3.0,scheduler,0.8182792482982577,0.32276581872816723,0.0
0.5,1.0485200815130054,give_me_some_credit,2.6313917057960627,19,4096,3.0,scheduler,0.8199620055950497,0.3245382234205583,0.0
0.5,1.107472564916765,give_me_some_credit,2.5647633797030283,20,4096,3.0,scheduler,0.822578644476503,0.32738054632006425,0.0
0.5,1.1670536002768057,give_me_some_credit,2.502952769347911,21,4096,3.0,scheduler,0.8237520927989012,0.3289237758694457,0.0
0.5,1.2258975555529459,give_me_some_credit,2.4454059328139257,22,4096,3.0,scheduler,0.8261647965280583,0.3312287193182159,0.0
0.5,1.2861913970241041,give_me_some_credit,2.39165418357175,23,4096,3.0,scheduler,0.8268411842335579,0.33012924871267746,0.0
0.5,1.3457554049137745,give_me_some_credit,2.3412979295442264,24,4096,3.0,scheduler,0.8279859045901946,0.32965555880214903,0.0
0.5,1.4066944837346838,give_me_some_credit,2.29399410528723,25,4096,3.0,scheduler,0.8292896865712126,0.32986497331406633,0.0
0.5,1.466622767922718,give_me_some_credit,2.2494462897935397,26,4096,3.0,scheduler,0.8315821336995073,0.3308094267855458,0.0
0.5,1.528993068081945,give_me_some_credit,2.207396857011661,27,4096,3.0,scheduler,0.8332741886131251,0.33286088293183363,0.0
0.5,1.5887571895607548,give_me_some_credit,2.167620682727904,28,4096,3.0,scheduler,0.8352664396340815,0.3348762850150091,0.0
0.5,1.6505498163444585,give_me_some_credit,2.129920055787378,29,4096,3.0,scheduler,0.8356305498978043,0.33555534271938164,0.0
0.5,1.7143343015438446,give_me_some_credit,2.0941205304161614,30,4096,3.0,scheduler,0.8365544100990603,0.3362364397644424,0.0
0.5,1.7742152798780149,give_me_some_credit,2.0600675206387704,31,4096,3.0,scheduler,0.8365957204684306,0.3347092615882422,0.0
0.5,1.8360507388104228,give_me_some_credit,2.027623484813209,32,4096,3.0,scheduler,0.8376467408902284,0.3361703098936999,0.0
0.5,1.8985693577488878,give_me_some_credit,1.9966655831229463,33,4096,3.0,scheduler,0.8382463536639737,0.33798716293853703,0.0
0.5,1.9613491369107898,give_me_some_credit,1.9670837169100763,34,4096,3.0,scheduler,0.8396408848391613,0.34103485521792554,0.0
0.5,2.024358815989554,give_me_some_credit,1.938778878405639,35,4096,3.0,scheduler,0.8406242052486217,0.34218345279726486,0.0
0.5,2.0876460187770896,give_me_some_credit,1.9116617544060248,36,4096,3.0,scheduler,0.8412662418787822,0.3422555140262715,0.0
0.5,2.151207480479489,give_me_some_credit,1.8856515389683988,37,4096,3.0,scheduler,0.841451080728256,0.34116912379662473,0.0
0.5,2.2149737060080756,give_me_some_credit,1.8606749191264327,38,4096,3.0,scheduler,0.8421068689234228,0.33870103074390806,0.0
0.5,2.279000279376569,give_me_some_credit,1.836665204596984,39,4096,3.0,scheduler,0.8420123895476526,0.33928177493574174,0.0
0.5,2.3432869845741164,give_me_some_credit,1.8135615779269394,40,4096,3.0,scheduler,0.8427149998730624,0.3442516583416564,0.0
0.5,2.407805803986529,give_me_some_credit,1.7913084458649693,41,4096,3.0,scheduler,0.8429488321525174,0.3440555367042262,0.0
0.5,2.472533836803244,give_me_some_credit,1.7698548761955564,42,4096,3.0,scheduler,0.8434354816655452,0.34311793458852147,0.0
0.5,2.5375323392306743,give_me_some_credit,1.7491541070386258,43,4096,3.0,scheduler,0.843662020604855,0.34287996478480903,0.0
0.5,2.602817608437666,give_me_some_credit,1.7291631178465412,44,4096,3.0,scheduler,0.8441843573776757,0.342733255253729,0.0
0.5,2.6682393661331685,give_me_some_credit,1.709842253135352,45,4096,3.0,scheduler,0.8442835690733872,0.34117560827667565,0.0
0.5,2.734011189392117,give_me_some_credit,1.6911548914567611,46,4096,3.0,scheduler,0.8451590482625371,0.3436603069700165,0.0
0.5,2.7999017740923593,give_me_some_credit,1.67306715331971,47,4096,3.0,scheduler,0.8452229624189215,0.34514964679991833,0.0
0.5,2.866088146158588,give_me_some_credit,1.6555476427587466,48,4096,3.0,scheduler,0.8452816988605465,0.3449560929411531,0.0
0.5,2.932573469599418,give_me_some_credit,1.6385672180623072,49,4096,3.0,scheduler,0.8455854024520766,0.3462336991015925,0.0
0.5,2.999880079002708,give_me_some_credit,1.622098787850567,50,4096,3.0,scheduler,0.8456458647986214,0.34687538269770024,0.0
0.5,1.079638073162778,give_me_some_credit,2.256637158203125,1,4096,3.0,ha_uniform,0.6121745778436567,0.10612718097063732,0.0
0.5,1.1408061577704798,give_me_some_credit,2.256637158203125,2,4096,3.0,ha_uniform,0.6531565242101035,0.12781815773730404,0.0
0.5,1.1948523750966564,give_me_some_credit,2.256637158203125,3,4096,3.0,ha_uniform,0.7032194584978883,0.1630512897374287,0.0
0.5,1.245450184416529,give_me_some_credit,2.256637158203125,4,4096,3.0,ha_uniform,0.7469479876839427,0.21051017828779922,0.0
0.5,1.2943026658747234,give_me_some_credit,2.256637158203125,5,4096,3.0,ha_uniform,0.7703315496755522,0.2462216115480662,0.0
0.5,1.340866542933576,give_me_some_credit,2.256637158203125,6,4096,3.0,ha_uniform,0.7840016074298982,0.27260342400368687,0.0
0.5,1.3872944717062894,give_me_some_credit,2.256637158203125,7,4096,3.0,ha_uniform,0.7938345331527406,0.28914020032494775,0.0
0.5,1.4319558794784613,give_me_some_credit,2.256637158203125,8,4096,3.0,ha_uniform,0.8020260676225137,0.3028386737718007,0.0
0.5,1.4766172872506331,give_me_some_credit,2.256637158203125,9,4096,3.0,ha_uniform,0.8076551900299261,0.31274604768819303,0.0
0.5,1.5203217759028984,give_me_some_credit,2.256637158203125,10,4096,3.0,ha_uniform,0.8122918057597568,0.3189013772593661,0.0
0.5,1.5636106969159769,give_me_some_credit,2.256637158203125,11,4096,3.0,ha_uniform,0.8160398031533063,0.3240410406164332,0.0
0.5,1.6067733171898462,give_me_some_credit,2.256637158203125,12,4096,3.0,ha_uniform,0.8189739528656479,0.3279130147502687,0.0
0.5,1.6489611555663193,give_me_some_credit,2.256637158203125,13,4096,3.0,ha_uniform,0.8221861959674845,0.33185999216496553,0.0
0.5,1.6911489939427924,give_me_some_credit,2.256637158203125,14,4096,3.0,ha_uniform,0.8241229396592462,0.33349865767617015,0.0
0.5,1.732967841164943,give_me_some_credit,2.256637158203125,15,4096,3.0,ha_uniform,0.8262136229349827,0.3361822242691116,0.0
0.5,1.7742365939696185,give_me_some_credit,2.256637158203125,16,4096,3.0,ha_uniform,0.8275408994926509,0.33839947025045136,0.0
0.5,1.8155053467742945,give_me_some_credit,2.256637158203125,17,4096,3.0,ha_uniform,0.828502005835563,0.3392769682940608,0.0
0.5,1.8562167573808013,give_me_some_credit,2.256637158203125,18,4096,3.0,ha_uniform,0.8299026611894982,0.3421441044941819,0.0
0.5,1.8966900832121458,give_me_some_credit,2.256637158203125,19,4096,3.0,ha_uniform,0.8311792184122654,0.34291760531163407,0.0
0.5,1.9370752342323285,give_me_some_credit,2.256637158203125,20,4096,3.0,ha_uniform,0.8323665853227264,0.3433189757342222,0.0
0.5,1.9768383277794768,give_me_some_credit,2.256637158203125,21,4096,3.0,ha_uniform,0.833193460802361,0.34415361315358045,0.0
0.5,2.016601421326625,give_me_some_credit,2.256637158203125,22,4096,3.0,ha_uniform,0.83442208240784,0.3442575229617577,0.0
0.5,2.0558855520942156,give_me_some_credit,2.256637158203125,23,4096,3.0,ha_uniform,0.8348157000782559,0.34588160657362355,0.0
0.5,2.0949979802096217,give_me_some_credit,2.256637158203125,24,4096,3.0,ha_uniform,0.8353859167940124,0.34630259190103563,0.0
0.5,2.133772169764062,give_me_some_credit,2.256637158203125,25,4096,3.0,ha_uniform,0.8362471990233382,0.34657407411993724,0.0
0.5,2.172276241653491,give_me_some_credit,2.256637158203125,26,4096,3.0,ha_uniform,0.8374825015510875,0.3476093487223563,0.0
0.5,2.2104500820154076,give_me_some_credit,2.256637158203125,27,4096,3.0,ha_uniform,0.8382476341740754,0.34765306941323015,0.0
0.5,2.248376360077369,give_me_some_credit,2.256637158203125,28,4096,3.0,ha_uniform,0.8393525473688525,0.34896408639059706,0.0
0.5,2.285884261288322,give_me_some_credit,2.256637158203125,29,4096,3.0,ha_uniform,0.8396323109889146,0.3493217315075044,0.0
0.5,2.3232195985579307,give_me_some_credit,2.256637158203125,30,4096,3.0,ha_uniform,0.8402453969559045,0.34928722238584076,0.0
0.5,2.3600521016787375,give_me_some_credit,2.256637158203125,31,4096,3.0,ha_uniform,0.8404579616327996,0.3494087929117978,0.0
0.5,2.3966349790401056,give_me_some_credit,2.256637158203125,32,4096,3.0,ha_uniform,0.8410204396135932,0.3482195697958574,0.0
0.5,2.4329419189248798,give_me_some_credit,2.256637158203125,33,4096,3.0,ha_uniform,0.8415862023811698,0.35018508353126915,0.0
0.5,2.468759812931079,give_me_some_credit,2.256637158203125,34,4096,3.0,ha_uniform,0.8423828466875318,0.35148576998773573,0.0
0.5,2.5043173398434755,give_me_some_credit,2.256637158203125,35,4096,3.0,ha_uniform,0.8430229903897161,0.3522020123161499,0.0
0.5,2.5396013637420483,give_me_some_credit,2.256637158203125,36,4096,3.0,ha_uniform,0.8434349805963748,0.35248624980136867,0.0
0.5,2.5743895285041885,give_me_some_credit,2.256637158203125,37,4096,3.0,ha_uniform,0.8435825176298404,0.3516932835581923,0.0
0.5,2.608916172201363,give_me_some_credit,2.256637158203125,38,4096,3.0,ha_uniform,0.8440497367939324,0.3514466820774469,0.0
0.5,2.6431893924778196,give_me_some_credit,2.256637158203125,39,4096,3.0,ha_uniform,0.843869908636161,0.35201351923504776,0.0
0.5,2.676986464021006,give_me_some_credit,2.256637158203125,40,4096,3.0,ha_uniform,0.8445044292287677,0.3528646920556723,0.0
0.5,2.7105337553514444,give_me_some_credit,2.256637158203125,41,4096,3.0,ha_uniform,0.844881066221747,0.35269307359035423,0.0
0.5,2.7438441635012962,give_me_some_credit,2.256637158203125,42,4096,3.0,ha_uniform,0.8453506237086335,0.35317903405261486,0.0
0.5,2.776691764233453,give_me_some_credit,2.256637158203125,43,4096,3.0,ha_uniform,0.8455633554085853,0.3527295957882663,0.0
0.5,2.809348834952143,give_me_some_credit,2.256637158203125,44,4096,3.0,ha_uniform,0.8459784077046177,0.35213126287935903,0.0
0.5,2.841696279977356,give_me_some_credit,2.256637158203125,45,4096,3.0,ha_uniform,0.8463488091701448,0.3529616848649285,0.0
0.5,2.873712138108892,give_me_some_credit,2.256637158203125,46,4096,3.0,ha_uniform,0.8469921263104073,0.3541785630398686,0.0
0.5,2.905582627572726,give_me_some_credit,2.256637158203125,47,4096,3.0,ha_uniform,0.8472679370514595,0.3542799154835606,0.0
0.5,2.936992322937513,give_me_some_credit,2.256637158203125,48,4096,3.0,ha_uniform,0.8472457786592636,0.35371938991683266,0.0
0.5,2.9684391374057233,give_me_some_credit,2.256637158203125,49,4096,3.0,ha_uniform,0.8474704803449493,0.3555542089082611,0.0
0.5,2.9999783732079774,give_me_some_credit,2.256637158203125,50,4096,3.0,ha_uniform,0.8476591607247287,0.3565152354769351,0.0
0.5,0.21416743215050046,give_me_some_credit,11.754811455345148,1,4096,3.0,full_ha_dp,0.5267727381849003,0.08176984947681554,0.0
0.5,0.2344878682344136,give_me_some_credit,8.311906891643865,2,4096,3.0,full_ha_dp,0.5013312851110302,0.07571207479333275,0.0
0.5,0.26527860688650073,give_me_some_credit,6.786643558016817,3,4096,3.0,full_ha_dp,0.536867054991562,0.08597409698461621,0.0
0.5,0.30675463030235506,give_me_some_credit,5.877405727672574,4,4096,3.0,full_ha_dp,0.6018977048359633,0.11008139899385527,0.0
0.5,0.35674009295656073,give_me_some_credit,5.256911495368996,5,4096,3.0,full_ha_dp,0.6521026643963408,0.1370165874111011,0.0
0.5,0.4079030736104584,give_me_some_credit,4.798881681369691,6,4096,3.0,full_ha_dp,0.6909744971381155,0.1663273765975491,0.0
0.5,0.45965643357647035,give_me_some_credit,4.442901117042356,7,4096,3.0,full_ha_dp,0.7224052856784632,0.19539445800529523,0.0
0.5,0.5119520613481757,give_me_some_credit,4.1559534458219325,8,4096,3.0,full_ha_dp,0.7493983272752215,0.2261764668475583,0.0
0.5,0.5647912301199727,give_me_some_credit,3.9182704851150496,9,4096,3.0,full_ha_dp,0.7688827360069197,0.2549101545637741,0.0
0.5,0.6180575394951741,give_me_some_credit,3.717197766472931,10,4096,3.0,full_ha_dp,0.7832198838499393,0.27634828196639427,0.0
0.5,0.6717216278410727,give_me_some_credit,3.544209007159213,11,4096,3.0,full_ha_dp,0.79340394771243,0.29004993484596264,0.0
0.5,0.7258301301794075,give_me_some_credit,3.3933217790084087,12,4096,3.0,full_ha_dp,0.8008381439685303,0.3024062089156322,0.0
0.5,0.7804131837182496,give_me_some_credit,3.2601981104352618,13,4096,3.0,full_ha_dp,0.8081276425831295,0.31319680757918,0.0
0.5,0.835254391359994,give_me_some_credit,3.1416055080019367,14,4096,3.0,full_ha_dp,0.8127813503391015,0.31939267558826884,0.0
0.5,0.8906994828695197,give_me_some_credit,3.035079266957328,15,4096,3.0,full_ha_dp,0.8174807667382713,0.3264124321547568,0.0
0.5,0.9461622036106875,give_me_some_credit,2.938702863836287,16,4096,3.0,full_ha_dp,0.8206218580179306,0.33004002295782264,0.0
0.5,1.002072926092497,give_me_some_credit,2.850960543506382,17,4096,3.0,full_ha_dp,0.8229600694637759,0.3345263864851808,0.0
0.5,1.0584042217688618,give_me_some_credit,2.7706356305479547,18,4096,3.0,full_ha_dp,0.8256416803143063,0.33959161611951294,0.0
0.5,1.1152566050626478,give_me_some_credit,2.6967386965380933,19,4096,3.0,full_ha_dp,0.8279043416641465,0.34255049519260594,0.0
0.5,1.1719560748987454,give_me_some_credit,2.628455747684498,20,4096,3.0,full_ha_dp,0.8301050374599311,0.3455510513060248,0.0
0.5,1.2288922558694848,give_me_some_credit,2.5651101559072926,21,4096,3.0,full_ha_dp,0.8316802319081739,0.34524063855414144,0.0
0.5,1.2867767037802575,give_me_some_credit,2.506134222904721,22,4096,3.0,full_ha_dp,0.8336329541390317,0.34697090248769946,0.0
0.5,1.3443423568357904,give_me_some_credit,2.4510476229626836,23,4096,3.0,full_ha_dp,0.8344314913733705,0.3486755454802905,0.0
0.5,1.402416164030926,give_me_some_credit,2.3994408406848455,24,4096,3.0,full_ha_dp,0.8354156468981146,0.3493466375938554,0.0
0.5,1.4608541807558841,give_me_some_credit,2.3509622910690293,25,4096,3.0,full_ha_dp,0.8367410305278061,0.3497471912527254,0.0
0.5,1.519533365573762,give_me_some_credit,2.3053081919003424,26,4096,3.0,full_ha_dp,0.8382743021888038,0.3510138639483194,0.0
0.5,1.5781375860748594,give_me_some_credit,2.262214519338939,27,4096,3.0,full_ha_dp,0.8394270953265168,0.3521472659669512,0.0
0.5,1.6385199060718754,give_me_some_credit,2.221450558521178,28,4096,3.0,full_ha_dp,0.8408448983809453,0.3538867481911417,0.0
0.5,1.6965838932758301,give_me_some_credit,2.1828136884078004,29,4096,3.0,full_ha_dp,0.8413736933786271,0.3542231906821645,0.0
0.5,1.7567645796636167,give_me_some_credit,2.1461251311042226,30,4096,3.0,full_ha_dp,0.842243660806904,0.35447340927548787,0.0
0.5,1.8184711313754822,give_me_some_credit,2.1112264617050585,31,4096,3.0,full_ha_dp,0.8426926744578097,0.35469603635077995,0.0
0.5,1.8766607106143547,give_me_some_credit,2.0779767229109662,32,4096,3.0,full_ha_dp,0.8433871563277909,0.35367730405852016,0.0
0.5,1.9366868973256837,give_me_some_credit,2.0462500243476685,33,4096,3.0,full_ha_dp,0.8440443920561161,0.355260646678298,0.0
0.5,1.9973609085181778,give_me_some_credit,2.015933533208648,34,4096,3.0,full_ha_dp,0.844934736297317,0.35715758030501193,0.0
0.5,2.058252923499856,give_me_some_credit,1.9869257830032911,35,4096,3.0,full_ha_dp,0.8456121818155093,0.35829104835938425,0.0
0.5,2.1194094341897216,give_me_some_credit,1.9591352425575248,36,4096,3.0,full_ha_dp,0.8461566213061738,0.3586688481734897,0.0
0.5,2.180775252818937,give_me_some_credit,1.9324790992241554,37,4096,3.0,full_ha_dp,0.8463322182131738,0.35782095939545755,0.0
0.5,2.2423983840770205,give_me_some_credit,1.906882219410257,38,4096,3.0,full_ha_dp,0.8468702551533295,0.35813020896159176,0.0
0.5,2.3042592987475006,give_me_some_credit,1.8822762566713078,39,4096,3.0,full_ha_dp,0.8467643068609954,0.35858492116237695,0.0
0.5,2.3663470684845103,give_me_some_credit,1.8585988832364655,40,4096,3.0,full_ha_dp,0.8474807244257636,0.360165527748607,0.0
0.5,2.428660478099477,give_me_some_credit,1.835793125272532,41,4096,3.0,full_ha_dp,0.8479880291234764,0.3594147959844999,0.0
0.5,2.4912093037714333,give_me_some_credit,1.8138067857325288,42,4096,3.0,full_ha_dp,0.848507693527389,0.3580418499440325,0.0
0.5,2.55401578804964,give_me_some_credit,1.792591941469459,43,4096,3.0,full_ha_dp,0.8487445322218654,0.3585304231937002,0.0
0.5,2.617008514057323,give_me_some_credit,1.7721045035796066,44,4096,3.0,full_ha_dp,0.8492021753973701,0.3591048130716814,0.0
0.5,2.680222997228925,give_me_some_credit,1.7523038317896655,45,4096,3.0,full_ha_dp,0.849580705318326,0.3590114945150991,0.0
0.5,2.7437091515676246,give_me_some_credit,1.7331523952080814,46,4096,3.0,full_ha_dp,0.8503187802061198,0.36107744420197924,0.0
0.5,2.8073550026567897,give_me_some_credit,1.7146154729932737,47,4096,3.0,full_ha_dp,0.8505639143790817,0.3628696263941714,0.0
0.5,2.8712559629648355,give_me_some_credit,1.6966608895042044,48,4096,3.0,full_ha_dp,0.850591027788628,0.3633047452757639,0.0
0.5,2.9354261584708454,give_me_some_credit,1.679258779335021,49,4096,3.0,full_ha_dp,0.8508501362240051,0.36382487101570093,0.0
0.5,2.999835143494736,give_me_some_credit,1.6623813783287722,50,4096,3.0,full_ha_dp,0.8510536816558353,0.3640056486551018,0.0
0.5,1.1641966941255857,give_me_some_credit,3.26370478515625,1,65537,3.0,dp_uniform,0.6132764289490598,0.19399960756316006,0.0
0.5,1.228694192372279,give_me_some_credit,3.26370478515625,2,65537,3.0,dp_uniform,0.6742992491979553,0.22086247588350247,0.0
0.5,1.2829903383583552,give_me_some_credit,3.26370478515625,3,65537,3.0,dp_uniform,0.6955538239594798,0.23488687123551105,0.0
0.5,1.3323828169020275,give_me_some_credit,3.26370478515625,4,65537,3.0,dp_uniform,0.7107699584758411,0.2402883005020785,0.0
0.5,1.3789766351666721,give_me_some_credit,3.26370478515625,5,65537,3.0,dp_uniform,0.715068408190098,0.24090555051182982,0.0
0.5,1.424401903320887,give_me_some_credit,3.26370478515625,6,65537,3.0,dp_uniform,0.7279326910443128,0.25214512805366024,0.0
0.5,1.4678188244707016,give_me_some_credit,3.26370478515625,7,65537,3.0,dp_uniform,0.7358344405106184,0.25668596795239096,0.0
0.5,1.5104534417674575,give_me_some_credit,3.26370478515625,8,65537,3.0,dp_uniform,0.7462193774360313,0.26625316371777336,0.0
0.5,1.5527783200815863,give_me_some_credit,3.26370478515625,9,65537,3.0,dp_uniform,0.7505139299456307,0.26842036567015887,0.0
0.5,1.5933745249602638,give_me_some_credit,3.26370478515625,10,65537,3.0,dp_uniform,0.7558250961273366,0.27549958563526883,0.0
0.5,1.6339707298389412,give_me_some_credit,3.26370478515625,11,65537,3.0,dp_uniform,0.7634083326244133,0.28340913749033825,0.0
0.5,1.6745254158430458,give_me_some_credit,3.26370478515625,12,65537,3.0,dp_uniform,0.770010364337415,0.28834671650254357,0.0
0.5,1.7135708369608706,give_me_some_credit,3.26370478515625,13,65537,3.0,dp_uniform,0.769299068813054,0.29408548305360543,0.0
0.5,1.752616258078695,give_me_some_credit,3.26370478515625,14,65537,3.0,dp_uniform,0.770517056617253,0.2935156405146976,0.0
0.5,1.7916616791965194,give_me_some_credit,3.26370478515625,15,65537,3.0,dp_uniform,0.7745859609771784,0.2947420166793602,0.0
0.5,1.8301477697750115,give_me_some_credit,3.26370478515625,16,65537,3.0,dp_uniform,0.7776358019934981,0.2950293296320257,0.0
0.5,1.8679630302426027,give_me_some_credit,3.26370478515625,17,65537,3.0,dp_uniform,0.7820926452399096,0.29916334161910063,0.0
0.5,1.905778290710194,give_me_some_credit,3.26370478515625,18,65537,3.0,dp_uniform,0.7859060599973544,0.304731865067372,0.0
0.5,1.943593551177785,give_me_some_credit,3.26370478515625,19,65537,3.0,dp_uniform,0.7856044163568574,0.30278617365714217,0.0
0.5,1.9807877933289573,give_me_some_credit,3.26370478515625,20,65537,3.0,dp_uniform,0.7879599425262527,0.30192628873641086,0.0
0.5,2.017586831935028,give_me_some_credit,3.26370478515625,21,65537,3.0,dp_uniform,0.7908222166498381,0.3027796596947262,0.0
0.5,2.054385870541099,give_me_some_credit,3.26370478515625,22,65537,3.0,dp_uniform,0.7939454364624249,0.3093065534944102,0.0
0.5,2.0911849091471697,give_me_some_credit,3.26370478515625,23,65537,3.0,dp_uniform,0.7946692587160427,0.307508007619461,0.0
0.5,2.127383455310486,give_me_some_credit,3.26370478515625,24,65537,3.0,dp_uniform,0.7982809096209289,0.3104256997278375,0.0
0.5,2.163311227062889,give_me_some_credit,3.26370478515625,25,65537,3.0,dp_uniform,0.8025036978904765,0.3120293419796075,0.0
0.5,2.199238998815292,give_me_some_credit,3.26370478515625,26,65537,3.0,dp_uniform,0.8036831590429178,0.31314729957717974,0.0
0.5,2.2351667705676954,give_me_some_credit,3.26370478515625,27,65537,3.0,dp_uniform,0.8041456458870684,0.3128144342669029,0.0
0.5,2.2704377942597165,give_me_some_credit,3.26370478515625,28,65537,3.0,dp_uniform,0.8050732919442776,0.3126316056726498,0.0
0.5,2.305594099274608,give_me_some_credit,3.26370478515625,29,65537,3.0,dp_uniform,0.8078506626806798,0.3153739043683594,0.0
0.5,2.340750404289499,give_me_some_credit,3.26370478515625,30,65537,3.0,dp_uniform,0.8110465931973069,0.31728773804141885,0.0
0.5,2.3757657842969806,give_me_some_credit,3.26370478515625,31,65537,3.0,dp_uniform,0.8145897089745721,0.32161157669383383,0.0
0.5,2.410220499184866,give_me_some_credit,3.26370478515625,32,65537,3.0,dp_uniform,0.8161368992236324,0.32216974946486165,0.0
0.5,2.4446752140727517,give_me_some_credit,3.26370478515625,33,65537,3.0,dp_uniform,0.8167921306752765,0.320134058104026,0.0
0.5,2.479129928960637,give_me_some_credit,3.26370478515625,34,65537,3.0,dp_uniform,0.8164306927804618,0.3115351261452151,0.0
0.5,2.5130758675009996,give_me_some_credit,3.26370478515625,35,65537,3.0,dp_uniform,0.8171740010573673,0.31690551697583225,0.0
0.5,2.5468787911794912,give_me_some_credit,3.26370478515625,36,65537,3.0,dp_uniform,0.8176875412825323,0.31512928764978837,0.0
0.5,2.5806817148579824,give_me_some_credit,3.26370478515625,37,65537,3.0,dp_uniform,0.8200915598127382,0.31933894265186985,0.0
0.5,2.614123527959886,give_me_some_credit,3.26370478515625,38,65537,3.0,dp_uniform,0.8196614197672456,0.3184489587678076,0.0
0.5,2.647310817992994,give_me_some_credit,3.26370478515625,39,65537,3.0,dp_uniform,0.8228197144217506,0.32041042216960697,0.0
0.5,2.680498108026102,give_me_some_credit,3.26370478515625,40,65537,3.0,dp_uniform,0.8233981152672882,0.3192714970117554,0.0
0.5,2.7133397300437267,give_me_some_credit,3.26370478515625,41,65537,3.0,dp_uniform,0.8255994791552999,0.3206237447101135,0.0
0.5,2.745938157625189,give_me_some_credit,3.26370478515625,42,65537,3.0,dp_uniform,0.8281735828316331,0.328756048930622,0.0
0.5,2.778536585206651,give_me_some_credit,3.26370478515625,43,65537,3.0,dp_uniform,0.8266319600177978,0.3221169385279974,0.0
0.5,2.810715595327836,give_me_some_credit,3.26370478515625,44,65537,3.0,dp_uniform,0.8248706462099796,0.32050515847686545,0.0
0.5,2.842745389908365,give_me_some_credit,3.26370478515625,45,65537,3.0,dp_uniform,0.8250739132700486,0.32711735973075184,0.0
0.5,2.874775184488893,give_me_some_credit,3.26370478515625,46,65537,3.0,dp_uniform,0.8255277705896005,0.32462212659914463,0.0
0.5,2.9062566738259537,give_me_some_credit,3.26370478515625,47,65537,3.0,dp_uniform,0.8261910748223209,0.3276656028322249,0.0
0.5,2.937733446294646,give_me_some_credit,3.26370478515625,48,65537,3.0,dp_uniform,0.8251185084262018,0.31755183359929007,0.0
0.5,2.969045531073712,give_me_some_credit,3.26370478515625,49,65537,3.0,dp_uniform,0.8279383030190197,0.3239135867437518,0.0
0.5,2.999981588585123,give_me_some_credit,3.26370478515625,50,65537,3.0,dp_uniform,0.8271955514856366,0.32371960181268555,0.0
0.5,0.11510679454667541,give_me_some_credit,16.81322663557505,1,65537,3.0,scheduler,0.3433221286843616,0.052457541195502354,0.0
0.5,0.1371032669872691,give_me_some_credit,11.8887465676414,2,65537,3.0,scheduler,0.49571062520515996,0.1035736774875623,0.0
0.5,0.17009797564815962,give_me_some_credit,9.707120923995442,3,65537,3.0,scheduler,0.582157917850489,0.16477787990587742,0.0
0.5,0.21409092052934697,give_me_some_credit,8.406613317787524,4,65537,3.0,scheduler,0.6266004706041646,0.19478219441595676,0.0
0.5,0.2660930373545193,give_me_some_credit,7.519103535651179,5,65537,3.0,scheduler,0.6377016023969369,0.20308180141696275,0.0
0.5,0.3190546891375195,give_me_some_credit,6.863971031155001,6,65537,3.0,scheduler,0.6608668095790173,0.22490221820404735,0.0
0.5,0.3726275528534222,give_me_some_credit,6.354802344899825,7,65537,3.0,scheduler,0.6729170777289675,0.2331799812287223,0.0
0.5,0.42677317952607813,give_me_some_credit,5.9443732838207,8,65537,3.0,scheduler,0.693279081275201,0.2523706535378551,0.0
0.5,0.4813905728316681,give_me_some_credit,5.604408878525016,9,65537,3.0,scheduler,0.7030446967061716,0.25831031261648424,0.0
0.5,0.5365160826873119,give_me_some_credit,5.316809098502694,10,65537,3.0,scheduler,0.7183382185721622,0.2718054190867221,0.0
0.5,0.5920873588812087,give_me_some_credit,5.069378569582902,11,65537,3.0,scheduler,0.7322516289201981,0.2849177017658157,0.0
0.5,0.6480893467568122,give_me_some_credit,4.853560461997721,12,65537,3.0,scheduler,0.744359464350376,0.29477697942417574,0.0
0.5,0.7044444300192516,give_me_some_credit,4.663150056966364,13,65537,3.0,scheduler,0.7436524000767861,0.30270496945387104,0.0
0.5,0.7614378511849638,give_me_some_credit,4.49352383117884,14,65537,3.0,scheduler,0.7448509575320494,0.3031173970093836,0.0
0.5,0.8184074880615885,give_me_some_credit,4.341156450372874,15,65537,3.0,scheduler,0.7515700724078356,0.3040901061291178,0.0
0.5,0.8758750970207534,give_me_some_credit,4.203306658893762,16,65537,3.0,scheduler,0.7590569366011654,0.30633532874025476,0.0
0.5,0.9337254618518295,give_me_some_credit,4.077806430936716,17,65537,3.0,scheduler,0.7659033230461977,0.3119451815128351,0.0
0.5,0.9919201460111201,give_me_some_credit,3.9629155225471324,18,65537,3.0,scheduler,0.7713234439352593,0.31516494497418235,0.0
0.5,1.0505452760745373,give_me_some_credit,3.8572187273325254,19,65537,3.0,scheduler,0.7705510179721263,0.31175587978120467,0.0
0.5,1.1098539295360323,give_me_some_credit,3.7595517678255894,20,65537,3.0,scheduler,0.7738199375645545,0.31184824675440237,0.0
0.5,1.1685111893776154,give_me_some_credit,3.6689468444747795,21,65537,3.0,scheduler,0.7784198638962515,0.31230151800755224,0.0
0.5,1.2279368083312259,give_me_some_credit,3.584591962953831,22,65537,3.0,scheduler,0.783392474341918,0.31842383873563307,0.0
0.5,1.2881652447757086,give_me_some_credit,3.5058001003257333,23,65537,3.0,scheduler,0.7857010670323654,0.31854432739335947,0.0
0.5,1.347633097134614,give_me_some_credit,3.4319855155775003,24,65537,3.0,scheduler,0.7921763282452915,0.32202972894407944,0.0
0.5,1.4087344094695966,give_me_some_credit,3.36264532711501,25,65537,3.0,scheduler,0.7979875057845653,0.3261298049062754,0.0
0.5,1.4686219257169366,give_me_some_credit,3.297345026971351,26,65537,3.0,scheduler,0.8008668162599396,0.3278056426736261,0.0
0.5,1.529897813230019,give_me_some_credit,3.2357069746651463,27,65537,3.0,scheduler,0.8018837083038074,0.3301274365476682,0.0
0.5,1.5912443321968133,give_me_some_credit,3.1774011724499127,28,65537,3.0,scheduler,0.8040642499840772,0.3309829983956242,0.0
0.5,1.6519964941755956,give_me_some_credit,3.122137805940525,29,65537,3.0,scheduler,0.8075057043941317,0.3316466417705572,0.0
0.5,1.7148435582915775,give_me_some_credit,3.0696611642503817,30,65537,3.0,scheduler,0.810949998196151,0.33254965147782456,0.0
0.5,1.7770016468326175,give_me_some_credit,3.0197446479270726,31,65537,3.0,scheduler,0.8158406003209515,0.33878828479606315,0.0
0.5,1.83789346895388,give_me_some_credit,2.97218664191035,32,65537,3.0,scheduler,0.8170118216692596,0.33683489560626917,0.0
0.5,1.9002832011517876,give_me_some_credit,2.9268070817728082,33,65537,3.0,scheduler,0.8179663584386062,0.33250599062316166,0.0
0.5,1.9630134575471883,give_me_some_credit,2.8834445796814645,34,65537,3.0,scheduler,0.8179392450290599,0.3271091658601939,0.0
0.5,2.0259726827802793,give_me_some_credit,2.841954005354215,35,65537,3.0,scheduler,0.8190748347919271,0.3333909619548876,0.0
0.5,2.0892067628105027,give_me_some_credit,2.802204439262508,36,65537,3.0,scheduler,0.8203957644734385,0.33206867683359964,0.0
0.5,2.152649705017284,give_me_some_credit,2.764077432223998,37,65537,3.0,scheduler,0.8235827870937054,0.33508734161497844,0.0
0.5,2.2163545320067093,give_me_some_credit,2.7274655186165737,38,65537,3.0,scheduler,0.8237061614582939,0.33481240286894687,0.0
0.5,2.280304891031842,give_me_some_credit,2.692270940661149,39,65537,3.0,scheduler,0.8278380891849675,0.3397797217439514,0.0
0.5,2.3444933422711864,give_me_some_credit,2.658404549251347,40,65537,3.0,scheduler,0.8283253511158699,0.33456006061354515,0.0
0.5,2.4089225047904392,give_me_some_credit,2.625784853163467,41,65537,3.0,scheduler,0.8308136606153842,0.33594401523566747,0.0
0.5,2.4736063833046376,give_me_some_credit,2.5943371935411017,42,65537,3.0,scheduler,0.8339824777224646,0.34633598848615704,0.0
0.5,2.538518323883683,give_me_some_credit,2.5639930246032643,43,65537,3.0,scheduler,0.8322305728801767,0.3412682146761689,0.0
0.5,2.603617475474781,give_me_some_credit,2.534689284791451,44,65537,3.0,scheduler,0.8302042491556427,0.34060915250809226,0.0
0.5,2.6690320127077642,give_me_some_credit,2.50636784521706,45,65537,3.0,scheduler,0.8309412662307439,0.3466502506654828,0.0
0.5,2.734578079390124,give_me_some_credit,2.4789750244248046,46,65537,3.0,scheduler,0.8317538334018499,0.3447414891609073,0.0
0.5,2.8004700094674995,give_me_some_credit,2.4524611602503286,47,65537,3.0,scheduler,0.8324564437272598,0.34409938251881333,0.0
0.5,2.866460126928031,give_me_some_credit,2.4267802309988604,48,65537,3.0,scheduler,0.8311136340253137,0.3342100482634366,0.0
0.5,2.9327416212705395,give_me_some_credit,2.4018895193678644,49,65537,3.0,scheduler,0.8347233363278711,0.34105709582275007,0.0
0.5,2.999885418685583,give_me_some_credit,2.3777493135282795,50,65537,3.0,scheduler,0.8344976325038448,0.3430447231262723,0.0
0.5,1.2185372882902334,give_me_some_credit,3.3558008911132817,1,65537,3.0,ha_uniform,0.509758155067769,0.14860881212766291,0.0
0.5,1.2792280659779456,give_me_some_credit,3.3558008911132817,2,65537,3.0,ha_uniform,0.6253025344301328,0.1996646293306139,0.0
0.5,1.3310988816912719,give_me_some_credit,3.3558008911132817,3,65537,3.0,ha_uniform,0.6882212890705902,0.24216496471278265,0.0
0.5,1.3793183174742172,give_me_some_credit,3.3558008911132817,4,65537,3.0,ha_uniform,0.723076384320499,0.2678769192440971,0.0
0.5,1.4236254194374423,give_me_some_credit,3.3558008911132817,5,65537,3.0,ha_uniform,0.741024514976178,0.27994866580359806,0.0
0.5,1.4676447490455606,give_me_some_credit,3.3558008911132817,6,65537,3.0,ha_uniform,0.7559671770742816,0.29330116205373713,0.0
0.5,1.5092114563975325,give_me_some_credit,3.3558008911132817,7,65537,3.0,ha_uniform,0.7690760373579357,0.30352940729329403,0.0
0.5,1.5507781637495042,give_me_some_credit,3.3558008911132817,8,65537,3.0,ha_uniform,0.7792358272028448,0.31271377786016963,0.0
0.5,1.5911075046716439,give_me_some_credit,3.3558008911132817,9,65537,3.0,ha_uniform,0.7865325078088847,0.3172155971343825,0.0
0.5,1.6306957937765667,give_me_some_credit,3.3558008911132817,10,65537,3.0,ha_uniform,0.7929047714701458,0.32329766962181333,0.0
0.5,1.6702840828814893,give_me_some_credit,3.3558008911132817,11,65537,3.0,ha_uniform,0.7994344821995735,0.3308457387780214,0.0
0.5,1.709006387297439,give_me_some_credit,3.3558008911132817,12,65537,3.0,ha_uniform,0.8045429937390851,0.33503304689318986,0.0
0.5,1.7471027283725924,give_me_some_credit,3.3558008911132817,13,65537,3.0,ha_uniform,0.8064560201567879,0.33860049906073125,0.0
0.5,1.785199069447746,give_me_some_credit,3.3558008911132817,14,65537,3.0,ha_uniform,0.8093134506117275,0.34040682353710205,0.0
0.5,1.8232109835539902,give_me_some_credit,3.3558008911132817,15,65537,3.0,ha_uniform,0.8128084637486477,0.34374096531075815,0.0
0.5,1.8601332822313623,give_me_some_credit,3.3558008911132817,16,65537,3.0,ha_uniform,0.8153880235115016,0.3461130854958732,0.0
0.5,1.8970555809087344,give_me_some_credit,3.3558008911132817,17,65537,3.0,ha_uniform,0.8186399067521408,0.3479866586139995,0.0
0.5,1.9339778795861065,give_me_some_credit,3.3558008911132817,18,65537,3.0,ha_uniform,0.8208188338761954,0.3492196383907845,0.0
0.5,1.9706330123433233,give_me_some_credit,3.3558008911132817,19,65537,3.0,ha_uniform,0.8220751813090955,0.3497234016935347,0.0
0.5,2.006591987931209,give_me_some_credit,3.3558008911132817,20,65537,3.0,ha_uniform,0.8238837069676228,0.35187514995051505,0.0
0.5,2.042550963519095,give_me_some_credit,3.3558008911132817,21,65537,3.0,ha_uniform,0.8256799842686551,0.3532919882594016,0.0
0.5,2.078509939106981,give_me_some_credit,3.3558008911132817,22,65537,3.0,ha_uniform,0.8268404604669786,0.3548188633066934,0.0
0.5,2.114140653045415,give_me_some_credit,3.3558008911132817,23,65537,3.0,ha_uniform,0.8274012682172048,0.3540177250658712,0.0
0.5,2.1492780569852523,give_me_some_credit,3.3558008911132817,24,65537,3.0,ha_uniform,0.8292563376342141,0.3562456658752324,0.0
0.5,2.1844154609250896,give_me_some_credit,3.3558008911132817,25,65537,3.0,ha_uniform,0.8307699562488671,0.35767161712856094,0.0
0.5,2.2195528648649274,give_me_some_credit,3.3558008911132817,26,65537,3.0,ha_uniform,0.831985717078976,0.35847995222114787,0.0
0.5,2.254245847760281,give_me_some_credit,3.3558008911132817,27,65537,3.0,ha_uniform,0.8329017828709169,0.3604573400083889,0.0
0.5,2.288658523518308,give_me_some_credit,3.3558008911132817,28,65537,3.0,ha_uniform,0.8334395971136636,0.36072821547969935,0.0
0.5,2.323071199276335,give_me_some_credit,3.3558008911132817,29,65537,3.0,ha_uniform,0.8348128606862911,0.362899608774776,0.0
0.5,2.3574629230272617,give_me_some_credit,3.3558008911132817,30,65537,3.0,ha_uniform,0.836179777382762,0.3632844970421215,0.0
0.5,2.391218119754586,give_me_some_credit,3.3558008911132817,31,65537,3.0,ha_uniform,0.8373031187881341,0.3655551134039351,0.0
0.5,2.4249733164819096,give_me_some_credit,3.3558008911132817,32,65537,3.0,ha_uniform,0.8380713135004959,0.366916411211287,0.0
0.5,2.458728513209234,give_me_some_credit,3.3558008911132817,33,65537,3.0,ha_uniform,0.8385825710772186,0.3662076354658731,0.0
0.5,2.4920546481631853,give_me_some_credit,3.3558008911132817,34,65537,3.0,ha_uniform,0.8390036918776465,0.3648694857151557,0.0
0.5,2.525199875072314,give_me_some_credit,3.3558008911132817,35,65537,3.0,ha_uniform,0.839332727299451,0.36648995546935687,0.0
0.5,2.5583451019814425,give_me_some_credit,3.3558008911132817,36,65537,3.0,ha_uniform,0.8398957620237673,0.3672167445943923,0.0
0.5,2.591130447129407,give_me_some_credit,3.3558008911132817,37,65537,3.0,ha_uniform,0.84079629467143,0.3677948921370852,0.0
0.5,2.6236998847858026,give_me_some_credit,3.3558008911132817,38,65537,3.0,ha_uniform,0.8410758912684354,0.3689839046186094,0.0
0.5,2.6562693224421983,give_me_some_credit,3.3558008911132817,39,65537,3.0,ha_uniform,0.8422442732247788,0.37042791107685624,0.0
0.5,2.688418324396926,give_me_some_credit,3.3558008911132817,40,65537,3.0,ha_uniform,0.8427009142619428,0.37059769800102865,0.0
0.5,2.720437041937536,give_me_some_credit,3.3558008911132817,41,65537,3.0,ha_uniform,0.8437502644531731,0.37243746677145767,0.0
0.5,2.75241744879358,give_me_some_credit,3.3558008911132817,42,65537,3.0,ha_uniform,0.8444277099713656,0.37363682466185993,0.0
0.5,2.783904208556432,give_me_some_credit,3.3558008911132817,43,65537,3.0,ha_uniform,0.8441531240660627,0.37170243337882963,0.0
0.5,2.8153909683192837,give_me_some_credit,3.3558008911132817,44,65537,3.0,ha_uniform,0.8440075913092782,0.3723841743989724,0.0
0.5,2.8466179546618053,give_me_some_credit,3.3558008911132817,45,65537,3.0,ha_uniform,0.8442728239234029,0.3737528152784528,0.0
0.5,2.8775870979498057,give_me_some_credit,3.3558008911132817,46,65537,3.0,ha_uniform,0.8447035207124178,0.37426954294519293,0.0
0.5,2.908552462970107,give_me_some_credit,3.3558008911132817,47,65537,3.0,ha_uniform,0.844953999623196,0.3750777319483409,0.0
0.5,2.9390151919864116,give_me_some_credit,3.3558008911132817,48,65537,3.0,ha_uniform,0.8451077165097616,0.37296294676795194,0.0
0.5,2.9694779210027167,give_me_some_credit,3.3558008911132817,49,65537,3.0,ha_uniform,0.8461577347932188,0.3750319647880363,0.0
0.5,2.999972925838005,give_me_some_credit,3.3558008911132817,50,65537,3.0,ha_uniform,0.8458028664719698,0.374612080447047,0.0
0.5,0.21446357325992396,give_me_some_credit,17.273674771623106,1,65537,3.0,full_ha_dp,0.33331778163093784,0.06539961841126929,0.0
0.5,0.2351736031270147,give_me_some_credit,12.214332567025686,2,65537,3.0,full_ha_dp,0.40759137608737583,0.07397773477857347,0.0
0.5,0.26623864792765084,give_me_some_credit,9.972960779290647,3,65537,3.0,full_ha_dp,0.5184356709583426,0.12068651440077122,0.0
0.5,0.30765870766183234,give_me_some_credit,8.636837385811553,4,65537,3.0,full_ha_dp,0.593492881922716,0.1726673728812715,0.0
0.5,0.35758535692103954,give_me_some_credit,7.725022202114483,5,65537,3.0,full_ha_dp,0.6350354133419799,0.20258362098877514,0.0
0.5,0.4088541807005631,give_me_some_credit,7.051948195543892,6,65537,3.0,full_ha_dp,0.6701570773904674,0.23326973140695925,0.0
0.5,0.46071354558264,give_me_some_credit,6.52883538198931,7,65537,3.0,full_ha_dp,0.7001441743025898,0.2574790869225087,0.0
0.5,0.5131105421491863,give_me_some_credit,6.107166283512843,8,65537,3.0,full_ha_dp,0.7242522823143962,0.2801225455446025,0.0
0.5,0.5659752431170763,give_me_some_credit,5.7578915905410355,9,65537,3.0,full_ha_dp,0.7413538287697438,0.29283988776025593,0.0
0.5,0.6193163517023966,give_me_some_credit,5.462415583931787,10,65537,3.0,full_ha_dp,0.7575754977621136,0.30533845674778226,0.0
0.5,0.6731678485073901,give_me_some_credit,5.208208906191077,11,65537,3.0,full_ha_dp,0.771598029840562,0.31741367046449054,0.0
0.5,0.7273837472404316,give_me_some_credit,4.986480389645323,12,65537,3.0,full_ha_dp,0.7823690127244846,0.3256137246257439,0.0
0.5,0.7819012120204734,give_me_some_credit,4.790855392675063,13,65537,3.0,full_ha_dp,0.7873709635537874,0.3329406110094055,0.0
0.5,0.8367810351928243,give_me_some_credit,4.616583771855304,14,65537,3.0,full_ha_dp,0.7933977121849778,0.3376241850647355,0.0
0.5,0.8921112793302489,give_me_some_credit,4.460043647886633,15,65537,3.0,full_ha_dp,0.7998387336712692,0.34185636286709986,0.0
0.5,0.9479053829037719,give_me_some_credit,4.318418692905777,16,65537,3.0,full_ha_dp,0.8054255435709707,0.3457763644382414,0.0
0.5,1.0039884807896653,give_me_some_credit,4.189481507409946,17,65537,3.0,full_ha_dp,0.8108176045864977,0.3490506713756114,0.0
0.5,1.060258332116687,give_me_some_credit,4.071444189008561,18,65537,3.0,full_ha_dp,0.8145107070687276,0.3509921211289517,0.0
0.5,1.116707129926224,give_me_some_credit,3.962852774373323,19,65537,3.0,full_ha_dp,0.8168971881779745,0.35137486845725485,0.0
0.5,1.1734516303792708,give_me_some_credit,3.8625111010572417,20,65537,3.0,full_ha_dp,0.8201068702596073,0.3542576283973536,0.0
0.5,1.230775540554863,give_me_some_credit,3.7694248652862803,21,65537,3.0,full_ha_dp,0.8228913116387456,0.3559375978165559,0.0
0.5,1.2886321319295928,give_me_some_credit,3.682759835403882,22,65537,3.0,full_ha_dp,0.8247765565546751,0.3593313443260269,0.0
0.5,1.3458964173606127,give_me_some_credit,3.6018101736174657,23,65537,3.0,full_ha_dp,0.8261799399518706,0.36130094886755804,0.0
0.5,1.4047516780178497,give_me_some_credit,3.525974097771946,24,65537,3.0,full_ha_dp,0.8290647065137655,0.3634765017709144,0.0
0.5,1.4622795387597682,give_me_some_credit,3.45473495432462,25,65537,3.0,full_ha_dp,0.8309968849086429,0.36527007897730507,0.0
0.5,1.5220343268050809,give_me_some_credit,3.387646335844677,26,65537,3.0,full_ha_dp,0.8329858511428163,0.36584545886620745,0.0
0.5,1.579726552863405,give_me_some_credit,3.3243202597635486,27,65537,3.0,full_ha_dp,0.8343945236034758,0.36952398879518,0.0
0.5,1.6395555280350007,give_me_some_credit,3.264417690994655,28,65537,3.0,full_ha_dp,0.8352961140638313,0.3701305447702504,0.0
0.5,1.698701016130475,give_me_some_credit,3.207640878276962,29,65537,3.0,full_ha_dp,0.8370907768086481,0.3707724292387216,0.0
0.5,1.7578725300364484,give_me_some_credit,3.153727107808624,30,65537,3.0,full_ha_dp,0.8385755004344827,0.3719228439903392,0.0
0.5,1.819016427739288,give_me_some_credit,3.102443574469649,31,65537,3.0,full_ha_dp,0.8400260956823872,0.3747616199228286,0.0
0.5,1.8791336729298798,give_me_some_credit,3.0535831417564214,32,65537,3.0,full_ha_dp,0.8407554853712298,0.37546829371358986,0.0
0.5,1.9382558772409317,give_me_some_credit,3.006960813985224,33,65537,3.0,full_ha_dp,0.841549457308684,0.3760591972144613,0.0
0.5,1.9987925664667214,give_me_some_credit,2.9624107835452116,34,65537,3.0,full_ha_dp,0.8420455157872422,0.3760679375557243,0.0
0.5,2.059663808553418,give_me_some_credit,2.9197839456067802,35,65537,3.0,full_ha_dp,0.8426587687772886,0.3784432460569622,0.0
0.5,2.1207190557157234,give_me_some_credit,2.8789457952705177,36,65537,3.0,full_ha_dp,0.8434598670318311,0.3788727791800625,0.0
0.5,2.182050037907415,give_me_some_credit,2.839774639496937,37,65537,3.0,full_ha_dp,0.8444996412344741,0.3799930892763594,0.0
0.5,2.2436126927636004,give_me_some_credit,2.8021600696033,38,65537,3.0,full_ha_dp,0.8450743118984108,0.3810653353232132,0.0
0.5,2.3053795603367355,give_me_some_credit,2.7660016506095175,39,65537,3.0,full_ha_dp,0.846473185673074,0.3825736539642482,0.0
0.5,2.367386452003013,give_me_some_credit,2.7312077919658937,40,65537,3.0,full_ha_dp,0.8470118907054565,0.3825570467696952,0.0
0.5,2.429632053857954,give_me_some_credit,2.6976947707246883,41,65537,3.0,full_ha_dp,0.8481195876178459,0.3834642373827795,0.0
0.5,2.492096631867238,give_me_some_credit,2.665385883417118,42,65537,3.0,full_ha_dp,0.8487919110956311,0.38544579988069483,0.0
0.5,2.554748960354795,give_me_some_credit,2.6342107070629055,43,65537,3.0,full_ha_dp,0.8485773978164073,0.38380460100285324,0.0
0.5,2.6176508088100063,give_me_some_credit,2.6041044530955384,44,65537,3.0,full_ha_dp,0.8483701222029763,0.38433145759465254,0.0
0.5,2.680816773804569,give_me_some_credit,2.575007400704828,45,65537,3.0,full_ha_dp,0.8488295469577529,0.38391826664299056,0.0
0.5,2.7441114317783186,give_me_some_credit,2.546864398311606,46,65537,3.0,full_ha_dp,0.8493752112841668,0.3846683937059536,0.0
0.5,2.807725906797638,give_me_some_credit,2.5196244237001997,47,65537,3.0,full_ha_dp,0.8496749619966872,0.38576133826148057,0.0
0.5,2.871452499036329,give_me_some_credit,2.4932401948226617,48,65537,3.0,full_ha_dp,0.8497962764102426,0.38453626479814884,0.0
0.5,2.9354523707215936,give_me_some_credit,2.4676678245175863,49,65537,3.0,full_ha_dp,0.8509362644469377,0.3863353799589954,0.0
0.5,2.999806691465601,give_me_some_credit,2.4428665134051366,50,65537,3.0,full_ha_dp,0.850631781414476,0.3861882481543581,0.0
0.1,1.557412828607971,give_me_some_credit,4.742689306640625,1,42,3.0,ha_uniform,0.4501767437986566,0.06384072607026531,0.0
0.1,1.6214865825789357,give_me_some_credit,4.742689306640625,2,42,3.0,ha_uniform,0.46646232694741085,0.07003101258658904,0.0
0.1,1.6696268909648513,give_me_some_credit,4.742689306640625,3,42,3.0,ha_uniform,0.4792404259043408,0.07305251903712999,0.0
0.1,1.7125978767067596,give_me_some_credit,4.742689306640625,4,42,3.0,ha_uniform,0.5081196588810167,0.0805830594907713,0.0
0.1,1.752452667629804,give_me_some_credit,4.742689306640625,5,42,3.0,ha_uniform,0.4961044098986326,0.07743311279833673,0.0
0.1,1.7898152518678576,give_me_some_credit,4.742689306640625,6,42,3.0,ha_uniform,0.4992543534002999,0.0782976600659078,0.0
0.1,1.8247107984666515,give_me_some_credit,4.742689306640625,7,42,3.0,ha_uniform,0.4981196544270686,0.07774470792951299,0.0
0.1,1.8596063450654452,give_me_some_credit,4.742689306640625,8,42,3.0,ha_uniform,0.5367189055402216,0.08827785268926742,0.0
0.1,1.893123275913273,give_me_some_credit,4.742689306640625,9,42,3.0,ha_uniform,0.5293416641464743,0.08679380332131163,0.0
0.1,1.9247272286953587,give_me_some_credit,4.742689306640625,10,42,3.0,ha_uniform,0.5446289504850127,0.09026959268762008,0.0
0.1,1.9563311814774442,give_me_some_credit,4.742689306640625,11,42,3.0,ha_uniform,0.5489155972365924,0.09436781246111253,0.0
0.1,1.98793513425953,give_me_some_credit,4.742689306640625,12,42,3.0,ha_uniform,0.5534880204382774,0.09439161071613772,0.0
0.1,2.019267337086306,give_me_some_credit,4.742689306640625,13,42,3.0,ha_uniform,0.5529739791439423,0.09459569597837562,0.0
0.1,2.048597978726712,give_me_some_credit,4.742689306640625,14,42,3.0,ha_uniform,0.5741538389247457,0.10130727827427849,0.0
0.1,2.0779286203671177,give_me_some_credit,4.742689306640625,15,42,3.0,ha_uniform,0.5830752084781794,0.10463843930454012,0.0
0.1,2.1072592620075237,give_me_some_credit,4.742689306640625,16,42,3.0,ha_uniform,0.5768369529827868,0.10031785186596147,0.0
0.1,2.1365899036479297,give_me_some_credit,4.742689306640625,17,42,3.0,ha_uniform,0.5650221316685069,0.09719568833490932,0.0
0.1,2.165920545288335,give_me_some_credit,4.742689306640625,18,42,3.0,ha_uniform,0.5677303548594134,0.09591016184291981,0.0
0.1,2.194455365184291,give_me_some_credit,4.742689306640625,19,42,3.0,ha_uniform,0.5800053803694015,0.10209777418737784,0.0
0.1,2.222145499349603,give_me_some_credit,4.742689306640625,20,42,3.0,ha_uniform,0.5855026659106831,0.1057907851316824,0.0
0.1,2.249835633514915,give_me_some_credit,4.742689306640625,21,42,3.0,ha_uniform,0.5934502353688915,0.10597292527652558,0.0
0.1,2.2775257676802267,give_me_some_credit,4.742689306640625,22,42,3.0,ha_uniform,0.6149104711876319,0.11183419605670517,0.0
0.1,2.3052159018455387,give_me_some_credit,4.742689306640625,23,42,3.0,ha_uniform,0.6018096836850542,0.10686537945117716,0.0
0.1,2.3329060360108507,give_me_some_credit,4.742689306640625,24,42,3.0,ha_uniform,0.6217722237538854,0.11245902642038885,0.0
0.1,2.3605961701761626,give_me_some_credit,4.742689306640625,25,42,3.0,ha_uniform,0.6342537454363734,0.12045084067991443,0.0
0.1,2.387570117002192,give_me_some_credit,4.742689306640625,26,42,3.0,ha_uniform,0.6414266619573588,0.12886585739654094,0.0
0.1,2.4140201084704067,give_me_some_credit,4.742689306640625,27,42,3.0,ha_uniform,0.6386844217372268,0.12488630406171734,0.0
0.1,2.4404700999386213,give_me_some_credit,4.742689306640625,28,42,3.0,ha_uniform,0.6299956596274985,0.12478777222536847,0.0
0.1,2.466920091406836,give_me_some_credit,4.742689306640625,29,42,3.0,ha_uniform,0.6168883582257074,0.11980283480404601,0.0
0.1,2.4933700828750505,give_me_some_credit,4.742689306640625,30,42,3.0,ha_uniform,0.6158584383834128,0.11969802535123035,0.0
0.1,2.5198200743432655,give_me_some_credit,4.742689306640625,31,42,3.0,ha_uniform,0.6393903168494196,0.13150824897330682,0.0
0.1,2.54627006581148,give_me_some_credit,4.742689306640625,32,42,3.0,ha_uniform,0.6456481697168046,0.1353577984016221,0.0
0.1,2.5727200572796947,give_me_some_credit,4.742689306640625,33,42,3.0,ha_uniform,0.6319745488039146,0.13302263799388853,0.0
0.1,2.598524041372069,give_me_some_credit,4.742689306640625,34,42,3.0,ha_uniform,0.623984833861052,0.13535471324653459,0.0
0.1,2.6239918850886466,give_me_some_credit,4.742689306640625,35,42,3.0,ha_uniform,0.5988307161191503,0.12078887403907676,0.0
0.1,2.6494597288052235,give_me_some_credit,4.742689306640625,36,42,3.0,ha_uniform,0.6086971578020478,0.12184157125952927,0.0
0.1,2.674927572521801,give_me_some_credit,4.742689306640625,37,42,3.0,ha_uniform,0.6128115481077624,0.1239132593840496,0.0
0.1,2.7003954162383783,give_me_some_credit,4.742689306640625,38,42,3.0,ha_uniform,0.6049894129651759,0.12262358016068214,0.0
0.1,2.7258632599549557,give_me_some_credit,4.742689306640625,39,42,3.0,ha_uniform,0.6121988518612381,0.12439572376203678,0.0
0.1,2.751331103671533,give_me_some_credit,4.742689306640625,40,42,3.0,ha_uniform,0.6375483309051893,0.13797886210264546,0.0
0.1,2.77679894738811,give_me_some_credit,4.742689306640625,41,42,3.0,ha_uniform,0.6325330182313461,0.1356645211412686,0.0
0.1,2.8021693974561876,give_me_some_credit,4.742689306640625,42,42,3.0,ha_uniform,0.6610223637192071,0.1519858018603615,0.0
0.1,2.82682450905483,give_me_some_credit,4.742689306640625,43,42,3.0,ha_uniform,0.6526250011691614,0.15286258795910468,0.0
0.1,2.8514796206534725,give_me_some_credit,4.742689306640625,44,42,3.0,ha_uniform,0.6625438324175275,0.1561496164599051,0.0
0.1,2.876134732252115,give_me_some_credit,4.742689306640625,45,42,3.0,ha_uniform,0.658246162144202,0.14945843230657258,0.0
0.1,2.9007898438507573,give_me_some_credit,4.742689306640625,46,42,3.0,ha_uniform,0.6480411090509126,0.14831183759226677,0.0
0.1,2.9254449554493998,give_me_some_credit,4.742689306640625,47,42,3.0,ha_uniform,0.6544502848077163,0.15217959086517507,0.0
0.1,2.950100067048042,give_me_some_credit,4.742689306640625,48,42,3.0,ha_uniform,0.660043552932279,0.15755379992146995,0.0
0.1,2.9747551786466846,give_me_some_credit,4.742689306640625,49,42,3.0,ha_uniform,0.6415155182235517,0.15412989621181764,0.0
0.1,2.999919524792012,give_me_some_credit,4.742689306640625,50,42,3.0,ha_uniform,0.6257951967732037,0.15061692136085386,0.0
0.1,1.1231431741038957,give_me_some_credit,4.73861181640625,1,123,3.0,ha_uniform,0.5010771316930036,0.08253071284341443,0.0
0.1,1.1844423159029736,give_me_some_credit,4.73861181640625,2,123,3.0,ha_uniform,0.6288933074529252,0.1473207225724915,0.0
0.1,1.2376462385395455,give_me_some_credit,4.73861181640625,3,123,3.0,ha_uniform,0.7406416424557466,0.23358874927065493,0.0
0.1,1.2875253095785797,give_me_some_credit,4.73861181640625,4,123,3.0,ha_uniform,0.7847621747560015,0.28411758818329585,0.0
0.1,1.334276822805183,give_me_some_credit,4.73861181640625,5,123,3.0,ha_uniform,0.7997736503534876,0.30518424923098936,0.0
0.1,1.3802526979592649,give_me_some_credit,4.73861181640625,6,123,3.0,ha_uniform,0.8086244248282668,0.31680243797088203,0.0
0.1,1.4246387227700081,give_me_some_credit,4.73861181640625,7,123,3.0,ha_uniform,0.8131949551019754,0.3210794779825901,0.0
0.1,1.4687824291729505,give_me_some_credit,4.73861181640625,8,123,3.0,ha_uniform,0.8185215430792548,0.3295538184330861,0.0
0.1,1.5114181212674946,give_me_some_credit,4.73861181640625,9,123,3.0,ha_uniform,0.8206954038372545,0.3318204495406463,0.0
0.1,1.5540538133620385,give_me_some_credit,4.73861181640625,10,123,3.0,ha_uniform,0.8242031107264879,0.33392681601777946,0.0
0.1,1.5959683656242363,give_me_some_credit,4.73861181640625,11,123,3.0,ha_uniform,0.8256566010407095,0.3369355410307182,0.0
0.1,1.6372551840183158,give_me_some_credit,4.73861181640625,12,123,3.0,ha_uniform,0.826729056088124,0.33777604204964545,0.0
0.1,1.6785420024123956,give_me_some_credit,4.73861181640625,13,123,3.0,ha_uniform,0.8275093878092766,0.33982559831445247,0.0
0.1,1.719145651057753,give_me_some_credit,4.73861181640625,14,123,3.0,ha_uniform,0.8294703498442677,0.3416304305306194,0.0
0.1,1.7593489328876006,give_me_some_credit,4.73861181640625,15,123,3.0,ha_uniform,0.8309991675570851,0.3458761208304225,0.0
0.1,1.7995522147174483,give_me_some_credit,4.73861181640625,16,123,3.0,ha_uniform,0.8315117056439095,0.3459710465151926,0.0
0.1,1.8392268603660142,give_me_some_credit,4.73861181640625,17,123,3.0,ha_uniform,0.8299878986227947,0.34316896410152675,0.0
0.1,1.8785243008270545,give_me_some_credit,4.73861181640625,18,123,3.0,ha_uniform,0.8304910834184408,0.3446947967117637,0.0
0.1,1.9178217412880947,give_me_some_credit,4.73861181640625,19,123,3.0,ha_uniform,0.8312587770616324,0.3469119201567869,0.0
0.1,1.9566856411614664,give_me_some_credit,4.73861181640625,20,123,3.0,ha_uniform,0.8328130379534285,0.34898178329984314,0.0
0.1,1.995197894502418,give_me_some_credit,4.73861181640625,21,123,3.0,ha_uniform,0.8329795599410119,0.35198128081182384,0.0
0.1,2.0337101478433697,give_me_some_credit,4.73861181640625,22,123,3.0,ha_uniform,0.8335801191787454,0.3558713762671666,0.0
0.1,2.071760680802888,give_me_some_credit,4.73861181640625,23,123,3.0,ha_uniform,0.8347393705413195,0.3538071713232403,0.0
0.1,2.109570870114595,give_me_some_credit,4.73861181640625,24,123,3.0,ha_uniform,0.8361681971174938,0.3548058875590613,0.0
0.1,2.1473810594263023,give_me_some_credit,4.73861181640625,25,123,3.0,ha_uniform,0.8356542114975108,0.3567387607278012,0.0
0.1,2.1845678117273084,give_me_some_credit,4.73861181640625,26,123,3.0,ha_uniform,0.8368878437946926,0.3584605696595067,0.0
0.1,2.2217340927578304,give_me_some_credit,4.73861181640625,27,123,3.0,ha_uniform,0.8377973400130679,0.3609560211993041,0.0
0.1,2.25859744284507,give_me_some_credit,4.73861181640625,28,123,3.0,ha_uniform,0.8383750727663785,0.3611084039416758,0.0
0.1,2.295161176420703,give_me_some_credit,4.73861181640625,29,123,3.0,ha_uniform,0.8384681046089901,0.361460798370311,0.0
0.1,2.3315839447947675,give_me_some_credit,4.73861181640625,30,123,3.0,ha_uniform,0.8390914903311466,0.36291763961738943,0.0
0.1,2.3675750664747395,give_me_some_credit,4.73861181640625,31,123,3.0,ha_uniform,0.8409746196216907,0.36377904870621475,0.0
0.1,2.4034751881547396,give_me_some_credit,4.73861181640625,32,123,3.0,ha_uniform,0.8403321932710641,0.36121356670987026,0.0
0.1,2.438915772053531,give_me_some_credit,4.73861181640625,33,123,3.0,ha_uniform,0.8402935552706018,0.36039676534348775,0.0
0.1,2.4742385105389837,give_me_some_credit,4.73861181640625,34,123,3.0,ha_uniform,0.8410964907787682,0.36353836095168285,0.0
0.1,2.509145158608557,give_me_some_credit,4.73861181640625,35,123,3.0,ha_uniform,0.8427867641131144,0.36362086092064166,0.0
0.1,2.5438569273464164,give_me_some_credit,4.73861181640625,36,123,3.0,ha_uniform,0.8430620737849964,0.3645551371544999,0.0
0.1,2.578242387483007,give_me_some_credit,4.73861181640625,37,123,3.0,ha_uniform,0.8426311542985722,0.36517889128335435,0.0
0.1,2.612325978257449,give_me_some_credit,4.73861181640625,38,123,3.0,ha_uniform,0.8432230840117068,0.3664158822702251,0.0
0.1,2.6462002513091307,give_me_some_credit,4.73861181640625,39,123,3.0,ha_uniform,0.8438738615151709,0.36609654636353256,0.0
0.1,2.679651214340131,give_me_some_credit,4.73861181640625,40,123,3.0,ha_uniform,0.8443949734522419,0.3673289006234703,0.0
0.1,2.7129717461792184,give_me_some_credit,4.73861181640625,41,123,3.0,ha_uniform,0.844665662152887,0.3670782067417801,0.0
0.1,2.74584625381157,give_me_some_credit,4.73861181640625,42,123,3.0,ha_uniform,0.8448274518205291,0.36863989028004385,0.0
0.1,2.7785479005273093,give_me_some_credit,4.73861181640625,43,123,3.0,ha_uniform,0.8443109051803427,0.3667568732497371,0.0
0.1,2.810931310915322,give_me_some_credit,4.73861181640625,44,123,3.0,ha_uniform,0.8455146403503654,0.3673651191016567,0.0
0.1,2.8430350948791956,give_me_some_credit,4.73861181640625,45,123,3.0,ha_uniform,0.8450950227574483,0.36892062781746493,0.0
0.1,2.874932105370455,give_me_some_credit,4.73861181640625,46,123,3.0,ha_uniform,0.8448305695842551,0.3691939045853131,0.0
0.1,2.906464373781725,give_me_some_credit,4.73861181640625,47,123,3.0,ha_uniform,0.845001211473905,0.37065483824620804,0.0
0.1,2.93787907239934,give_me_some_credit,4.73861181640625,48,123,3.0,ha_uniform,0.844919871245266,0.37268925490273913,0.0
0.1,2.9688708018740813,give_me_some_credit,4.73861181640625,49,123,3.0,ha_uniform,0.8449646890988283,0.37204793231226707,0.0
0.1,2.9999783732079774,give_me_some_credit,4.73861181640625,50,123,3.0,ha_uniform,0.8456407427582143,0.37283823411388206,0.0
0.1,1.5411267029250584,give_me_some_credit,5.3843054138183595,1,2026,3.0,ha_uniform,0.8051116515729785,0.29370408714306434,0.0
0.1,1.6029773362841204,give_me_some_credit,5.3843054138183595,2,2026,3.0,ha_uniform,0.8354750514319667,0.34958452246026783,0.0
0.1,1.6531352048359151,give_me_some_credit,5.3843054138183595,3,2026,3.0,ha_uniform,0.8412807728847198,0.3557216400422494,0.0
0.1,1.6952308171820798,give_me_some_credit,5.3843054138183595,4,2026,3.0,ha_uniform,0.8465581447346091,0.3632188077490943,0.014742014742014743
0.1,1.7359708606346864,give_me_some_credit,5.3843054138183595,5,2026,3.0,ha_uniform,0.8485545713319845,0.36509578399402,0.06627218934911243
0.1,1.7725292901587073,give_me_some_credit,5.3843054138183595,6,2026,3.0,ha_uniform,0.8479280121717497,0.3650791622702325,0.07083825265643448
0.1,1.809087719682728,give_me_some_credit,5.3843054138183595,7,2026,3.0,ha_uniform,0.8486853503854224,0.3666786658036829,0.08391608391608392
0.1,1.8437218547219902,give_me_some_credit,5.3843054138183595,8,2026,3.0,ha_uniform,0.850315495419337,0.36862974316760705,0.12045454545454545
0.1,1.8766318400278523,give_me_some_credit,5.3843054138183595,9,2026,3.0,ha_uniform,0.8519696917734241,0.36979844178752747,0.14396456256921372
0.1,1.9095418253337142,give_me_some_credit,5.3843054138183595,10,2026,3.0,ha_uniform,0.8517297353152213,0.36917098994933256,0.14046822742474915
0.1,1.9424518106395763,give_me_some_credit,5.3843054138183595,11,2026,3.0,ha_uniform,0.8527055396871279,0.37103172848464944,0.14601769911504425
0.1,1.9736334598506478,give_me_some_credit,5.3843054138183595,12,2026,3.0,ha_uniform,0.8528125457921547,0.371717723588767,0.13468013468013468
0.1,2.004045606431993,give_me_some_credit,5.3843054138183595,13,2026,3.0,ha_uniform,0.85194658691724,0.3715957929410129,0.13468013468013468
0.1,2.0344577530133385,give_me_some_credit,5.3843054138183595,14,2026,3.0,ha_uniform,0.8526792057185132,0.3718665978497155,0.14253897550111358
0.1,2.064869899594684,give_me_some_credit,5.3843054138183595,15,2026,3.0,ha_uniform,0.852287536650426,0.37096693338596015,0.14412416851441243
0.1,2.0952820461760293,give_me_some_credit,5.3843054138183595,16,2026,3.0,ha_uniform,0.8541289101767815,0.37303753955997093,0.14806629834254142
0.1,2.1246357576947545,give_me_some_credit,5.3843054138183595,17,2026,3.0,ha_uniform,0.8544529905812358,0.37342363858351263,0.15350877192982457
0.1,2.1532632142790913,give_me_some_credit,5.3843054138183595,18,2026,3.0,ha_uniform,0.8552011425267871,0.37554560433637646,0.16104461371055495
0.1,2.181890670863428,give_me_some_credit,5.3843054138183595,19,2026,3.0,ha_uniform,0.855621595234988,0.37511171762372014,0.16174863387978142
0.1,2.2105181274477648,give_me_some_credit,5.3843054138183595,20,2026,3.0,ha_uniform,0.8552324871871044,0.3760470991509705,0.16503800217155265
0.1,2.2391455840321015,give_me_some_credit,5.3843054138183595,21,2026,3.0,ha_uniform,0.8549802266970543,0.376468988753516,0.14994487320837926
0.1,2.2677730406164383,give_me_some_credit,5.3843054138183595,22,2026,3.0,ha_uniform,0.8559428362474772,0.3780027891766271,0.16286644951140064
0.1,2.296073176293279,give_me_some_credit,5.3843054138183595,23,2026,3.0,ha_uniform,0.8551164061626609,0.3784803554130554,0.1588683351468988
0.1,2.323365800651971,give_me_some_credit,5.3843054138183595,24,2026,3.0,ha_uniform,0.8551774252527281,0.3774631544365434,0.15921483097055616
0.1,2.350658425010663,give_me_some_credit,5.3843054138183595,25,2026,3.0,ha_uniform,0.8540371588442717,0.37524785049538334,0.146503884572697
0.1,2.377951049369355,give_me_some_credit,5.3843054138183595,26,2026,3.0,ha_uniform,0.8554167136187038,0.37649071101659215,0.15317286652078774
0.1,2.405243673728047,give_me_some_credit,5.3843054138183595,27,2026,3.0,ha_uniform,0.8558476331051278,0.37682308637104694,0.15011037527593818
0.1,2.432536298086739,give_me_some_credit,5.3843054138183595,28,2026,3.0,ha_uniform,0.8554658183973893,0.3781671842316107,0.15703380588876772
0.1,2.4598289224454315,give_me_some_credit,5.3843054138183595,29,2026,3.0,ha_uniform,0.8569282722823233,0.3780983780007606,0.16304347826086957
0.1,2.4871215468041235,give_me_some_credit,5.3843054138183595,30,2026,3.0,ha_uniform,0.8569243750776657,0.37853614646040407,0.1632208922742111
0.1,2.513518594193956,give_me_some_credit,5.3843054138183595,31,2026,3.0,ha_uniform,0.8566281875236894,0.3766145854509404,0.16720955483170466
0.1,2.539765312108967,give_me_some_credit,5.3843054138183595,32,2026,3.0,ha_uniform,0.8566561917228718,0.37820013721983653,0.15956284153005465
0.1,2.5660120300239786,give_me_some_credit,5.3843054138183595,33,2026,3.0,ha_uniform,0.8563998113307552,0.3762397386069593,0.16775599128540306
0.1,2.59225874793899,give_me_some_credit,5.3843054138183595,34,2026,3.0,ha_uniform,0.855287103726663,0.3748781470357269,0.16521739130434782
0.1,2.618505465854001,give_me_some_credit,5.3843054138183595,35,2026,3.0,ha_uniform,0.8564776440752022,0.377595302323017,0.1757770632368703
0.1,2.644752183769012,give_me_some_credit,5.3843054138183595,36,2026,3.0,ha_uniform,0.8568596814803499,0.3764388871608368,0.1615720524017467
0.1,2.6709989016840234,give_me_some_credit,5.3843054138183595,37,2026,3.0,ha_uniform,0.8573597485122699,0.3771522903785178,0.15904139433551198
0.1,2.697245619599035,give_me_some_credit,5.3843054138183595,38,2026,3.0,ha_uniform,0.8566851423860424,0.37599337224013224,0.15164835164835164
0.1,2.722821058270983,give_me_some_credit,5.3843054138183595,39,2026,3.0,ha_uniform,0.8565690613615987,0.3738483264602897,0.1562156215621562
0.1,2.7482108968161763,give_me_some_credit,5.3843054138183595,40,2026,3.0,ha_uniform,0.8565827572522524,0.3742639408722984,0.14806629834254142
0.1,2.7736007353613696,give_me_some_credit,5.3843054138183595,41,2026,3.0,ha_uniform,0.8579864746955616,0.3779788138534819,0.1724137931034483
0.1,2.798990573906563,give_me_some_credit,5.3843054138183595,42,2026,3.0,ha_uniform,0.8572378216808397,0.3762924235012429,0.17062634989200864
0.1,2.8243804124517564,give_me_some_credit,5.3843054138183595,43,2026,3.0,ha_uniform,0.8568658613334498,0.37314192288475073,0.16593886462882096
0.1,2.84977025099695,give_me_some_credit,5.3843054138183595,44,2026,3.0,ha_uniform,0.8563676315551538,0.3749032581075447,0.16846652267818574
0.1,2.875160089542143,give_me_some_credit,5.3843054138183595,45,2026,3.0,ha_uniform,0.8570631155634758,0.3751934091488075,0.19238900634249473
0.1,2.9005499280873366,give_me_some_credit,5.3843054138183595,46,2026,3.0,ha_uniform,0.8576680174006848,0.3761084767788794,0.1791044776119403
0.1,2.925628050603142,give_me_some_credit,5.3843054138183595,47,2026,3.0,ha_uniform,0.8572333677326597,0.3751926103086553,0.17025862068965517
0.1,2.950287057843353,give_me_some_credit,5.3843054138183595,48,2026,3.0,ha_uniform,0.8573309091978039,0.3751622891750529,0.16864864864864865
0.1,2.9749460650835644,give_me_some_credit,5.3843054138183595,49,2026,3.0,ha_uniform,0.857440420648682,0.3760899291456589,0.16989247311827957
0.1,2.9998533664993077,give_me_some_credit,5.3843054138183595,50,2026,3.0,ha_uniform,0.8571746869653871,0.37610722945582725,0.1722282023681378
0.1,1.2363837289886932,give_me_some_credit,3.727976843261719,1,31415,3.0,ha_uniform,0.6471450303514299,0.1102158577233843,0.0
0.1,1.2970001329646388,give_me_some_credit,3.727976843261719,2,31415,3.0,ha_uniform,0.7977570696405976,0.2569858386914088,0.0
0.1,1.348580900627231,give_me_some_credit,3.727976843261719,3,31415,3.0,ha_uniform,0.8184190465967605,0.3231121946791683,0.0
0.1,1.3962359379045464,give_me_some_credit,3.727976843261719,4,31415,3.0,ha_uniform,0.8252573602607163,0.3371535753109816,0.0
0.1,1.4407337961472504,give_me_some_credit,3.727976843261719,5,31415,3.0,ha_uniform,0.8290050792825046,0.3403527879348299,0.0
0.1,1.4839041693153088,give_me_some_credit,3.727976843261719,6,31415,3.0,ha_uniform,0.8311983147150878,0.3454015860204932,0.0
0.1,1.5254193804133038,give_me_some_credit,3.727976843261719,7,31415,3.0,ha_uniform,0.8310183195342595,0.34439337573123346,0.0
0.1,1.5668847573066917,give_me_some_credit,3.727976843261719,8,31415,3.0,ha_uniform,0.8327407169698542,0.3459316821582835,0.012300123001230012
0.1,1.6062640651705784,give_me_some_credit,3.727976843261719,9,31415,3.0,ha_uniform,0.8328792347582552,0.3462182181054292,0.07719298245614035
0.1,1.645643373034465,give_me_some_credit,3.727976843261719,10,31415,3.0,ha_uniform,0.8336016651530666,0.3470955634183465,0.1010332950631458
0.1,1.6850226808983517,give_me_some_credit,3.727976843261719,11,31415,3.0,ha_uniform,0.8340079765757957,0.3458045100861213,0.1426978818283166
0.1,1.7228163210679972,give_me_some_credit,3.727976843261719,12,31415,3.0,ha_uniform,0.8340302463166961,0.3460123819338753,0.15164835164835164
0.1,1.7606029725408794,give_me_some_credit,3.727976843261719,13,31415,3.0,ha_uniform,0.8359914867234487,0.3473570233519653,0.16216216216216217
0.1,1.7983896240137616,give_me_some_credit,3.727976843261719,14,31415,3.0,ha_uniform,0.8354123064369795,0.3474841949079475,0.16774193548387098
0.1,1.8356232301903492,give_me_some_credit,3.727976843261719,15,31415,3.0,ha_uniform,0.8338514759716177,0.3481523365498535,0.16738197424892703
0.1,1.872170613791473,give_me_some_credit,3.727976843261719,16,31415,3.0,ha_uniform,0.8351023673179971,0.34878903754372964,0.16379310344827586
0.1,1.9087179973925972,give_me_some_credit,3.727976843261719,17,31415,3.0,ha_uniform,0.8350208043919493,0.3488810347382985,0.16344086021505377
0.1,1.9452653809937213,give_me_some_credit,3.727976843261719,18,31415,3.0,ha_uniform,0.833317113538711,0.34758929323790044,0.16523605150214593
0.1,1.9812652391848005,give_me_some_credit,3.727976843261719,19,31415,3.0,ha_uniform,0.8335901962365028,0.34694575132317845,0.1670235546038544
0.1,2.0168065484877293,give_me_some_credit,3.727976843261719,20,31415,3.0,ha_uniform,0.8355044474899551,0.3478323257999385,0.1723404255319149
0.1,2.052347857790658,give_me_some_credit,3.727976843261719,21,31415,3.0,ha_uniform,0.8354851284897241,0.3476254956588181,0.17584745762711865
0.1,2.087889167093587,give_me_some_credit,3.727976843261719,22,31415,3.0,ha_uniform,0.8358058684330432,0.34812295317362624,0.17566137566137566
0.1,2.123006197612847,give_me_some_credit,3.727976843261719,23,31415,3.0,ha_uniform,0.8361689765584253,0.34837376500465256,0.17215727948990436
0.1,2.1576976148006426,give_me_some_credit,3.727976843261719,24,31415,3.0,ha_uniform,0.8374858420122225,0.35054308281437324,0.18124341412012646
0.1,2.192389031988438,give_me_some_credit,3.727976843261719,25,31415,3.0,ha_uniform,0.8392099653527371,0.3516043787801592,0.20185375901132852
0.1,2.2270804491762335,give_me_some_credit,3.727976843261719,26,31415,3.0,ha_uniform,0.8386307850662682,0.351647587466862,0.19668737060041408
0.1,2.2613966736493243,give_me_some_credit,3.727976843261719,27,31415,3.0,ha_uniform,0.8396950003095495,0.35213138632554614,0.18769551616266944
0.1,2.2953444385545754,give_me_some_credit,3.727976843261719,28,31415,3.0,ha_uniform,0.8393297208844294,0.35204155333865006,0.18730489073881373
0.1,2.3292922034598265,give_me_some_credit,3.727976843261719,29,31415,3.0,ha_uniform,0.8386050078411759,0.3512507556387602,0.18200836820083682
0.1,2.363239968365078,give_me_some_credit,3.727976843261719,30,31415,3.0,ha_uniform,0.8393424703110949,0.3527814601021391,0.18561001042752867
0.1,2.396721547251154,give_me_some_credit,3.727976843261719,31,31415,3.0,ha_uniform,0.8393341191582571,0.3524390894136863,0.19106957424714435
0.1,2.429999115444649,give_me_some_credit,3.727976843261719,32,31415,3.0,ha_uniform,0.8396309748044606,0.35190811966384583,0.18448637316561844
0.1,2.463276683638144,give_me_some_credit,3.727976843261719,33,31415,3.0,ha_uniform,0.8402250201429806,0.3524169485210985,0.18124341412012646
0.1,2.4964686348398555,give_me_some_credit,3.727976843261719,34,31415,3.0,ha_uniform,0.8397975524663961,0.35243505545897047,0.17740232312565998
0.1,2.529127675457417,give_me_some_credit,3.727976843261719,35,31415,3.0,ha_uniform,0.8394037120985713,0.35176384639382186,0.17740232312565998
0.1,2.5617867160749785,give_me_some_credit,3.727976843261719,36,31415,3.0,ha_uniform,0.8388816536975119,0.3518087559644443,0.17796610169491525
0.1,2.59444575669254,give_me_some_credit,3.727976843261719,37,31415,3.0,ha_uniform,0.8393210913598305,0.3514771849690456,0.17777777777777778
0.1,2.6266155355298926,give_me_some_credit,3.727976843261719,38,31415,3.0,ha_uniform,0.8381455830863991,0.3517326667590809,0.18619246861924685
0.1,2.6586930595498233,give_me_some_credit,3.727976843261719,39,31415,3.0,ha_uniform,0.8388252555786814,0.35262575366521054,0.1962809917355372
0.1,2.690770583569754,give_me_some_credit,3.727976843261719,40,31415,3.0,ha_uniform,0.8393242091235565,0.35246567009935853,0.1808622502628812
0.1,2.7224178608605034,give_me_some_credit,3.727976843261719,41,31415,3.0,ha_uniform,0.8401001982452335,0.35370766716774976,0.18448637316561844
0.1,2.7539408931070084,give_me_some_credit,3.727976843261719,42,31415,3.0,ha_uniform,0.8389386085598648,0.35366737341715615,0.1795142555438226
0.1,2.7854639253535134,give_me_some_credit,3.727976843261719,43,31415,3.0,ha_uniform,0.8391746121390576,0.35320744027091416,0.1831578947368421
0.1,2.816508230695263,give_me_some_credit,3.727976843261719,44,31415,3.0,ha_uniform,0.8410649790953941,0.35473707114314884,0.19334719334719336
0.1,2.847496906240569,give_me_some_credit,3.727976843261719,45,31415,3.0,ha_uniform,0.8416134828137728,0.35480701894792166,0.19126819126819128
0.1,2.8784076073423797,give_me_some_credit,3.727976843261719,46,31415,3.0,ha_uniform,0.8416407075720236,0.3550653700556239,0.18619246861924685
0.1,2.9088772466497406,give_me_some_credit,3.727976843261719,47,31415,3.0,ha_uniform,0.840998448244454,0.3549476536287114,0.19334719334719336
0.1,2.9393468859571015,give_me_some_credit,3.727976843261719,48,31415,3.0,ha_uniform,0.839861800668894,0.3548500875329827,0.20245398773006135
0.1,2.9695678796456475,give_me_some_credit,3.727976843261719,49,31415,3.0,ha_uniform,0.8410482767897188,0.3559079178339087,0.20224719101123595
0.1,2.999972925838005,give_me_some_credit,3.727976843261719,50,31415,3.0,ha_uniform,0.84079406769734,0.3559728208829299,0.1923474663908997
0.1,1.360250749895852,give_me_some_credit,4.634550891113281,1,27182,3.0,ha_uniform,0.6061301247684503,0.1264831485025838,0.0
0.1,1.422637321667251,give_me_some_credit,4.634550891113281,2,27182,3.0,ha_uniform,0.6561741854508218,0.1628221460186245,0.0
0.1,1.4726639241804742,give_me_some_credit,4.634550891113281,3,27182,3.0,ha_uniform,0.7086110184442449,0.20750421406966996,0.0
0.1,1.5179048727457543,give_me_some_credit,4.634550891113281,4,27182,3.0,ha_uniform,0.7353958936379359,0.23350484155050866,0.0
0.1,1.5611793356303079,give_me_some_credit,4.634550891113281,5,27182,3.0,ha_uniform,0.7485066468495665,0.24577249639845072,0.0
0.1,1.601114565519475,give_me_some_credit,4.634550891113281,6,27182,3.0,ha_uniform,0.7670128572122115,0.2636132248815943,0.0
0.1,1.6404475042305857,give_me_some_credit,4.634550891113281,7,27182,3.0,ha_uniform,0.7719527311387542,0.26635724202453653,0.0
0.1,1.678955261669945,give_me_some_credit,4.634550891113281,8,27182,3.0,ha_uniform,0.7797443010619549,0.27461032232118354,0.0
0.1,1.7155670126483429,give_me_some_credit,4.634550891113281,9,27182,3.0,ha_uniform,0.7830761883467792,0.27722151547516904,0.0
0.1,1.7521787636267407,give_me_some_credit,4.634550891113281,10,27182,3.0,ha_uniform,0.7890772711015815,0.2804388710440491,0.0
0.1,1.7887905146051386,give_me_some_credit,4.634550891113281,11,27182,3.0,ha_uniform,0.7899027547224099,0.2799918391893457,0.0
0.1,1.823559628461879,give_me_some_credit,4.634550891113281,12,27182,3.0,ha_uniform,0.7976547401811599,0.2888136638276057,0.0
0.1,1.8582171289359912,give_me_some_credit,4.634550891113281,13,27182,3.0,ha_uniform,0.7979221997693745,0.28961589340566585,0.0
0.1,1.8928746294101038,give_me_some_credit,4.634550891113281,14,27182,3.0,ha_uniform,0.8009193171741124,0.2926646060935764,0.0
0.1,1.927532129884216,give_me_some_credit,4.634550891113281,15,27182,3.0,ha_uniform,0.8004350059838793,0.28820137023213066,0.0
0.1,1.9610551992810925,give_me_some_credit,4.634550891113281,16,27182,3.0,ha_uniform,0.8031199572955449,0.2902055092869243,0.0
0.1,1.9942478030640483,give_me_some_credit,4.634550891113281,17,27182,3.0,ha_uniform,0.8074689036472936,0.2978471741948842,0.0
0.1,2.027440406847004,give_me_some_credit,4.634550891113281,18,27182,3.0,ha_uniform,0.8063171683222735,0.2958124025426117,0.0
0.1,2.0606330106299597,give_me_some_credit,4.634550891113281,19,27182,3.0,ha_uniform,0.8067263191369674,0.29679804134117016,0.0
0.1,2.0938256144129155,give_me_some_credit,4.634550891113281,20,27182,3.0,ha_uniform,0.8077394809992344,0.2941462520407207,0.0
0.1,2.1259481713623947,give_me_some_credit,4.634550891113281,21,27182,3.0,ha_uniform,0.8091029458858657,0.2979305471954365,0.0
0.1,2.1579930125367093,give_me_some_credit,4.634550891113281,22,27182,3.0,ha_uniform,0.8094007479960573,0.30039898376028074,0.0
0.1,2.190037853711024,give_me_some_credit,4.634550891113281,23,27182,3.0,ha_uniform,0.8078328468879596,0.300842132499697,0.0
0.1,2.2220826948853385,give_me_some_credit,4.634550891113281,24,27182,3.0,ha_uniform,0.8101888741265251,0.3019067262256649,0.0
0.1,2.254127536059653,give_me_some_credit,4.634550891113281,25,27182,3.0,ha_uniform,0.8124981905835518,0.3015181855149037,0.0
0.1,2.2855583015397913,give_me_some_credit,4.634550891113281,26,27182,3.0,ha_uniform,0.8142612859706422,0.301529112565739,0.0
0.1,2.3166642285527153,give_me_some_credit,4.634550891113281,27,27182,3.0,ha_uniform,0.8135183674142026,0.30152668394372684,0.0
0.1,2.3477701555656387,give_me_some_credit,4.634550891113281,28,27182,3.0,ha_uniform,0.8146783982177082,0.30314585202020383,0.0
0.1,2.378876082578562,give_me_some_credit,4.634550891113281,29,27182,3.0,ha_uniform,0.8175609934798651,0.3072598376842838,0.0
0.1,2.4099820095914857,give_me_some_credit,4.634550891113281,30,27182,3.0,ha_uniform,0.8184348581127998,0.30730857423609753,0.0
0.1,2.440917177892324,give_me_some_credit,4.634550891113281,31,27182,3.0,ha_uniform,0.8223005510870083,0.31432278496367605,0.0
0.1,2.4712240341538645,give_me_some_credit,4.634550891113281,32,27182,3.0,ha_uniform,0.8216275038426437,0.316164291524509,0.0
0.1,2.5015308904154048,give_me_some_credit,4.634550891113281,33,27182,3.0,ha_uniform,0.822948823244621,0.31359628722187766,0.0
0.1,2.531837746676945,give_me_some_credit,4.634550891113281,34,27182,3.0,ha_uniform,0.8222678145678847,0.3150871720649537,0.0
0.1,2.5621446029384853,give_me_some_credit,4.634550891113281,35,27182,3.0,ha_uniform,0.8244339365909213,0.31583730474825983,0.0
0.1,2.5924514592000256,give_me_some_credit,4.634550891113281,36,27182,3.0,ha_uniform,0.8249004319884341,0.31673507550718183,0.0
0.1,2.6221615617268443,give_me_some_credit,4.634550891113281,37,27182,3.0,ha_uniform,0.825202075628931,0.3105409950791107,0.0
0.1,2.651764621022234,give_me_some_credit,4.634550891113281,38,27182,3.0,ha_uniform,0.8268698565249674,0.3174972462379567,0.0
0.1,2.681367680317624,give_me_some_credit,4.634550891113281,39,27182,3.0,ha_uniform,0.8278665387789679,0.31628378487155456,0.0
0.1,2.7109707396130136,give_me_some_credit,4.634550891113281,40,27182,3.0,ha_uniform,0.826931432358557,0.31568569652277373,0.0
0.1,2.7405737989084034,give_me_some_credit,4.634550891113281,41,27182,3.0,ha_uniform,0.8280641270551075,0.3182917446431739,0.0
0.1,2.769723695810745,give_me_some_credit,4.634550891113281,42,27182,3.0,ha_uniform,0.8286814442728685,0.31739286232206676,0.0
0.1,2.798689052543987,give_me_some_credit,4.634550891113281,43,27182,3.0,ha_uniform,0.8282642206770982,0.3137846805151895,0.0
0.1,2.827654409277229,give_me_some_credit,4.634550891113281,44,27182,3.0,ha_uniform,0.8297145932275937,0.315028850355346,0.0
0.1,2.856619766010471,give_me_some_credit,4.634550891113281,45,27182,3.0,ha_uniform,0.8292882390380543,0.3171820466418409,0.0
0.1,2.885585122743713,give_me_some_credit,4.634550891113281,46,27182,3.0,ha_uniform,0.8278895879607999,0.31739308441997494,0.0
0.1,2.91403798206346,give_me_some_credit,4.634550891113281,47,27182,3.0,ha_uniform,0.8276056487643189,0.31343007523116106,0.0
0.1,2.9424123652504464,give_me_some_credit,4.634550891113281,48,27182,3.0,ha_uniform,0.8291684278320095,0.3159108741630077,0.0
0.1,2.970786748437433,give_me_some_credit,4.634550891113281,49,27182,3.0,ha_uniform,0.8292861790870207,0.31465066606131087,0.0
0.1,2.999972925838005,give_me_some_credit,4.634550891113281,50,27182,3.0,ha_uniform,0.8297207174063412,0.31700442612915347,0.0
0.1,1.4183531870304782,give_me_some_credit,5.289833526611329,1,73,3.0,dp_uniform,0.5071277646213097,0.08264196122860891,0.0
0.1,1.4835904510056082,give_me_some_credit,5.289833526611329,2,73,3.0,dp_uniform,0.520091704566054,0.0884634422161564,0.0
0.1,1.5364627611200092,give_me_some_credit,5.289833526611329,3,73,3.0,dp_uniform,0.5404441877980526,0.09442952349596444,0.0
0.1,1.5814821368984868,give_me_some_credit,5.289833526611329,4,73,3.0,dp_uniform,0.5380958436200978,0.09487117500436888,0.0
0.1,1.6248038282780106,give_me_some_credit,5.289833526611329,5,73,3.0,dp_uniform,0.5357424887504404,0.09352034608273238,0.0
0.1,1.6643949203741286,give_me_some_credit,5.289833526611329,6,73,3.0,dp_uniform,0.514150137693808,0.08923119275236274,0.0
0.1,1.7039860124702466,give_me_some_credit,5.289833526611329,7,73,3.0,dp_uniform,0.5374551431743912,0.09702703838078311,0.0
0.1,1.7407933084029712,give_me_some_credit,5.289833526611329,8,73,3.0,dp_uniform,0.5634674253818927,0.1036512133728008,0.0
0.1,1.7767451328265198,give_me_some_credit,5.289833526611329,9,73,3.0,dp_uniform,0.5609599082308516,0.10425810821741616,0.0
0.1,1.8126969572500684,give_me_some_credit,5.289833526611329,10,73,3.0,dp_uniform,0.567721168591292,0.10699324007073577,0.0
0.1,1.848031571974738,give_me_some_credit,5.289833526611329,11,73,3.0,dp_uniform,0.5607710051536635,0.10351017487267969,0.0
0.1,1.8814488083110694,give_me_some_credit,5.289833526611329,12,73,3.0,dp_uniform,0.5756216375474958,0.10673833179873629,0.0
0.1,1.9148660446474008,give_me_some_credit,5.289833526611329,13,73,3.0,dp_uniform,0.589252723255266,0.11244430543439743,0.0
0.1,1.9482832809837318,give_me_some_credit,5.289833526611329,14,73,3.0,dp_uniform,0.59262269179703,0.11418219476460688,0.0
0.1,1.9817005173200632,give_me_some_credit,5.289833526611329,15,73,3.0,dp_uniform,0.5882226363899147,0.11177460863106584,0.0
0.1,2.0139086166352898,give_me_some_credit,5.289833526611329,16,73,3.0,dp_uniform,0.5831620604676913,0.11116532683375899,0.0
0.1,2.045484923870339,give_me_some_credit,5.289833526611329,17,73,3.0,dp_uniform,0.592226847152524,0.11477700042849877,0.0
0.1,2.077061231105388,give_me_some_credit,5.289833526611329,18,73,3.0,dp_uniform,0.5970015352759377,0.11620980047222146,0.0
0.1,2.1086375383404374,give_me_some_credit,5.289833526611329,19,73,3.0,dp_uniform,0.6217233973469612,0.12327234441244284,0.0
0.1,2.1402138455754867,give_me_some_credit,5.289833526611329,20,73,3.0,dp_uniform,0.6230170465958697,0.12510213866520875,0.0
0.1,2.171716904430019,give_me_some_credit,5.289833526611329,21,73,3.0,dp_uniform,0.6190899448111281,0.12191882919651326,0.0
0.1,2.2018953762713993,give_me_some_credit,5.289833526611329,22,73,3.0,dp_uniform,0.6199617494930294,0.12110223273435067,0.0
0.1,2.2320738481127798,give_me_some_credit,5.289833526611329,23,73,3.0,dp_uniform,0.6060235640582416,0.11692574197100764,0.0
0.1,2.26225231995416,give_me_some_credit,5.289833526611329,24,73,3.0,dp_uniform,0.6038430223779718,0.11698714028214782,0.0
0.1,2.2924307917955407,give_me_some_credit,5.289833526611329,25,73,3.0,dp_uniform,0.6174321852984969,0.1210135348348704,0.0
0.1,2.322609263636921,give_me_some_credit,5.289833526611329,26,73,3.0,dp_uniform,0.5938535960509514,0.11229498446703504,0.0
0.1,2.3527877354783016,give_me_some_credit,5.289833526611329,27,73,3.0,dp_uniform,0.6114594964633424,0.11850635427308424,0.0
0.1,2.382266060174093,give_me_some_credit,5.289833526611329,28,73,3.0,dp_uniform,0.6290986344640275,0.1261318748629032,0.0
0.1,2.4113347474644757,give_me_some_credit,5.289833526611329,29,73,3.0,dp_uniform,0.6210714506820999,0.12189077054380443,0.0
0.1,2.440403434754859,give_me_some_credit,5.289833526611329,30,73,3.0,dp_uniform,0.6082985294399295,0.11936617470745683,0.0
0.1,2.4694721220452425,give_me_some_credit,5.289833526611329,31,73,3.0,dp_uniform,0.6156454283116998,0.12293618266302583,0.0
0.1,2.4985408093356254,give_me_some_credit,5.289833526611329,32,73,3.0,dp_uniform,0.6226702510556972,0.12257223401767911,0.0
0.1,2.5276094966260088,give_me_some_credit,5.289833526611329,33,73,3.0,dp_uniform,0.6229805798951451,0.12051863445172206,0.0
0.1,2.556678183916392,give_me_some_credit,5.289833526611329,34,73,3.0,dp_uniform,0.6235352634666236,0.12214872705312194,0.0
0.1,2.5851054387565866,give_me_some_credit,5.289833526611329,35,73,3.0,dp_uniform,0.6351662480697703,0.1265870427525886,0.0
0.1,2.613255013040243,give_me_some_credit,5.289833526611329,36,73,3.0,dp_uniform,0.6281937035425368,0.1252020301467545,0.0
0.1,2.6414045873239,give_me_some_credit,5.289833526611329,37,73,3.0,dp_uniform,0.6365762567148836,0.12919070456704052,0.0
0.1,2.669554161607556,give_me_some_credit,5.289833526611329,38,73,3.0,dp_uniform,0.6505815297441341,0.13346254118502537,0.0
0.1,2.697703735891212,give_me_some_credit,5.289833526611329,39,73,3.0,dp_uniform,0.6592189044267345,0.13709073194271973,0.0
0.1,2.7258533101748688,give_me_some_credit,5.289833526611329,40,73,3.0,dp_uniform,0.67372090402677,0.144177023390797,0.0
0.1,2.7540028844585254,give_me_some_credit,5.289833526611329,41,73,3.0,dp_uniform,0.6863783566623717,0.15563146842876976,0.0
0.1,2.781697418185681,give_me_some_credit,5.289833526611329,42,73,3.0,dp_uniform,0.6777501125735403,0.15146780712573454,0.0
0.1,2.8090564673089484,give_me_some_credit,5.289833526611329,43,73,3.0,dp_uniform,0.6751649297011089,0.14724328879454096,0.0
0.1,2.8364155164322162,give_me_some_credit,5.289833526611329,44,73,3.0,dp_uniform,0.6641950223565928,0.1388395450014214,0.0
0.1,2.863774565555484,give_me_some_credit,5.289833526611329,45,73,3.0,dp_uniform,0.6640105732275847,0.13834280764574505,0.0
0.1,2.8911336146787514,give_me_some_credit,5.289833526611329,46,73,3.0,dp_uniform,0.682011260471789,0.14597170704129128,0.0
0.1,2.9184926638020188,give_me_some_credit,5.289833526611329,47,73,3.0,dp_uniform,0.6675448367828418,0.13698367414926932,0.0
0.1,2.9458517129252866,give_me_some_credit,5.289833526611329,48,73,3.0,dp_uniform,0.6614349663437405,0.13470097973976697,0.0
0.1,2.9728444191288057,give_me_some_credit,5.289833526611329,49,73,3.0,dp_uniform,0.6861593894349678,0.14655164216470798,0.0
0.1,2.999762191873339,give_me_some_credit,5.289833526611329,50,73,3.0,dp_uniform,0.6864095899739845,0.14961073140242914,0.0
0.1,0.11510679454667541,give_me_some_credit,26.973905731344313,1,73,3.0,scheduler,0.4161658387519324,0.059136782918451286,0.0
0.1,0.1371032669872691,give_me_some_credit,19.073431657720242,2,73,3.0,scheduler,0.4901195840546873,0.07584372348548743,0.0
0.1,0.17009797564815962,give_me_some_credit,15.573391735087228,3,73,3.0,scheduler,0.5345418156697914,0.08807956967595093,0.0
0.1,0.21409092052934697,give_me_some_credit,13.486952865672157,4,73,3.0,scheduler,0.5431249078589471,0.09274500267717077,0.0
0.1,0.2660930373545193,give_me_some_credit,12.063097366791412,5,73,3.0,scheduler,0.5477931466208563,0.0951322368237042,0.0
0.1,0.3190546891375195,give_me_some_credit,11.01205090195471,6,73,3.0,scheduler,0.526229857576099,0.09058442249608481,0.0
0.1,0.3726275528534222,give_me_some_credit,10.195178064748125,7,73,3.0,scheduler,0.5599322710369994,0.10315693613777381,0.0
0.1,0.42677317952607813,give_me_some_credit,9.536715828860121,8,73,3.0,scheduler,0.5908980117129929,0.11367045560164557,0.0
0.1,0.4813905728316681,give_me_some_credit,8.991301910448104,9,73,3.0,scheduler,0.5887289946236391,0.11500162308057343,0.0
0.1,0.5365160826873119,give_me_some_credit,8.529897950171792,10,73,3.0,scheduler,0.602813937650961,0.1202155066275416,0.0
0.1,0.5920873588812087,give_me_some_credit,8.132938585571464,11,73,3.0,scheduler,0.5974688101143818,0.11709708253235097,0.0
0.1,0.6480893467568122,give_me_some_credit,7.786695867543614,12,73,3.0,scheduler,0.6195690226122496,0.12345639956310478,0.0
0.1,0.7044444300192516,give_me_some_credit,7.481215401068759,13,73,3.0,scheduler,0.6406463302362062,0.13350674454104916,0.0
0.1,0.7614378511849638,give_me_some_credit,7.209079544987742,14,73,3.0,scheduler,0.6490141853795588,0.13796655910464786,0.0
0.1,0.8184074880615885,give_me_some_credit,6.964632511977688,15,73,3.0,scheduler,0.6441552619611892,0.13443250957963793,0.0
0.1,0.8758750970207534,give_me_some_credit,6.743476432836078,16,73,3.0,scheduler,0.6411417762968895,0.13566216641395132,0.0
0.1,0.9337254618518295,give_me_some_credit,6.542133086222715,17,73,3.0,scheduler,0.6519282923250902,0.14084333933631243,0.0
0.1,0.9919201460111201,give_me_some_credit,6.357810552573413,18,73,3.0,scheduler,0.6615440880741529,0.14538239766047367,0.0
0.1,1.0505452760745373,give_me_some_credit,6.188238378711707,19,73,3.0,scheduler,0.6846252826586863,0.15427978281425192,0.0
0.1,1.1098539295360323,give_me_some_credit,6.031548683395706,20,73,3.0,scheduler,0.6831628287737523,0.15641681610453764,0.0
0.1,1.1685111893776154,give_me_some_credit,5.886188800118498,21,73,3.0,scheduler,0.6802708245460647,0.14984191113995193,0.0
0.1,1.2279368083312259,give_me_some_credit,5.750856024831313,22,73,3.0,scheduler,0.6806989603148763,0.14901435096659338,0.0
0.1,1.2881652447757086,give_me_some_credit,5.6244481484020294,23,73,3.0,scheduler,0.6615377411979961,0.14139517296838813,0.0
0.1,1.347633097134614,give_me_some_credit,5.506025450977355,24,73,3.0,scheduler,0.653348155330552,0.13702467345031918,0.0
0.1,1.4087344094695966,give_me_some_credit,5.394781146268862,25,73,3.0,scheduler,0.6705908362688563,0.14421189801645684,0.0
0.1,1.4686219257169366,give_me_some_credit,5.290018141612958,26,73,3.0,scheduler,0.6444638092213651,0.13112406502894103,0.0
0.1,1.529897813230019,give_me_some_credit,5.191130578362407,27,73,3.0,scheduler,0.6629701309327146,0.1402099459428856,0.0
0.1,1.5912443321968133,give_me_some_credit,5.097589032374063,28,73,3.0,scheduler,0.6831954539441716,0.15110948963398302,0.0
0.1,1.6519964941755956,give_me_some_credit,5.0089285467378994,29,73,3.0,scheduler,0.6775220147523671,0.14586563496692662,0.0
0.1,1.7148435582915775,give_me_some_credit,4.924738877691722,30,73,3.0,scheduler,0.6661269780540612,0.14377626041158065,0.0
0.1,1.7770016468326175,give_me_some_credit,4.844656485719848,31,73,3.0,scheduler,0.6728457588837338,0.1497027437069008,0.0
0.1,1.83789346895388,give_me_some_credit,4.7683579144300605,32,73,3.0,scheduler,0.6771463242233762,0.14728027053165405,0.0
0.1,1.9002832011517876,give_me_some_credit,4.695554281682381,33,73,3.0,scheduler,0.6765140306048596,0.14386274092700513,0.0
0.1,1.9630134575471883,give_me_some_credit,4.625986668692958,34,73,3.0,scheduler,0.6811421838331481,0.14737167668675785,0.0
0.1,2.0259726827802793,give_me_some_credit,4.559422239098312,35,73,3.0,scheduler,0.6922808401393373,0.15342932174009838,0.0
0.1,2.0892067628105027,give_me_some_credit,4.495650955224052,36,73,3.0,scheduler,0.6831783062436781,0.15005499387026533,0.0
0.1,2.152649705017284,give_me_some_credit,4.434482785903177,37,73,3.0,scheduler,0.6963341556806323,0.15796194882207082,0.0
0.1,2.2163545320067093,give_me_some_credit,4.375745321185894,38,73,3.0,scheduler,0.7103935998546231,0.16512678332927003,0.0
0.1,2.280304891031842,give_me_some_credit,4.319281725672623,39,73,3.0,scheduler,0.7187832236697058,0.17070135745519197,0.0
0.1,2.3444933422711864,give_me_some_credit,4.264948975085896,40,73,3.0,scheduler,0.7301386202292091,0.1759287466889639,0.0
0.1,2.4089225047904392,give_me_some_credit,4.212616330892673,41,73,3.0,scheduler,0.7405716041206147,0.1887544361022877,0.0
0.1,2.4736063833046376,give_me_some_credit,4.162164015908098,42,73,3.0,scheduler,0.7294658513566058,0.18087374941895495,0.0
0.1,2.538518323883683,give_me_some_credit,4.113482060316458,43,73,3.0,scheduler,0.7267909771026978,0.17555391051257577,0.0
0.1,2.603617475474781,give_me_some_credit,4.066469292785732,44,73,3.0,scheduler,0.7133963403689384,0.1627182122751321,0.0
0.1,2.6690320127077642,give_me_some_credit,4.021032455597138,45,73,3.0,scheduler,0.7126307623511323,0.1631441122564278,0.0
0.1,2.734578079390124,give_me_some_credit,3.9770854261671964,46,73,3.0,scheduler,0.727901290709643,0.1730236366983709,0.0
0.1,2.8004700094674995,give_me_some_credit,3.9345485301675476,47,73,3.0,scheduler,0.7183705096964679,0.16329367308530496,0.0
0.1,2.866460126928031,give_me_some_credit,3.893347933771807,48,73,3.0,scheduler,0.7126216317573631,0.1604984984934914,0.0
0.1,2.9327416212705395,give_me_some_credit,3.853415104477759,49,73,3.0,scheduler,0.7318786664344675,0.1740741666035043,0.0
0.1,2.999426368897163,give_me_some_credit,3.814686331544049,50,73,3.0,scheduler,0.7307171324234513,0.17470109485396323,0.0
0.1,1.4717320410578405,give_me_some_credit,5.445868841552734,1,73,3.0,ha_uniform,0.49882343391387574,0.07895813302597046,0.0
0.1,1.5331406786788333,give_me_some_credit,5.445868841552734,2,73,3.0,ha_uniform,0.5096970803033496,0.08472510784757839,0.0
0.1,1.5834493948715729,give_me_some_credit,5.445868841552734,3,73,3.0,ha_uniform,0.5425437789701492,0.0940406090955058,0.0
0.1,1.6269303575948344,give_me_some_credit,5.445868841552734,4,73,3.0,ha_uniform,0.5492556005057903,0.09749611129883469,0.0
0.1,1.6680768939516313,give_me_some_credit,5.445868841552734,5,73,3.0,ha_uniform,0.553182924987941,0.09809336611504928,0.0
0.1,1.7063314329012018,give_me_some_credit,5.445868841552734,6,73,3.0,ha_uniform,0.5393803622752371,0.0957974971551289,0.0
0.1,1.7445859718507726,give_me_some_credit,5.445868841552734,7,73,3.0,ha_uniform,0.5660080687725231,0.10515159521537691,0.0
0.1,1.7795592916302654,give_me_some_credit,5.445868841552734,8,73,3.0,ha_uniform,0.5925264308419878,0.11260959434914286,0.0
0.1,1.8143286238609764,give_me_some_credit,5.445868841552734,9,73,3.0,ha_uniform,0.5955286702871327,0.11505215060561141,0.0
0.1,1.8490979560916876,give_me_some_credit,5.445868841552734,10,73,3.0,ha_uniform,0.6052900544673323,0.11869791112144515,0.0
0.1,1.8827571353233035,give_me_some_credit,5.445868841552734,11,73,3.0,ha_uniform,0.6039290392521999,0.11726137115648465,0.0
0.1,1.9151124778256565,give_me_some_credit,5.445868841552734,12,73,3.0,ha_uniform,0.6214495352082376,0.12192819306878092,0.0
0.1,1.9474678203280096,give_me_some_credit,5.445868841552734,13,73,3.0,ha_uniform,0.6371458053384133,0.12954722560590845,0.0
0.1,1.9798231628303626,give_me_some_credit,5.445868841552734,14,73,3.0,ha_uniform,0.643683533174565,0.13345482907263564,0.0
0.1,2.012178505332716,give_me_some_credit,5.445868841552734,15,73,3.0,ha_uniform,0.6428277070317597,0.13243402172447666,0.0
0.1,2.042958822272165,give_me_some_credit,5.445868841552734,16,73,3.0,ha_uniform,0.6427121270764863,0.1333806336512745,0.0
0.1,2.0735700791007643,give_me_some_credit,5.445868841552734,17,73,3.0,ha_uniform,0.6531327512616921,0.1388225997318717,0.0
0.1,2.104181335929363,give_me_some_credit,5.445868841552734,18,73,3.0,ha_uniform,0.6601276212041783,0.14192225258393046,0.0
0.1,2.134792592757962,give_me_some_credit,5.445868841552734,19,73,3.0,ha_uniform,0.6789782331098492,0.14864019107068988,0.0
0.1,2.1654038495865606,give_me_some_credit,5.445868841552734,20,73,3.0,ha_uniform,0.6831606017996623,0.15185682416084456,0.0
0.1,2.1955985305818384,give_me_some_credit,5.445868841552734,21,73,3.0,ha_uniform,0.6814194977817111,0.14941354877863094,0.0
0.1,2.2248917000250166,give_me_some_credit,5.445868841552734,22,73,3.0,ha_uniform,0.6853262227535287,0.14918381209247664,0.0
0.1,2.2541848694681947,give_me_some_credit,5.445868841552734,23,73,3.0,ha_uniform,0.6777598555851843,0.14633669505790273,0.0
0.1,2.283478038911373,give_me_some_credit,5.445868841552734,24,73,3.0,ha_uniform,0.6786290992468819,0.14705608360250996,0.0
0.1,2.3127712083545515,give_me_some_credit,5.445868841552734,25,73,3.0,ha_uniform,0.6913145004073136,0.1529162490912928,0.0
0.1,2.3420643777977297,give_me_some_credit,5.445868841552734,26,73,3.0,ha_uniform,0.6765793922944024,0.1442364666316842,0.0
0.1,2.371357547240908,give_me_some_credit,5.445868841552734,27,73,3.0,ha_uniform,0.6910327325105704,0.15207415221682774,0.0
0.1,2.3997062083166503,give_me_some_credit,5.445868841552734,28,73,3.0,ha_uniform,0.703776647415218,0.15981003798710555,0.0
0.1,2.427956869296727,give_me_some_credit,5.445868841552734,29,73,3.0,ha_uniform,0.7008369859420034,0.15629599541112665,0.0
0.1,2.456207530276804,give_me_some_credit,5.445868841552734,30,73,3.0,ha_uniform,0.6928061276528271,0.1548926127062934,0.0
0.1,2.4844581912568806,give_me_some_credit,5.445868841552734,31,73,3.0,ha_uniform,0.69920266533167,0.1589228759164903,0.0
0.1,2.5127088522369574,give_me_some_credit,5.445868841552734,32,73,3.0,ha_uniform,0.7036671359643398,0.15720279810161789,0.0
0.1,2.540959513217034,give_me_some_credit,5.445868841552734,33,73,3.0,ha_uniform,0.7055550532491774,0.1555896921623862,0.0
0.1,2.569210174197111,give_me_some_credit,5.445868841552734,34,73,3.0,ha_uniform,0.7036508790534826,0.15622502761199103,0.0
0.1,2.596604946862947,give_me_some_credit,5.445868841552734,35,73,3.0,ha_uniform,0.7133062592669959,0.16282100602999924,0.0
0.1,2.623994545465859,give_me_some_credit,5.445868841552734,36,73,3.0,ha_uniform,0.7111703684172316,0.1628518697140036,0.0
0.1,2.6513841440687704,give_me_some_credit,5.445868841552734,37,73,3.0,ha_uniform,0.7171312542897088,0.1680747307300375,0.0
0.1,2.678773742671683,give_me_some_credit,5.445868841552734,38,73,3.0,ha_uniform,0.7279691020706851,0.1743467518578777,0.0
0.1,2.7061633412745945,give_me_some_credit,5.445868841552734,39,73,3.0,ha_uniform,0.7334235740350854,0.17717405027918418,0.0
0.1,2.733552939877507,give_me_some_credit,5.445868841552734,40,73,3.0,ha_uniform,0.7428408350440205,0.18300952533819806,0.0
0.1,2.7609425384804185,give_me_some_credit,5.445868841552734,41,73,3.0,ha_uniform,0.750248029239279,0.19326405390800677,0.0
0.1,2.7876513538762544,give_me_some_credit,5.445868841552734,42,73,3.0,ha_uniform,0.745331371517625,0.1894679648135723,0.0
0.1,2.81430155715799,give_me_some_credit,5.445868841552734,43,73,3.0,ha_uniform,0.7436288498257837,0.18427533337572582,0.0
0.1,2.8409517604397254,give_me_some_credit,5.445868841552734,44,73,3.0,ha_uniform,0.7374054593824422,0.17514380480409714,0.0
0.1,2.867601963721461,give_me_some_credit,5.445868841552734,45,73,3.0,ha_uniform,0.7375207052916023,0.1762284193517481,0.0
0.1,2.8942521670031964,give_me_some_credit,5.445868841552734,46,73,3.0,ha_uniform,0.7480784554064026,0.1833118738054696,0.0
0.1,2.920902370284932,give_me_some_credit,5.445868841552734,47,73,3.0,ha_uniform,0.7382856708915335,0.17239718831944725,0.0
0.1,2.9475525735666674,give_me_some_credit,5.445868841552734,48,73,3.0,ha_uniform,0.7352969046396333,0.17094194131953536,0.0
0.1,2.9735738791636406,give_me_some_credit,5.445868841552734,49,73,3.0,ha_uniform,0.7501205349726238,0.1828473901826624,0.0
0.1,2.9999177310743077,give_me_some_credit,5.445868841552734,50,73,3.0,ha_uniform,0.7493816806438983,0.1855306652357125,0.0
0.1,0.21446357325992396,give_me_some_credit,27.75882582942031,1,73,3.0,full_ha_dp,0.4132370894517591,0.05817118132069311,0.0
0.1,0.2351736031270147,give_me_some_credit,19.628453981759396,2,73,3.0,full_ha_dp,0.47326216963396117,0.07129487492395842,0.0
0.1,0.26623864792765084,give_me_some_credit,16.026565565003757,3,73,3.0,full_ha_dp,0.5265139081212846,0.08514532813585377,0.0
0.1,0.30765870766183234,give_me_some_credit,13.879412914710155,4,73,3.0,full_ha_dp,0.546209823717185,0.09312377249853376,0.0
0.1,0.35758535692103954,give_me_some_credit,12.414124306032162,5,73,3.0,full_ha_dp,0.5581266961191413,0.09767843381551104,0.0
0.1,0.4088541807005631,give_me_some_credit,11.332493190144968,6,73,3.0,full_ha_dp,0.5458644757101709,0.09584439807744904,0.0
0.1,0.46071354558264,give_me_some_credit,10.491849975971776,7,73,3.0,full_ha_dp,0.5834493401253074,0.11030066452790285,0.0
0.1,0.5131105421491863,give_me_some_credit,9.814226990879698,8,73,3.0,full_ha_dp,0.6160116542008081,0.12183566266513088,0.0
0.1,0.5659752431170763,give_me_some_credit,9.252941943140105,9,73,3.0,full_ha_dp,0.62050980781659,0.1255084553456577,0.0
0.1,0.6193163517023966,give_me_some_credit,8.778111479288087,10,73,3.0,full_ha_dp,0.6364213706669208,0.13210539639382993,0.0
0.1,0.6731678485073901,give_me_some_credit,8.369600899728475,11,73,3.0,full_ha_dp,0.6381409287105508,0.13167556704565378,0.0
0.1,0.7273837472404316,give_me_some_credit,8.013282782501879,12,73,3.0,full_ha_dp,0.6620028447367026,0.1398753165047711,0.0
0.1,0.7819012120204734,give_me_some_credit,7.698913067280704,13,73,3.0,full_ha_dp,0.6824692376934072,0.15215338749483553,0.0
0.1,0.8367810351928243,give_me_some_credit,7.418858265201557,14,73,3.0,full_ha_dp,0.6928132539699154,0.1597603250080889,0.0
0.1,0.8921112793302489,give_me_some_credit,7.167298009841145,15,73,3.0,full_ha_dp,0.6918402333156215,0.158199360460853,0.0
0.1,0.9479053829037719,give_me_some_credit,6.9397064573550775,16,73,3.0,full_ha_dp,0.6936741464787755,0.1616484830532338,0.0
0.1,1.0039884807896653,give_me_some_credit,6.73250417281316,17,73,3.0,full_ha_dp,0.7048967597081596,0.16840984291069766,0.0
0.1,1.060258332116687,give_me_some_credit,6.542817993919799,18,73,3.0,full_ha_dp,0.7145898871324993,0.1745301024597008,0.0
0.1,1.116707129926224,give_me_some_credit,6.368311399041567,19,73,3.0,full_ha_dp,0.7301731383276048,0.18264661333414386,0.0
0.1,1.1734516303792708,give_me_some_credit,6.207062153016081,20,73,3.0,full_ha_dp,0.7321925584324596,0.18690242895971745,0.0
0.1,1.230775540554863,give_me_some_credit,6.057472407924472,21,73,3.0,full_ha_dp,0.732059218358818,0.18342394221402347,0.0
0.1,1.2886321319295928,give_me_some_credit,5.918201552023034,22,73,3.0,full_ha_dp,0.734468748649897,0.18285029180978385,0.0
0.1,1.3458964173606127,give_me_some_credit,5.788115302733969,23,73,3.0,full_ha_dp,0.7248268416296285,0.17656625815419497,0.0
0.1,1.4047516780178497,give_me_some_credit,5.666246595072484,24,73,3.0,full_ha_dp,0.7217855187892032,0.17422896343448874,0.0
0.1,1.4622795387597682,give_me_some_credit,5.551765165884064,25,73,3.0,full_ha_dp,0.7348810172283171,0.18278018189043027,0.0
0.1,1.5220343268050809,give_me_some_credit,5.443953637639908,26,73,3.0,full_ha_dp,0.7218950859144334,0.16996401270308467,0.0
0.1,1.579726552863405,give_me_some_credit,5.342188521667919,27,73,3.0,full_ha_dp,0.7343285606309284,0.18021623303448056,0.0
0.1,1.6395555280350007,give_me_some_credit,5.245924987985888,28,73,3.0,full_ha_dp,0.7468177653740269,0.18924995735525618,0.0
0.1,1.698701016130475,give_me_some_credit,5.154684549792089,29,73,3.0,full_ha_dp,0.7460245728775045,0.18561523024019233,0.0
0.1,1.7578725300364484,give_me_some_credit,5.068045025543521,30,73,3.0,full_ha_dp,0.7405354714660038,0.18438076669725195,0.0
0.1,1.819016427739288,give_me_some_credit,4.9856322970016755,31,73,3.0,full_ha_dp,0.7447891033266985,0.19061394010301913,0.0
0.1,1.8791336729298798,give_me_some_credit,4.907113495439849,32,73,3.0,full_ha_dp,0.7473014084720329,0.18737318714208442,0.0
0.1,1.9382558772409317,give_me_some_credit,4.8321913324679695,33,73,3.0,full_ha_dp,0.7481195987527163,0.18556235451402903,0.0
0.1,1.9987925664667214,give_me_some_credit,4.760599354962913,34,73,3.0,full_ha_dp,0.7495134061613247,0.18700572102703097,0.0
0.1,2.059663808553418,give_me_some_credit,4.692097951200486,35,73,3.0,full_ha_dp,0.7573639352235593,0.19619189754047103,0.0
0.1,2.1207190557157234,give_me_some_credit,4.626470971570052,36,73,3.0,full_ha_dp,0.753794429803327,0.19447920184387424,0.0
0.1,2.182050037907415,give_me_some_credit,4.563522855142495,37,73,3.0,full_ha_dp,0.7622032612699364,0.20358245045007164,0.0
0.1,2.2436126927636004,give_me_some_credit,4.503076174969882,38,73,3.0,full_ha_dp,0.7707113601066097,0.2115267320727321,0.0
0.1,2.3053795603367355,give_me_some_credit,4.444969531862041,39,73,3.0,full_ha_dp,0.7761469027912448,0.21600611675691936,0.0
0.1,2.367386452003013,give_me_some_credit,4.389055739644044,40,73,3.0,full_ha_dp,0.7822312187026629,0.21865624643255566,0.0
0.1,2.429632053857954,give_me_some_credit,4.335200255391176,41,73,3.0,full_ha_dp,0.7868334833571544,0.22937055471697454,0.0
0.1,2.492096631867238,give_me_some_credit,4.283279816493799,42,73,3.0,full_ha_dp,0.7813983860673375,0.22249473422796284,0.0
0.1,2.554748960354795,give_me_some_credit,4.233181253098378,43,73,3.0,full_ha_dp,0.7797513160303384,0.2156953739647626,0.0
0.1,2.6176508088100063,give_me_some_credit,4.1848004498642375,44,73,3.0,full_ha_dp,0.7723710682215695,0.20240662572036233,0.0
0.1,2.680816773804569,give_me_some_credit,4.138041435344054,45,73,3.0,full_ha_dp,0.7728014309644713,0.2044079479489645,0.0
0.1,2.7441114317783186,give_me_some_credit,4.092815580852816,46,73,3.0,full_ha_dp,0.7808853469113429,0.2121088675509895,0.0
0.1,2.807725906797638,give_me_some_credit,4.04904089359993,47,73,3.0,full_ha_dp,0.7742218507134557,0.20032279651826748,0.0
0.1,2.871452499036329,give_me_some_credit,4.006641391250939,48,73,3.0,full_ha_dp,0.7716027621605034,0.19898413877670276,0.0
0.1,2.9354523707215936,give_me_some_credit,3.9655465470600446,49,73,3.0,full_ha_dp,0.783001250668649,0.21370029478227667,0.0
0.1,2.9999525147222954,give_me_some_credit,3.925690796351879,50,73,3.0,full_ha_dp,0.7809497621368975,0.2125480086836567,0.0
0.1,1.1804830608189496,give_me_some_credit,3.63097978515625,1,101,3.0,dp_uniform,0.5653109145336338,0.11914437117832981,0.0
0.1,1.2449658296604769,give_me_some_credit,3.63097978515625,2,101,3.0,dp_uniform,0.6623278716051451,0.161648003277475,0.0
0.1,1.2990963524926096,give_me_some_credit,3.63097978515625,3,101,3.0,dp_uniform,0.7476396858363112,0.2301305181079612,0.0
0.1,1.3481783718582803,give_me_some_credit,3.63097978515625,4,101,3.0,dp_uniform,0.7767417275706965,0.26930390018287437,0.0
0.1,1.3944672408182026,give_me_some_credit,3.63097978515625,5,101,3.0,dp_uniform,0.7941477570585057,0.2932967072619597,0.0
0.1,1.439485388303161,give_me_some_credit,3.63097978515625,6,101,3.0,dp_uniform,0.8049520888794267,0.30609205063863953,0.0
0.1,1.4825965130622796,give_me_some_credit,3.63097978515625,7,101,3.0,dp_uniform,0.8106487442761199,0.3161206522977832,0.0
0.1,1.5247656611892495,give_me_some_credit,3.63097978515625,8,101,3.0,dp_uniform,0.816203096028459,0.3226909885168199,0.0
0.1,1.5668366585761988,give_me_some_credit,3.63097978515625,9,101,3.0,dp_uniform,0.8192713095810216,0.3270741719516367,0.0
0.1,1.6069318025925372,give_me_some_credit,3.63097978515625,10,101,3.0,dp_uniform,0.822212251564338,0.3316428941260424,0.0
0.1,1.6470269466088756,give_me_some_credit,3.63097978515625,11,101,3.0,dp_uniform,0.8258186134057605,0.3385015836283937,0.0
0.1,1.687122090625214,give_me_some_credit,3.63097978515625,12,101,3.0,dp_uniform,0.827719391465968,0.3397160539399403,0.0
0.1,1.725895941965133,give_me_some_credit,3.63097978515625,13,101,3.0,dp_uniform,0.8292870698766568,0.3422389788820921,0.0
0.1,1.7644184296321779,give_me_some_credit,3.63097978515625,14,101,3.0,dp_uniform,0.8305198670585547,0.34318065324078745,0.0
0.1,1.8029409172992223,give_me_some_credit,3.63097978515625,15,101,3.0,dp_uniform,0.8315289646931074,0.34576490500744206,0.0
0.1,1.8412687227368767,give_me_some_credit,3.63097978515625,16,101,3.0,dp_uniform,0.8324731460329352,0.34624816690691695,0.0
0.1,1.8785475790824602,give_me_some_credit,3.63097978515625,17,101,3.0,dp_uniform,0.8328905366517623,0.3472653440574482,0.0
0.1,1.9158264354280437,give_me_some_credit,3.63097978515625,18,101,3.0,dp_uniform,0.8349178068402844,0.35194616662975947,0.0
0.1,1.9531052917736276,give_me_some_credit,3.63097978515625,19,101,3.0,dp_uniform,0.8362753702455774,0.35393510287242297,0.0
0.1,1.9902048591978596,give_me_some_credit,3.63097978515625,20,101,3.0,dp_uniform,0.836965954910901,0.3544794011637146,0.0
0.1,2.026459255495112,give_me_some_credit,3.63097978515625,21,101,3.0,dp_uniform,0.8375555463012411,0.35487690134354516,0.0
0.1,2.0627136517923645,give_me_some_credit,3.63097978515625,22,101,3.0,dp_uniform,0.8384452224502149,0.3546911666210238,0.0
0.1,2.098968048089617,give_me_some_credit,3.63097978515625,23,101,3.0,dp_uniform,0.8383265804055676,0.35246542145915793,0.0
0.1,2.135138261449272,give_me_some_credit,3.63097978515625,24,101,3.0,dp_uniform,0.8398778905566945,0.3558701749014403,0.0
0.1,2.170516470099543,give_me_some_credit,3.63097978515625,25,101,3.0,dp_uniform,0.8392384706210897,0.35483634389623875,0.0
0.1,2.2058946787498144,give_me_some_credit,3.63097978515625,26,101,3.0,dp_uniform,0.8399483742866445,0.3587334636013616,0.0
0.1,2.2412728874000853,give_me_some_credit,3.63097978515625,27,101,3.0,dp_uniform,0.8399290552864134,0.3565385650621238,0.0
0.1,2.276580637252022,give_me_some_credit,3.63097978515625,28,101,3.0,dp_uniform,0.8394587740329476,0.3558640477440335,0.0
0.1,2.311184602054861,give_me_some_credit,3.63097978515625,29,101,3.0,dp_uniform,0.8404395890965567,0.35731889903485703,0.0
0.1,2.3457885668577,give_me_some_credit,3.63097978515625,30,101,3.0,dp_uniform,0.8407711855385647,0.3582190646067496,0.0
0.1,2.380392531660539,give_me_some_credit,3.63097978515625,31,101,3.0,dp_uniform,0.841498737973783,0.36150751341316134,0.0
0.1,2.4148058942551502,give_me_some_credit,3.63097978515625,32,101,3.0,dp_uniform,0.8421667745264452,0.36275747019585014,0.0
0.1,2.448706905364567,give_me_some_credit,3.63097978515625,33,101,3.0,dp_uniform,0.842551985369671,0.3646143620325754,0.0
0.1,2.4826079164739845,give_me_some_credit,3.63097978515625,34,101,3.0,dp_uniform,0.8432240861500472,0.3649883817829834,0.0
0.1,2.516508927583401,give_me_some_credit,3.63097978515625,35,101,3.0,dp_uniform,0.8430150846316964,0.3650365417223187,0.0
0.1,2.5499636137152226,give_me_some_credit,3.63097978515625,36,101,3.0,dp_uniform,0.8438449665263525,0.36601341109673197,0.0
0.1,2.583212422243374,give_me_some_credit,3.63097978515625,37,101,3.0,dp_uniform,0.8446286387086401,0.36693484451889624,0.0
0.1,2.6164612307715247,give_me_some_credit,3.63097978515625,38,101,3.0,dp_uniform,0.8451784786114729,0.36790709562756296,0.0
0.1,2.6495075547609197,give_me_some_credit,3.63097978515625,39,101,3.0,dp_uniform,0.8450599479155301,0.3681683557748997,0.0
0.1,2.68214097413418,give_me_some_credit,3.63097978515625,40,101,3.0,dp_uniform,0.8450661277686299,0.36861214555726,0.0
0.1,2.7147743935074398,give_me_some_credit,3.63097978515625,41,101,3.0,dp_uniform,0.844718831159287,0.3664875887938469,0.0
0.1,2.7473057065159594,give_me_some_credit,3.63097978515625,42,101,3.0,dp_uniform,0.8447276277069428,0.3697194199286692,0.0
0.1,2.779350970152421,give_me_some_credit,3.63097978515625,43,101,3.0,dp_uniform,0.8453372618640931,0.371658377557245,0.0
0.1,2.8113962337888827,give_me_some_credit,3.63097978515625,44,101,3.0,dp_uniform,0.8452866538778968,0.37020097874517016,0.0
0.1,2.8433435521038732,give_me_some_credit,3.63097978515625,45,101,3.0,dp_uniform,0.846660474194047,0.3746525375266424,0.0
0.1,2.874821222866239,give_me_some_credit,3.63097978515625,46,101,3.0,dp_uniform,0.8462002699983386,0.370433079413454,0.0
0.1,2.9062988936286045,give_me_some_credit,3.63097978515625,47,101,3.0,dp_uniform,0.8463210276683715,0.37274184691842066,0.0
0.1,2.937623586567794,give_me_some_credit,3.63097978515625,48,101,3.0,dp_uniform,0.8462161928630826,0.37408532172296205,0.0
0.1,2.9685495214334856,give_me_some_credit,3.63097978515625,49,101,3.0,dp_uniform,0.8467659214172107,0.3772753443024761,0.0
0.1,2.999913227286129,give_me_some_credit,3.63097978515625,50,101,3.0,dp_uniform,0.8458553673861426,0.3749387222767248,0.0
0.1,0.11510679454667541,give_me_some_credit,18.66917457536988,1,101,3.0,scheduler,0.30708519601157847,0.0460334580916079,0.0
0.1,0.1371032669872691,give_me_some_credit,13.201099941399523,2,101,3.0,scheduler,0.37167763302941076,0.05547750950389893,0.0
0.1,0.17009797564815962,give_me_some_credit,10.778652966637916,3,101,3.0,scheduler,0.5004706152995793,0.08726566671607355,0.0
0.1,0.21409092052934697,give_me_some_credit,9.33458728768494,4,101,3.0,scheduler,0.6072792990732669,0.13020451479992914,0.0
0.1,0.2660930373545193,give_me_some_credit,8.349108686867563,5,101,3.0,scheduler,0.6935513288577093,0.18059324337773655,0.0
0.1,0.3190546891375195,give_me_some_credit,7.621658604766168,6,101,3.0,scheduler,0.7463262721923536,0.22165792890992633,0.0
0.1,0.3726275528534222,give_me_some_credit,7.056284729896937,7,101,3.0,scheduler,0.7750565762767576,0.25815079747241226,0.0
0.1,0.42677317952607813,give_me_some_credit,6.6005499706997615,8,101,3.0,scheduler,0.7946885220419214,0.28548172642715236,0.0
0.1,0.4813905728316681,give_me_some_credit,6.223058191789958,9,101,3.0,scheduler,0.8058110327859579,0.3044358880326976,0.0
0.1,0.5365160826873119,give_me_some_credit,5.9037113693475645,10,101,3.0,scheduler,0.8141075690840767,0.3192763379027111,0.0
0.1,0.5920873588812087,give_me_some_credit,5.62896792837677,11,101,3.0,scheduler,0.8213767465601044,0.3311468118052465,0.0
0.1,0.6480893467568122,give_me_some_credit,5.389326483318958,12,101,3.0,scheduler,0.8257815342871612,0.33795883943267624,0.0
0.1,0.7044444300192516,give_me_some_credit,5.177897400160363,13,101,3.0,scheduler,0.8290118158791269,0.34346480668695123,0.0
0.1,0.7614378511849638,give_me_some_credit,4.989546782493211,14,101,3.0,scheduler,0.8318331693538079,0.34777304851349866,0.0
0.1,0.8184074880615885,give_me_some_credit,4.820360147856429,15,101,3.0,scheduler,0.8331357821734288,0.35157359187146736,0.0
0.1,0.8758750970207534,give_me_some_credit,4.66729364384247,16,101,3.0,scheduler,0.8348355201476574,0.3523822662217525,0.0
0.1,0.9337254618518295,give_me_some_credit,4.527939924549749,17,101,3.0,scheduler,0.8350787057182906,0.35295063943892424,0.0
0.1,0.9919201460111201,give_me_some_credit,4.400366647133174,18,101,3.0,scheduler,0.8376169551117741,0.3581706162156145,0.0
0.1,1.0505452760745373,give_me_some_credit,4.283002385966112,19,101,3.0,scheduler,0.8390112635895526,0.3595500501906953,0.0
0.1,1.1098539295360323,give_me_some_credit,4.1745543434337815,20,101,3.0,scheduler,0.839443129539965,0.358522259668703,0.0
0.1,1.1685111893776154,give_me_some_credit,4.073947888284643,21,101,3.0,scheduler,0.8401405621506156,0.35912784319768726,0.0
0.1,1.2279368083312259,give_me_some_credit,3.980281393236807,22,101,3.0,scheduler,0.8415250162680458,0.36157145924309536,0.0
0.1,1.2881652447757086,give_me_some_credit,3.8927919975124867,23,101,3.0,scheduler,0.8409967780138865,0.35884953210389126,0.0
0.1,1.347633097134614,give_me_some_credit,3.810829302383084,24,101,3.0,scheduler,0.842422765198096,0.36051162664587594,0.0
0.1,1.4087344094695966,give_me_some_credit,3.7338349150739747,25,101,3.0,scheduler,0.8417251098900365,0.36026393476502083,0.0
0.1,1.4686219257169366,give_me_some_credit,3.661326363941588,26,101,3.0,scheduler,0.8423373050673905,0.3625183423619263,0.0
0.1,1.529897813230019,give_me_some_credit,3.592884322212638,27,101,3.0,scheduler,0.8424046710336145,0.3612961289165129,0.0
0.1,1.5912443321968133,give_me_some_credit,3.5281423649484687,28,101,3.0,scheduler,0.8418345656665621,0.35965196397826665,0.0
0.1,1.6519964941755956,give_me_some_credit,3.4667786862597283,29,101,3.0,scheduler,0.8428439416728761,0.36107745778030403,0.0
0.1,1.7148435582915775,give_me_some_credit,3.4085093483106705,30,101,3.0,scheduler,0.8430050632482912,0.36242783172205567,0.0
0.1,1.7770016468326175,give_me_some_credit,3.3530827381998933,31,101,3.0,scheduler,0.8432587712714998,0.3656708566760775,0.0
0.1,1.83789346895388,give_me_some_credit,3.3002749853498807,32,101,3.0,scheduler,0.8437444186461869,0.3665227177480185,0.0
0.1,1.9002832011517876,give_me_some_credit,3.249886148708098,33,101,3.0,scheduler,0.843899583065911,0.36865522929760464,0.0
0.1,1.9630134575471883,give_me_some_credit,3.201737025454431,34,101,3.0,scheduler,0.844546407690365,0.36972834912154795,0.0
0.1,2.0259726827802793,give_me_some_credit,3.155666464928659,35,101,3.0,scheduler,0.8440427774999009,0.36972113076413393,0.0
0.1,2.0892067628105027,give_me_some_credit,3.111529095894979,36,101,3.0,scheduler,0.8446983986720107,0.3700100158199996,0.0
0.1,2.152649705017284,give_me_some_credit,3.0691933940177316,37,101,3.0,scheduler,0.8455537237456456,0.36945237399261616,0.0
0.1,2.2163545320067093,give_me_some_credit,3.0285400309548014,38,101,3.0,scheduler,0.8459610373067152,0.37046563271443544,0.0
0.1,2.280304891031842,give_me_some_credit,2.9894604578188497,39,101,3.0,scheduler,0.8458055945152302,0.37096354488155514,0.0
0.1,2.3444933422711864,give_me_some_credit,2.9518556846737822,40,101,3.0,scheduler,0.8457764768290026,0.37146361536259154,0.0
0.1,2.4089225047904392,give_me_some_credit,2.915635224790633,41,101,3.0,scheduler,0.8456347299281712,0.3697518375315128,0.0
0.1,2.4736063833046376,give_me_some_credit,2.8807161780066854,42,101,3.0,scheduler,0.8456461431703827,0.3729703617346887,0.0
0.1,2.538518323883683,give_me_some_credit,2.8470224320337176,43,101,3.0,scheduler,0.846350813446826,0.37527506718434944,0.0
0.1,2.603617475474781,give_me_some_credit,2.814483964188385,44,101,3.0,scheduler,0.846151554940119,0.3742387088027401,0.0
0.1,2.6690320127077642,give_me_some_credit,2.7830362289558543,45,101,3.0,scheduler,0.847799794138515,0.37722590666772665,0.0
0.1,2.734578079390124,give_me_some_credit,2.7526196191898054,46,101,3.0,scheduler,0.8476270366234797,0.3738213407684674,0.0
0.1,2.8004700094674995,give_me_some_credit,2.7231789907090356,47,101,3.0,scheduler,0.8476258117877302,0.37609295657786235,0.0
0.1,2.866460126928031,give_me_some_credit,2.694663241659479,48,101,3.0,scheduler,0.8475720303634554,0.37718848582628983,0.0
0.1,2.9327416212705395,give_me_some_credit,2.6670249393385537,49,101,3.0,scheduler,0.8482189663366142,0.3797643676760961,0.0
0.1,2.9999765430083327,give_me_some_credit,2.6402199882799047,50,101,3.0,scheduler,0.8472829691265674,0.3772530069504036,0.0
0.1,1.2351882876623594,give_me_some_credit,3.734439367675781,1,101,3.0,ha_uniform,0.600563301961207,0.13732243350227036,0.0
0.1,1.2955010713952326,give_me_some_credit,3.734439367675781,2,101,3.0,ha_uniform,0.7074205337700579,0.19702683638188123,0.0
0.1,1.3471508925106317,give_me_some_credit,3.734439367675781,3,101,3.0,ha_uniform,0.7761229071454245,0.2724601596866214,0.0
0.1,1.3950058469537066,give_me_some_credit,3.734439367675781,4,101,3.0,ha_uniform,0.7960718626723067,0.3031383093222565,0.0
0.1,1.4391961824587007,give_me_some_credit,3.734439367675781,5,101,3.0,ha_uniform,0.8091870141577651,0.3224458397543293,0.0
0.1,1.482696505799926,give_me_some_credit,3.734439367675781,6,101,3.0,ha_uniform,0.8171885320633048,0.33084549886243214,0.0
0.1,1.524010439645357,give_me_some_credit,3.734439367675781,7,101,3.0,ha_uniform,0.8210840664903201,0.33838734332751225,0.0
0.1,1.5653243734907885,give_me_some_credit,3.734439367675781,8,101,3.0,ha_uniform,0.8257423395431764,0.3427620585569725,0.0
0.1,1.6050613065018318,give_me_some_credit,3.734439367675781,9,101,3.0,ha_uniform,0.8277600894174638,0.34458455218269596,0.0
0.1,1.6443069745136354,give_me_some_credit,3.734439367675781,10,101,3.0,ha_uniform,0.829892472783036,0.34754700104097047,0.0
0.1,1.683552642525439,give_me_some_credit,3.734439367675781,11,101,3.0,ha_uniform,0.8328837443807875,0.3536123534701417,0.0
0.1,1.7217364678104214,give_me_some_credit,3.734439367675781,12,101,3.0,ha_uniform,0.834454206509089,0.3548403669794953,0.0
0.1,1.759433131511839,give_me_some_credit,3.734439367675781,13,101,3.0,ha_uniform,0.8354210473102829,0.35604122358111157,0.0
0.1,1.7971297952132568,give_me_some_credit,3.734439367675781,14,101,3.0,ha_uniform,0.8371558044520776,0.35706096143910676,0.0
0.1,1.8347019417567314,give_me_some_credit,3.734439367675781,15,101,3.0,ha_uniform,0.8375926254198404,0.35871684718153973,0.0
0.1,1.8711879061289476,give_me_some_credit,3.734439367675781,16,101,3.0,ha_uniform,0.8385609137541926,0.35972075651980956,0.0
0.1,1.9076738705011635,give_me_some_credit,3.734439367675781,17,101,3.0,ha_uniform,0.8385218303589126,0.36069986731722703,0.0
0.1,1.9441598348733795,give_me_some_credit,3.734439367675781,18,101,3.0,ha_uniform,0.8401096628851161,0.36466896298601287,0.0
0.1,1.980458624073012,give_me_some_credit,3.734439367675781,19,101,3.0,ha_uniform,0.8412444175326999,0.36691225737139826,0.0
0.1,2.0159574799490048,give_me_some_credit,3.734439367675781,20,101,3.0,ha_uniform,0.8419064412553185,0.367736480204961,0.0
0.1,2.051456335824997,give_me_some_credit,3.734439367675781,21,101,3.0,ha_uniform,0.8423412579464004,0.366941405106748,0.0
0.1,2.08695519170099,give_me_some_credit,3.734439367675781,22,101,3.0,ha_uniform,0.8432647284271907,0.3674973138325134,0.0
0.1,2.122323619333928,give_me_some_credit,3.734439367675781,23,101,3.0,ha_uniform,0.8431456966620778,0.3658166119645317,0.0
0.1,2.156985359205249,give_me_some_credit,3.734439367675781,24,101,3.0,ha_uniform,0.8445172343297854,0.3683149251087321,0.0
0.1,2.1916470990765693,give_me_some_credit,3.734439367675781,25,101,3.0,ha_uniform,0.8437221489052863,0.3675034745663555,0.0
0.1,2.22630883894789,give_me_some_credit,3.734439367675781,26,101,3.0,ha_uniform,0.8442800615891954,0.3704719879442073,0.0
0.1,2.2608312621290083,give_me_some_credit,3.734439367675781,27,101,3.0,ha_uniform,0.8443721469678189,0.36922648594635793,0.0
0.1,2.2947580858668406,give_me_some_credit,3.734439367675781,28,101,3.0,ha_uniform,0.843845300572466,0.36895661990273565,0.0
0.1,2.3286849096046724,give_me_some_credit,3.734439367675781,29,101,3.0,ha_uniform,0.8449345135999081,0.37060146484411877,0.0
0.1,2.362611733342505,give_me_some_credit,3.734439367675781,30,101,3.0,ha_uniform,0.8452148896378451,0.3716382060472642,0.0
0.1,2.3962604086573336,give_me_some_credit,3.734439367675781,31,101,3.0,ha_uniform,0.8458271961639037,0.37463284644886147,0.0
0.1,2.429523101412318,give_me_some_credit,3.734439367675781,32,101,3.0,ha_uniform,0.8464045391967482,0.3756707140599629,0.0
0.1,2.462785794167303,give_me_some_credit,3.734439367675781,33,101,3.0,ha_uniform,0.8468660795769106,0.3783773621271324,0.0
0.1,2.4960484869222874,give_me_some_credit,3.734439367675781,34,101,3.0,ha_uniform,0.8473504464414958,0.3796971072026919,0.0
0.1,2.528756759214975,give_me_some_credit,3.734439367675781,35,101,3.0,ha_uniform,0.8470047643883684,0.3788588354032719,0.0
0.1,2.5614052022256093,give_me_some_credit,3.734439367675781,36,101,3.0,ha_uniform,0.8478642093640697,0.3790581841512187,0.0
0.1,2.594053645236244,give_me_some_credit,3.734439367675781,37,101,3.0,ha_uniform,0.8484513510829108,0.3789734491751607,0.0
0.1,2.6263293026975,give_me_some_credit,3.734439367675781,38,101,3.0,ha_uniform,0.8488049945684103,0.38026481843930715,0.0
0.1,2.6583992942744725,give_me_some_credit,3.734439367675781,39,101,3.0,ha_uniform,0.8486366353272026,0.37983415635708273,0.0
0.1,2.690469285851446,give_me_some_credit,3.734439367675781,40,101,3.0,ha_uniform,0.8488152386492244,0.3810523606881222,0.0
0.1,2.7222005327559597,give_me_some_credit,3.734439367675781,41,101,3.0,ha_uniform,0.8484282462267265,0.37940234841085163,0.0
0.1,2.7537182643169875,give_me_some_credit,3.734439367675781,42,101,3.0,ha_uniform,0.8485630338335266,0.38271791403510025,0.0
0.1,2.785235995878016,give_me_some_credit,3.734439367675781,43,101,3.0,ha_uniform,0.8494520418902733,0.38322479998865877,0.0
0.1,2.8163476572754544,give_me_some_credit,3.734439367675781,44,101,3.0,ha_uniform,0.849419361045502,0.38276989540533674,0.0
0.1,2.8473326834248556,give_me_some_credit,3.734439367675781,45,101,3.0,ha_uniform,0.8503544117915606,0.3859172457705311,0.0
0.1,2.8782968425822024,give_me_some_credit,3.734439367675781,46,101,3.0,ha_uniform,0.8501391747457574,0.38214708725783675,0.0
0.1,2.9087640739599947,give_me_some_credit,3.734439367675781,47,101,3.0,ha_uniform,0.8503654353133064,0.3837500556439794,0.0
0.1,2.939231305337786,give_me_some_credit,3.734439367675781,48,101,3.0,ha_uniform,0.8501079971084968,0.3842714504871053,0.0
0.1,2.969496348155649,give_me_some_credit,3.734439367675781,49,101,3.0,ha_uniform,0.8504942657644156,0.3867651972196469,0.0
0.1,2.999919524792012,give_me_some_credit,3.734439367675781,50,101,3.0,ha_uniform,0.8495936774424004,0.3844134535074242,0.0
0.1,0.21446357325992396,give_me_some_credit,19.186451659151913,1,101,3.0,full_ha_dp,0.3155090595532957,0.046868203842692184,0.0
0.1,0.2351736031270147,give_me_some_credit,13.5668700750942,2,101,3.0,full_ha_dp,0.39193964543900117,0.05936178283141071,0.0
0.1,0.26623864792765084,give_me_some_credit,11.0773030302051,3,101,3.0,full_ha_dp,0.5483347467195558,0.10185866000282323,0.0
0.1,0.30765870766183234,give_me_some_credit,9.593225829575957,4,101,3.0,full_ha_dp,0.6660818261543855,0.16211360752716514,0.0
0.1,0.35758535692103954,give_me_some_credit,8.58044203137546,5,101,3.0,full_ha_dp,0.739931349069726,0.22367871758314067,0.0
0.1,0.4088541807005631,give_me_some_credit,7.832836089916316,6,101,3.0,full_ha_dp,0.7776164273189148,0.26492124867369293,0.0
0.1,0.46071354558264,give_me_some_credit,7.251797090268366,7,101,3.0,full_ha_dp,0.795808634334863,0.29614448760232503,0.0
0.1,0.5131105421491863,give_me_some_credit,6.7834350375471,8,101,3.0,full_ha_dp,0.8109398654640412,0.3194389924125354,0.0
0.1,0.5659752431170763,give_me_some_credit,6.39548388638397,9,101,3.0,full_ha_dp,0.8181049319013594,0.33019042717564856,0.0
0.1,0.6193163517023966,give_me_some_credit,6.067288745963664,10,101,3.0,full_ha_dp,0.8240969397367449,0.33902141423660653,0.0
0.1,0.6731678485073901,give_me_some_credit,5.784932837427156,11,101,3.0,full_ha_dp,0.8293672409438985,0.3476754105157547,0.0
0.1,0.7273837472404316,give_me_some_credit,5.53865151510255,12,101,3.0,full_ha_dp,0.8328118687920314,0.35239906590304726,0.0
0.1,0.7819012120204734,give_me_some_credit,5.321364250098719,13,101,3.0,full_ha_dp,0.8350032112966378,0.35516401290976385,0.0
0.1,0.8367810351928243,give_me_some_credit,5.127794898317634,14,101,3.0,full_ha_dp,0.837813986644391,0.35893486801005653,0.0
0.1,0.8921112793302489,give_me_some_credit,4.953920516580601,15,101,3.0,full_ha_dp,0.8382504735660402,0.36100353018003495,0.0
0.1,0.9479053829037719,give_me_some_credit,4.796612914787978,16,101,3.0,full_ha_dp,0.8397436040190647,0.36142906024275856,0.0
0.1,1.0039884807896653,give_me_some_credit,4.653398045381797,17,101,3.0,full_ha_dp,0.8395598786566357,0.36177734994330807,0.0
0.1,1.060258332116687,give_me_some_credit,4.522290025031401,18,101,3.0,full_ha_dp,0.8415382667638815,0.36619679917288617,0.0
0.1,1.116707129926224,give_me_some_credit,4.4016738877563935,19,101,3.0,full_ha_dp,0.842656597477551,0.36706462276796004,0.0
0.1,1.1734516303792708,give_me_some_credit,4.29022101568773,20,101,3.0,full_ha_dp,0.843115187117044,0.3666828706005145,0.0
0.1,1.230775540554863,give_me_some_credit,4.186827002174985,21,101,3.0,full_ha_dp,0.8435639780705408,0.3662833539441107,0.0
0.1,1.2886321319295928,give_me_some_credit,4.090565238053477,22,101,3.0,full_ha_dp,0.8449089033978725,0.36934870396643354,0.0
0.1,1.3458964173606127,give_me_some_credit,4.0006517255424505,23,101,3.0,full_ha_dp,0.8443674146478775,0.3681678943357093,0.0
0.1,1.4047516780178497,give_me_some_credit,3.916418044958158,24,101,3.0,full_ha_dp,0.8456255436600497,0.36879406104417084,0.0
0.1,1.4622795387597682,give_me_some_credit,3.837290331830382,25,101,3.0,full_ha_dp,0.8447693834711308,0.3693130526639803,0.0
0.1,1.5220343268050809,give_me_some_credit,3.7627727464084706,26,101,3.0,full_ha_dp,0.8451928425943536,0.37121793791171426,0.0
0.1,1.579726552863405,give_me_some_credit,3.692434343401699,27,101,3.0,full_ha_dp,0.8455431456187181,0.36968850797517055,0.0
0.1,1.6395555280350007,give_me_some_credit,3.625898545134183,28,101,3.0,full_ha_dp,0.844925605703548,0.36832480991619937,0.0
0.1,1.698701016130475,give_me_some_credit,3.5628346292638726,29,101,3.0,full_ha_dp,0.8460762832158752,0.36962907900513386,0.0
0.1,1.7578725300364484,give_me_some_credit,3.5029507907333075,30,101,3.0,full_ha_dp,0.8461914177763308,0.37061522380238865,0.0
0.1,1.819016427739288,give_me_some_credit,3.4459884450640947,31,101,3.0,full_ha_dp,0.8463264280805398,0.37315672161767344,0.0
0.1,1.8791336729298798,give_me_some_credit,3.39171751877355,32,101,3.0,full_ha_dp,0.8467037331657461,0.3734703690401939,0.0
0.1,1.9382558772409317,give_me_some_credit,3.3399325309324746,33,101,3.0,full_ha_dp,0.8470158992588184,0.3761857266484329,0.0
0.1,1.9987925664667214,give_me_some_credit,3.290449313449693,34,101,3.0,full_ha_dp,0.8475196964723393,0.37877344228099014,0.0
0.1,2.059663808553418,give_me_some_credit,3.243102250575048,35,101,3.0,full_ha_dp,0.8467636387687684,0.37786296694062127,0.0
0.1,2.1207190557157234,give_me_some_credit,3.197741943191985,36,101,3.0,full_ha_dp,0.8475679661357411,0.3789210584247373,0.0
0.1,2.182050037907415,give_me_some_credit,3.1542332227477665,37,101,3.0,full_ha_dp,0.8482872230924742,0.3776327497694173,0.0
0.1,2.2436126927636004,give_me_some_credit,3.1124534546043003,38,101,3.0,full_ha_dp,0.8485614749516635,0.3798648433893724,0.0
0.1,2.3053795603367355,give_me_some_credit,3.0722910822505463,39,101,3.0,full_ha_dp,0.8483862120907768,0.38042346336834176,0.0
0.1,2.367386452003013,give_me_some_credit,3.033644372981832,40,101,3.0,full_ha_dp,0.8486452091774492,0.38017505478288655,0.0
0.1,2.429632053857954,give_me_some_credit,2.996420332903641,41,101,3.0,full_ha_dp,0.8484584773999988,0.3789789434553234,0.0
0.1,2.492096631867238,give_me_some_credit,2.960533764892876,42,101,3.0,full_ha_dp,0.8485079162247979,0.3817762218352981,0.0
0.1,2.554748960354795,give_me_some_credit,2.9259064477762977,43,101,3.0,full_ha_dp,0.8494605043918155,0.38267352627299966,0.0
0.1,2.6176508088100063,give_me_some_credit,2.892466418713578,44,101,3.0,full_ha_dp,0.849313635450577,0.38246411201389346,0.0
0.1,2.680816773804569,give_me_some_credit,2.86014734379182,45,101,3.0,full_ha_dp,0.8505368009695355,0.38590433040759003,0.0
0.1,2.7441114317783186,give_me_some_credit,2.828887964296729,46,101,3.0,full_ha_dp,0.8505875759787884,0.38412625678407253,0.0
0.1,2.807725906797638,give_me_some_credit,2.798631608136958,47,101,3.0,full_ha_dp,0.8508227444426976,0.38483778969606053,0.0
0.1,2.871452499036329,give_me_some_credit,2.769325757551275,48,101,3.0,full_ha_dp,0.8505973746647848,0.38662843743160313,0.0
0.1,2.9354523707215936,give_me_some_credit,2.74092166559313,49,101,3.0,full_ha_dp,0.8512032229659819,0.387085937480089,0.0
0.1,2.999989530661384,give_me_some_credit,2.7133740150188403,50,101,3.0,full_ha_dp,0.8502344892368117,0.38486187475531947,0.0
0.1,1.5049623333896922,give_me_some_credit,4.895824127197265,1,909,3.0,dp_uniform,0.5097350502115847,0.08587584298828396,0.0
0.1,1.5712874034509208,give_me_some_credit,4.895824127197265,2,909,3.0,dp_uniform,0.4985252420832184,0.08480591883438707,0.0
0.1,1.622681640382932,give_me_some_credit,4.895824127197265,3,909,3.0,dp_uniform,0.4940896107650146,0.08279912968032224,0.0
0.1,1.6690932550022972,give_me_some_credit,4.895824127197265,4,909,3.0,dp_uniform,0.4930908128856284,0.08228662143815549,0.0
0.1,1.7091946435342462,give_me_some_credit,4.895824127197265,5,909,3.0,dp_uniform,0.522103608633355,0.09005694666290359,0.0
0.1,1.7492960320661952,give_me_some_credit,4.895824127197265,6,909,3.0,dp_uniform,0.5431462311358592,0.0951925863545966,0.0
0.1,1.7854900543199224,give_me_some_credit,4.895824127197265,7,909,3.0,dp_uniform,0.5368058132040857,0.09027480040437705,0.0
0.1,1.8208502055426214,give_me_some_credit,4.895824127197265,8,909,3.0,dp_uniform,0.5625234110651216,0.09937921859997109,0.0
0.1,1.8562103567653203,give_me_some_credit,4.895824127197265,9,909,3.0,dp_uniform,0.5675996314803275,0.09756825454977248,0.0
0.1,1.8900650554568907,give_me_some_credit,4.895824127197265,10,909,3.0,dp_uniform,0.5574196875199036,0.09775343114359686,0.0
0.1,1.9222372793982438,give_me_some_credit,4.895824127197265,11,909,3.0,dp_uniform,0.5447505989446815,0.09046088156095547,0.0
0.1,1.9544095033395965,give_me_some_credit,4.895824127197265,12,909,3.0,dp_uniform,0.5295376378663985,0.08610954775329696,0.0
0.1,1.9865817272809496,give_me_some_credit,4.895824127197265,13,909,3.0,dp_uniform,0.5404605560576146,0.09310696977783038,0.0
0.1,2.018753951222302,give_me_some_credit,4.895824127197265,14,909,3.0,dp_uniform,0.521159148921766,0.0840196639042934,0.0
0.1,2.0489660891957167,give_me_some_credit,4.895824127197265,15,909,3.0,dp_uniform,0.5436540925770945,0.0957006281500224,0.0
0.1,2.078905805886857,give_me_some_credit,4.895824127197265,16,909,3.0,dp_uniform,0.5525893250442389,0.10001026012746869,0.0
0.1,2.1088455225779974,give_me_some_credit,4.895824127197265,17,909,3.0,dp_uniform,0.5404190786651873,0.09616634760259471,0.0
0.1,2.1387852392691378,give_me_some_credit,4.895824127197265,18,909,3.0,dp_uniform,0.5416110108725329,0.09759070588903024,0.0
0.1,2.1687249559602786,give_me_some_credit,4.895824127197265,19,909,3.0,dp_uniform,0.5340867891888424,0.09549331251692234,0.0
0.1,2.198664672651419,give_me_some_credit,4.895824127197265,20,909,3.0,dp_uniform,0.5740856935175902,0.10769230109656458,0.0
0.1,2.2270345460534693,give_me_some_credit,4.895824127197265,21,909,3.0,dp_uniform,0.6303015345187665,0.13038263873457118,0.0
0.1,2.2553401265794233,give_me_some_credit,4.895824127197265,22,909,3.0,dp_uniform,0.6174652001893819,0.12458358469908104,0.0
0.1,2.283645707105377,give_me_some_credit,4.895824127197265,23,909,3.0,dp_uniform,0.6094224832631762,0.12184126352986535,0.0
0.1,2.3119512876313304,give_me_some_credit,4.895824127197265,24,909,3.0,dp_uniform,0.5847895331326978,0.10870556983286578,0.0
0.1,2.340256868157284,give_me_some_credit,4.895824127197265,25,909,3.0,dp_uniform,0.5893838363548176,0.10936588271648343,0.0
0.1,2.3685624486832375,give_me_some_credit,4.895824127197265,26,909,3.0,dp_uniform,0.5885966566883382,0.1059010251387032,0.0
0.1,2.3968680292091915,give_me_some_credit,4.895824127197265,27,909,3.0,dp_uniform,0.5887433029321677,0.10011762521488021,0.0
0.1,2.424143270209568,give_me_some_credit,4.895824127197265,28,909,3.0,dp_uniform,0.5837022687075846,0.09899201900933018,0.0
0.1,2.45119643306301,give_me_some_credit,4.895824127197265,29,909,3.0,dp_uniform,0.5891463852424662,0.09928669989084477,0.0
0.1,2.478249595916451,give_me_some_credit,4.895824127197265,30,909,3.0,dp_uniform,0.6028200618297086,0.10623220589904184,0.0
0.1,2.5053027587698926,give_me_some_credit,4.895824127197265,31,909,3.0,dp_uniform,0.6032947413570022,0.10604836484414895,0.0
0.1,2.532355921623334,give_me_some_credit,4.895824127197265,32,909,3.0,dp_uniform,0.6197285853058014,0.11308865288436498,0.0
0.1,2.5594090844767754,give_me_some_credit,4.895824127197265,33,909,3.0,dp_uniform,0.6174896412300201,0.10860298928221454,0.0
0.1,2.5864622473302172,give_me_some_credit,4.895824127197265,34,909,3.0,dp_uniform,0.6062881285801393,0.10363464269551352,0.0
0.1,2.6135154101836586,give_me_some_credit,4.895824127197265,35,909,3.0,dp_uniform,0.6075581162293409,0.10506933756494671,0.0
0.1,2.6398187369021056,give_me_some_credit,4.895824127197265,36,909,3.0,dp_uniform,0.6197973988051838,0.11195869637954232,0.0
0.1,2.6658676241000046,give_me_some_credit,4.895824127197265,37,909,3.0,dp_uniform,0.5879102475994333,0.09868083124705315,0.0
0.1,2.6919165112979035,give_me_some_credit,4.895824127197265,38,909,3.0,dp_uniform,0.6045994141276564,0.10417014841880651,0.0
0.1,2.7179653984958025,give_me_some_credit,4.895824127197265,39,909,3.0,dp_uniform,0.6066873136857802,0.10436337530662396,0.0
0.1,2.744014285693702,give_me_some_credit,4.895824127197265,40,909,3.0,dp_uniform,0.6250154217955736,0.11157996642060322,0.0
0.1,2.7700631728916005,give_me_some_credit,4.895824127197265,41,909,3.0,dp_uniform,0.632698371057532,0.1171472583459999,0.0
0.1,2.7961120600895,give_me_some_credit,4.895824127197265,42,909,3.0,dp_uniform,0.6259571534639023,0.11340850909494861,0.0
0.1,2.8221609472873985,give_me_some_credit,4.895824127197265,43,909,3.0,dp_uniform,0.6321515932440733,0.11255469135841678,0.0
0.1,2.8481113003159977,give_me_some_credit,4.895824127197265,44,909,3.0,dp_uniform,0.6256304006905402,0.11322694289507677,0.0
0.1,2.8733203728519796,give_me_some_credit,4.895824127197265,45,909,3.0,dp_uniform,0.645491557763922,0.1193655156933158,0.0
0.1,2.8985294453879615,give_me_some_credit,4.895824127197265,46,909,3.0,dp_uniform,0.6718503571398349,0.13196614693262734,0.0
0.1,2.9237385179239435,give_me_some_credit,4.895824127197265,47,909,3.0,dp_uniform,0.672634363368236,0.13202346730372702,0.0
0.1,2.9489475904599254,give_me_some_credit,4.895824127197265,48,909,3.0,dp_uniform,0.6769070915317529,0.13473213450092786,0.0
0.1,2.9741566629959073,give_me_some_credit,4.895824127197265,49,909,3.0,dp_uniform,0.6717318264438921,0.13385047608060954,0.0
0.1,2.999954896331699,give_me_some_credit,4.895824127197265,50,909,3.0,dp_uniform,0.656791502668583,0.12668596762422163,0.0
0.1,0.11510679454667541,give_me_some_credit,24.968742414199106,1,909,3.0,scheduler,0.3702061042250598,0.05039425494133234,0.0
0.1,0.1371032669872691,give_me_some_credit,17.655567078780354,2,909,3.0,scheduler,0.4197186418664894,0.06116868937236819,0.0
0.1,0.17009797564815962,give_me_some_credit,14.415710154164282,3,909,3.0,scheduler,0.44793963697649963,0.06886814412247091,0.0
0.1,0.21409092052934697,give_me_some_credit,12.484371207099553,4,909,3.0,scheduler,0.4661209874937589,0.07607837620384393,0.0
0.1,0.2660930373545193,give_me_some_credit,11.16636107016628,5,909,3.0,scheduler,0.5015296528281012,0.08614967906335229,0.0
0.1,0.3190546891375195,give_me_some_credit,10.193446405629334,6,909,3.0,scheduler,0.5299502961652842,0.09497881234371347,0.0
0.1,0.3726275528534222,give_me_some_credit,9.437297568285906,7,909,3.0,scheduler,0.5216975755823872,0.08895732928084718,0.0
0.1,0.42677317952607813,give_me_some_credit,8.827783539390177,8,909,3.0,scheduler,0.5563501832131584,0.1032354181202118,0.0
0.1,0.4813905728316681,give_me_some_credit,8.32291413806637,9,909,3.0,scheduler,0.5732636060322492,0.10696931443331416,0.0
0.1,0.5365160826873119,give_me_some_credit,7.895809633892052,10,909,3.0,scheduler,0.5577231127396726,0.10682994802847551,0.0
0.1,0.5920873588812087,give_me_some_credit,7.528359097721008,11,909,3.0,scheduler,0.5437965075701531,0.09744679469573123,0.0
0.1,0.6480893467568122,give_me_some_credit,7.207855077082141,12,909,3.0,scheduler,0.5203743632524332,0.09043478539537803,0.0
0.1,0.7044444300192516,give_me_some_credit,6.925083158326723,13,909,3.0,scheduler,0.5335740840789613,0.10145117329913364,0.0
0.1,0.7614378511849638,give_me_some_credit,6.673177106610278,14,909,3.0,scheduler,0.5169350244677644,0.08821718437690113,0.0
0.1,0.8184074880615885,give_me_some_credit,6.446901569729062,15,909,3.0,scheduler,0.5324361559932995,0.09962533699606996,0.0
0.1,0.8758750970207534,give_me_some_credit,6.2421856035497765,16,909,3.0,scheduler,0.5404159052271091,0.10589589519973032,0.0
0.1,0.9337254618518295,give_me_some_credit,6.055809547798978,17,909,3.0,scheduler,0.5213585744515298,0.09767698275476572,0.0
0.1,0.9919201460111201,give_me_some_credit,5.885189026260118,18,909,3.0,scheduler,0.5276251125178659,0.10159474042630531,0.0
0.1,1.0505452760745373,give_me_some_credit,5.728222364778509,19,909,3.0,scheduler,0.518287911227468,0.09753497407595049,0.0
0.1,1.1098539295360323,give_me_some_credit,5.58318053508314,20,909,3.0,scheduler,0.5640277877373009,0.1148060465582896,0.0
0.1,1.1685111893776154,give_me_some_credit,5.4486262914724675,21,909,3.0,scheduler,0.623882226029853,0.14583046226079432,0.0
0.1,1.2279368083312259,give_me_some_credit,5.323353769205964,22,909,3.0,scheduler,0.6070939034802706,0.1372197821428342,0.0
0.1,1.2881652447757086,give_me_some_credit,5.2063426942387565,23,909,3.0,scheduler,0.6023999431676212,0.13356140815527512,0.0
0.1,1.347633097134614,give_me_some_credit,5.096723202814667,24,909,3.0,scheduler,0.5807635536983582,0.11946517774930082,0.0
0.1,1.4087344094695966,give_me_some_credit,4.9937484828398215,25,909,3.0,scheduler,0.5825161823072253,0.11879790526779735,0.0
0.1,1.4686219257169366,give_me_some_credit,4.896773261533579,26,909,3.0,scheduler,0.5860974906901348,0.11796148785788493,0.0
0.1,1.529897813230019,give_me_some_credit,4.8052367180547595,27,909,3.0,scheduler,0.5919095590190447,0.11331067726089908,0.0
0.1,1.5912443321968133,give_me_some_credit,4.718648784142953,28,909,3.0,scheduler,0.5887239839319365,0.11031534109065211,0.0
0.1,1.6519964941755956,give_me_some_credit,4.636579066460402,29,909,3.0,scheduler,0.5998011757532405,0.11446785571204383,0.0
0.1,1.7148435582915775,give_me_some_credit,4.558647817597617,30,909,3.0,scheduler,0.6114375050942032,0.12399351504280852,0.0
0.1,1.7770016468326175,give_me_some_credit,4.484518522530975,31,909,3.0,scheduler,0.6158401771958744,0.12272435594008502,0.0
0.1,1.83789346895388,give_me_some_credit,4.413891769695089,32,909,3.0,scheduler,0.6364537174655788,0.13149865391300838,0.0
0.1,1.9002832011517876,give_me_some_credit,4.346500151625393,33,909,3.0,scheduler,0.6383728680620293,0.1271468343307135,0.0
0.1,1.9630134575471883,give_me_some_credit,4.2821039968228956,34,909,3.0,scheduler,0.6188764336702449,0.11695221559926232,0.0
0.1,2.0259726827802793,give_me_some_credit,4.2204877773161495,35,909,3.0,scheduler,0.6192351991961514,0.11752590093255616,0.0
0.1,2.0892067628105027,give_me_some_credit,4.161457069033185,36,909,3.0,scheduler,0.6266615453685842,0.12525733506372,0.0
0.1,2.152649705017284,give_me_some_credit,4.104835967182654,37,909,3.0,scheduler,0.5942186527786624,0.11062832984903186,0.0
0.1,2.2163545320067093,give_me_some_credit,4.0504648782793256,38,909,3.0,scheduler,0.617846680851007,0.11914575979652273,0.0
0.1,2.280304891031842,give_me_some_credit,3.998198625620477,39,909,3.0,scheduler,0.6254007439875039,0.12506404268601043,0.0
0.1,2.3444933422711864,give_me_some_credit,3.947904816946026,40,909,3.0,scheduler,0.644837662496732,0.132687126523536,0.0
0.1,2.4089225047904392,give_me_some_credit,3.8994624324530696,41,909,3.0,scheduler,0.6497120633850273,0.13508447346911873,0.0
0.1,2.4736063833046376,give_me_some_credit,3.852760598851492,42,909,3.0,scheduler,0.6462060267263614,0.1311291146957685,0.0
0.1,2.538518323883683,give_me_some_credit,3.807697521168432,43,909,3.0,scheduler,0.6573179036691179,0.13243007002286117,0.0
0.1,2.603617475474781,give_me_some_credit,3.764179548860504,44,909,3.0,scheduler,0.6571309491942585,0.13795867270587436,0.0
0.1,2.6690320127077642,give_me_some_credit,3.722120356722094,45,909,3.0,scheduler,0.6784439263512945,0.14622643127709217,0.0
0.1,2.734578079390124,give_me_some_credit,3.681440224277265,46,909,3.0,scheduler,0.6987547651678092,0.15764301817100546,0.0
0.1,2.8004700094674995,give_me_some_credit,3.642065399960272,47,909,3.0,scheduler,0.6947993808121239,0.15398090017453891,0.0
0.1,2.866460126928031,give_me_some_credit,3.6039275385410705,48,909,3.0,scheduler,0.701834781683049,0.1598744575935891,0.0
0.1,2.9327416212705395,give_me_some_credit,3.566963202028444,49,909,3.0,scheduler,0.6988339897710626,0.160035529829695,0.0
0.1,2.9999041812551175,give_me_some_credit,3.531113415756071,50,909,3.0,scheduler,0.6844857070575928,0.1503761947979518,0.0
0.1,1.557412828607971,give_me_some_credit,5.039733825683594,1,909,3.0,ha_uniform,0.4542198709334896,0.06460314604862383,0.0
0.1,1.6214865825789357,give_me_some_credit,5.039733825683594,2,909,3.0,ha_uniform,0.4942056917894583,0.08146361565264293,0.0
0.1,1.6696268909648513,give_me_some_credit,5.039733825683594,3,909,3.0,ha_uniform,0.5119004484680423,0.08858385223904512,0.0
0.1,1.7125978767067596,give_me_some_credit,5.039733825683594,4,909,3.0,ha_uniform,0.5246229287470732,0.09313955084974122,0.0
0.1,1.752452667629804,give_me_some_credit,5.039733825683594,5,909,3.0,ha_uniform,0.5552652014364874,0.10381877027769974,0.0
0.1,1.7898152518678576,give_me_some_credit,5.039733825683594,6,909,3.0,ha_uniform,0.5797153726685251,0.11234886050311052,0.0
0.1,1.8247107984666515,give_me_some_credit,5.039733825683594,7,909,3.0,ha_uniform,0.584222155808906,0.11073976970890223,0.0
0.1,1.8596063450654452,give_me_some_credit,5.039733825683594,8,909,3.0,ha_uniform,0.609977890601234,0.12231985295091144,0.0
0.1,1.893123275913273,give_me_some_credit,5.039733825683594,9,909,3.0,ha_uniform,0.6207163039890896,0.12325296910646963,0.0
0.1,1.9247272286953587,give_me_some_credit,5.039733825683594,10,909,3.0,ha_uniform,0.6218002279530678,0.1273504070912553,0.0
0.1,1.9563311814774442,give_me_some_credit,5.039733825683594,11,909,3.0,ha_uniform,0.6181742687396529,0.12125152841809983,0.0
0.1,1.98793513425953,give_me_some_credit,5.039733825683594,12,909,3.0,ha_uniform,0.613714697449981,0.12012838239574633,0.0
0.1,2.019267337086306,give_me_some_credit,5.039733825683594,13,909,3.0,ha_uniform,0.6289759281916658,0.13185315489343452,0.0
0.1,2.048597978726712,give_me_some_credit,5.039733825683594,14,909,3.0,ha_uniform,0.6211611420635765,0.1231150129771198,0.0
0.1,2.0779286203671177,give_me_some_credit,5.039733825683594,15,909,3.0,ha_uniform,0.6413234973826374,0.14011236967156782,0.0
0.1,2.1072592620075237,give_me_some_credit,5.039733825683594,16,909,3.0,ha_uniform,0.6514657498065873,0.14863735846486398,0.0
0.1,2.1365899036479297,give_me_some_credit,5.039733825683594,17,909,3.0,ha_uniform,0.6447909517151932,0.14716872205536247,0.0
0.1,2.165920545288335,give_me_some_credit,5.039733825683594,18,909,3.0,ha_uniform,0.6467564790470689,0.14825204851311596,0.0
0.1,2.194455365184291,give_me_some_credit,5.039733825683594,19,909,3.0,ha_uniform,0.6483848425017115,0.15007118843184009,0.0
0.1,2.222145499349603,give_me_some_credit,5.039733825683594,20,909,3.0,ha_uniform,0.676737340431739,0.16492453125392392,0.0
0.1,2.249835633514915,give_me_some_credit,5.039733825683594,21,909,3.0,ha_uniform,0.705847956016371,0.18586006170051914,0.0
0.1,2.2775257676802267,give_me_some_credit,5.039733825683594,22,909,3.0,ha_uniform,0.701337387020037,0.18236804144407845,0.0
0.1,2.3052159018455387,give_me_some_credit,5.039733825683594,23,909,3.0,ha_uniform,0.7026444537878379,0.18214822844117143,0.0
0.1,2.3329060360108507,give_me_some_credit,5.039733825683594,24,909,3.0,ha_uniform,0.6927841919580403,0.17091111448163487,0.0
0.1,2.3605961701761626,give_me_some_credit,5.039733825683594,25,909,3.0,ha_uniform,0.697082808695354,0.1710021556957503,0.0
0.1,2.387570117002192,give_me_some_credit,5.039733825683594,26,909,3.0,ha_uniform,0.6996703298905799,0.1692565915140822,0.0
0.1,2.4140201084704067,give_me_some_credit,5.039733825683594,27,909,3.0,ha_uniform,0.7066212170947876,0.16409834465417694,0.0
0.1,2.4404700999386213,give_me_some_credit,5.039733825683594,28,909,3.0,ha_uniform,0.7049607852132483,0.16748567036208545,0.0
0.1,2.466920091406836,give_me_some_credit,5.039733825683594,29,909,3.0,ha_uniform,0.7074834457881016,0.16875056090134022,0.0
0.1,2.4933700828750505,give_me_some_credit,5.039733825683594,30,909,3.0,ha_uniform,0.7144726926210104,0.17825130825985558,0.0
0.1,2.5198200743432655,give_me_some_credit,5.039733825683594,31,909,3.0,ha_uniform,0.7161078483466278,0.17712765135897368,0.0
0.1,2.54627006581148,give_me_some_credit,5.039733825683594,32,909,3.0,ha_uniform,0.7263365073652714,0.18404864810478427,0.0
0.1,2.5727200572796947,give_me_some_credit,5.039733825683594,33,909,3.0,ha_uniform,0.729934907774322,0.18191960597362272,0.0
0.1,2.598524041372069,give_me_some_credit,5.039733825683594,34,909,3.0,ha_uniform,0.7272768471747938,0.18046290515810873,0.0
0.1,2.6239918850886466,give_me_some_credit,5.039733825683594,35,909,3.0,ha_uniform,0.7312317304613087,0.18724385061251325,0.0
0.1,2.6494597288052235,give_me_some_credit,5.039733825683594,36,909,3.0,ha_uniform,0.7356403597186709,0.19961316187433165,0.0
0.1,2.674927572521801,give_me_some_credit,5.039733825683594,37,909,3.0,ha_uniform,0.7214547574624788,0.1793820391185767,0.0
0.1,2.7003954162383783,give_me_some_credit,5.039733825683594,38,909,3.0,ha_uniform,0.7309009134602322,0.1868246724829083,0.0
0.1,2.7258632599549557,give_me_some_credit,5.039733825683594,39,909,3.0,ha_uniform,0.7332347266322494,0.1882297359615489,0.0
0.1,2.751331103671533,give_me_some_credit,5.039733825683594,40,909,3.0,ha_uniform,0.7403002473277425,0.19356187207242925,0.0
0.1,2.77679894738811,give_me_some_credit,5.039733825683594,41,909,3.0,ha_uniform,0.7421329356551469,0.19969846426438664,0.0
0.1,2.8021693974561876,give_me_some_credit,5.039733825683594,42,909,3.0,ha_uniform,0.7395203610014079,0.19374578019728134,0.0
0.1,2.82682450905483,give_me_some_credit,5.039733825683594,43,909,3.0,ha_uniform,0.7419343452406668,0.19224060931114334,0.0
0.1,2.8514796206534725,give_me_some_credit,5.039733825683594,44,909,3.0,ha_uniform,0.7391144392991444,0.19310227712427563,0.0
0.1,2.876134732252115,give_me_some_credit,5.039733825683594,45,909,3.0,ha_uniform,0.7510613201769643,0.2054447566929768,0.0
0.1,2.9007898438507573,give_me_some_credit,5.039733825683594,46,909,3.0,ha_uniform,0.7611154401013006,0.21668278217171955,0.0
0.1,2.9254449554493998,give_me_some_credit,5.039733825683594,47,909,3.0,ha_uniform,0.7588532241462783,0.21268153108856852,0.0
0.1,2.950100067048042,give_me_some_credit,5.039733825683594,48,909,3.0,ha_uniform,0.7597149517704221,0.2135042448326733,0.0
0.1,2.9747551786466846,give_me_some_credit,5.039733825683594,49,909,3.0,ha_uniform,0.7588907486596956,0.21405481593007397,0.0
0.1,2.9999177310743077,give_me_some_credit,5.039733825683594,50,909,3.0,ha_uniform,0.7534200754587901,0.20540517986245924,0.0
0.1,0.21446357325992396,give_me_some_credit,25.694371995139864,1,909,3.0,full_ha_dp,0.33800483832390804,0.047003168812177226,0.0
0.1,0.2351736031270147,give_me_some_credit,18.168664676093123,2,909,3.0,full_ha_dp,0.3985415658032985,0.055479831267466376,0.0
0.1,0.26623864792765084,give_me_some_credit,14.834652588052387,3,909,3.0,full_ha_dp,0.4444992960534902,0.06650630645348275,0.0
0.1,0.30765870766183234,give_me_some_credit,12.847185997569932,4,909,3.0,full_ha_dp,0.47684921247515255,0.07891618123072806,0.0
0.1,0.35758535692103954,give_me_some_credit,11.490872484059928,5,909,3.0,full_ha_dp,0.5165201948691408,0.0918391438533159,0.0
0.1,0.4088541807005631,give_me_some_credit,10.489683441558407,6,909,3.0,full_ha_dp,0.5491073397057455,0.10416399976802027,0.0
0.1,0.46071354558264,give_me_some_credit,9.711559770446087,7,909,3.0,full_ha_dp,0.5541421384028766,0.10296696585387421,0.0
0.1,0.5131105421491863,give_me_some_credit,9.084332338046561,8,909,3.0,full_ha_dp,0.5873862962703974,0.12006132837559955,0.0
0.1,0.5659752431170763,give_me_some_credit,8.564790665046623,9,909,3.0,full_ha_dp,0.6063598371458387,0.12699776804596824,0.0
0.1,0.6193163517023966,give_me_some_credit,8.125273855228683,10,909,3.0,full_ha_dp,0.60515298421209,0.13213617144051798,0.0
0.1,0.6731678485073901,give_me_some_credit,7.747144648335857,11,909,3.0,full_ha_dp,0.6014851022114298,0.12521153087023634,0.0
0.1,0.7273837472404316,give_me_some_credit,7.417326294026194,12,909,3.0,full_ha_dp,0.5913478604791824,0.12277318611887443,0.0
0.1,0.7819012120204734,give_me_some_credit,7.126336593794058,13,909,3.0,full_ha_dp,0.6098547946084066,0.13837703437875348,0.0
0.1,0.8367810351928243,give_me_some_credit,6.867109769580897,14,909,3.0,full_ha_dp,0.6063874516245553,0.12730327255641005,0.0
0.1,0.8921112793302489,give_me_some_credit,6.634258321895662,15,909,3.0,full_ha_dp,0.625580071076105,0.14526271389632336,0.0
0.1,0.9479053829037719,give_me_some_credit,6.423592998784966,16,909,3.0,full_ha_dp,0.6360297015988338,0.1570316202972666,0.0
0.1,1.0039884807896653,give_me_some_credit,6.231800571757296,17,909,3.0,full_ha_dp,0.6261976666656274,0.1533343873978035,0.0
0.1,1.060258332116687,give_me_some_credit,6.056221558697706,18,909,3.0,full_ha_dp,0.6337488904101596,0.15782312214756794,0.0
0.1,1.116707129926224,give_me_some_credit,5.894693207608222,19,909,3.0,full_ha_dp,0.6352404063069689,0.15920377723367587,0.0
0.1,1.1734516303792708,give_me_some_credit,5.745436242029964,20,909,3.0,full_ha_dp,0.6675430552035699,0.17902747366760635,0.0
0.1,1.230775540554863,give_me_some_credit,5.606971647718187,21,909,3.0,full_ha_dp,0.698956417671663,0.2022504305462693,0.0
0.1,1.2886321319295928,give_me_some_credit,5.478058515671355,22,909,3.0,full_ha_dp,0.6942871210970609,0.19952306927286095,0.0
0.1,1.3458964173606127,give_me_some_credit,5.3576469211311,23,909,3.0,full_ha_dp,0.6990485587246386,0.1995103142282218,0.0
0.1,1.4047516780178497,give_me_some_credit,5.2448417207792035,24,909,3.0,full_ha_dp,0.6914530738700668,0.19059449764524283,0.0
0.1,1.4622795387597682,give_me_some_credit,5.138874399027973,25,909,3.0,full_ha_dp,0.6968208608680122,0.19034927375184418,0.0
0.1,1.5220343268050809,give_me_some_credit,5.039080930489622,26,909,3.0,full_ha_dp,0.7036622366213418,0.19279817144249695,0.0
0.1,1.579726552863405,give_me_some_credit,4.94488419601746,27,909,3.0,full_ha_dp,0.714007366384895,0.18707063739512364,0.0
0.1,1.6395555280350007,give_me_some_credit,4.855779885223043,28,909,3.0,full_ha_dp,0.7130443114396541,0.19147929217978987,0.0
0.1,1.698701016130475,give_me_some_credit,4.771325096884469,29,909,3.0,full_ha_dp,0.7178374277736628,0.19382899312011254,0.0
0.1,1.7578725300364484,give_me_some_credit,4.691129047555708,30,909,3.0,full_ha_dp,0.7245062130350138,0.20501025856937882,0.0
0.1,1.819016427739288,give_me_some_credit,4.614845442575402,31,909,3.0,full_ha_dp,0.7292646999219223,0.2031493245277919,0.0
0.1,1.8791336729298798,give_me_some_credit,4.542166169023281,32,909,3.0,full_ha_dp,0.7399992717794726,0.20898643536922984,0.0
0.1,1.9382558772409317,give_me_some_credit,4.472816048167675,33,909,3.0,full_ha_dp,0.7437393634150022,0.20507911494895348,0.0
0.1,1.9987925664667214,give_me_some_credit,4.406548443291789,34,909,3.0,full_ha_dp,0.7388974763484216,0.20044916888226022,0.0
0.1,2.059663808553418,give_me_some_credit,4.3431415628539405,35,909,3.0,full_ha_dp,0.7420245376913138,0.20803878395806338,0.0
0.1,2.1207190557157234,give_me_some_credit,4.282395332523311,36,909,3.0,full_ha_dp,0.746063711947137,0.22276145683361176,0.0
0.1,2.182050037907415,give_me_some_credit,4.224128735448127,37,909,3.0,full_ha_dp,0.7343224364521808,0.20220392843911028,0.0
0.1,2.2436126927636004,give_me_some_credit,4.168177540114056,38,909,3.0,full_ha_dp,0.7454409386428551,0.2120432036191638,0.0
0.1,2.3053795603367355,give_me_some_credit,4.11439235076288,39,909,3.0,full_ha_dp,0.7496294871857683,0.21718583934631264,0.0
0.1,2.367386452003013,give_me_some_credit,4.062636927614341,40,909,3.0,full_ha_dp,0.757109002364601,0.22257356420312613,0.0
0.1,2.429632053857954,give_me_some_credit,4.012786733846242,41,909,3.0,full_ha_dp,0.7576512148811754,0.22499615650093188,0.0
0.1,2.492096631867238,give_me_some_credit,3.9647276740222397,42,909,3.0,full_ha_dp,0.7563217670237692,0.21843241777910927,0.0
0.1,2.554748960354795,give_me_some_credit,3.918354994852945,43,909,3.0,full_ha_dp,0.7601667491389406,0.2187869378459782,0.0
0.1,2.6176508088100063,give_me_some_credit,3.8735723241679283,44,909,3.0,full_ha_dp,0.7594194323086729,0.2206585199707633,0.0
0.1,2.680816773804569,give_me_some_credit,3.830290828019976,45,909,3.0,full_ha_dp,0.770155952768552,0.23249184588906022,0.0
0.1,2.7441114317783186,give_me_some_credit,3.7884284691350287,46,909,3.0,full_ha_dp,0.7781676590805536,0.24155166669199624,0.0
0.1,2.807725906797638,give_me_some_credit,3.747909352614817,47,909,3.0,full_ha_dp,0.7743217305013942,0.2348423155698015,0.0
0.1,2.871452499036329,give_me_some_credit,3.708663147013097,48,909,3.0,full_ha_dp,0.7762935490350745,0.2363854485180952,0.0
0.1,2.9354523707215936,give_me_some_credit,3.6706245707342675,49,909,3.0,full_ha_dp,0.7769452173281745,0.23780001853693955,0.0
0.1,2.999930220485598,give_me_some_credit,3.6337329352186236,50,909,3.0,full_ha_dp,0.772494386911806,0.2305107874423516,0.0
0.1,1.4899971949081317,give_me_some_credit,4.8245351684570315,1,4096,3.0,dp_uniform,0.6219469298712498,0.1256105887438794,0.0
0.1,1.5565422117110541,give_me_some_credit,4.8245351684570315,2,4096,3.0,dp_uniform,0.7392078608622219,0.2081068992582272,0.0
0.1,1.6082239610592899,give_me_some_credit,4.8245351684570315,3,4096,3.0,dp_uniform,0.7758533319318243,0.25877445351238915,0.0
0.1,1.6524759681274188,give_me_some_credit,4.8245351684570315,4,4096,3.0,dp_uniform,0.7991142433254247,0.2829668141081818,0.0
0.1,1.6954844670904998,give_me_some_credit,4.8245351684570315,5,4096,3.0,dp_uniform,0.8112838216122491,0.3008696618434433,0.0
0.1,1.7333511608163128,give_me_some_credit,4.8245351684570315,6,4096,3.0,dp_uniform,0.8118015930881851,0.3001098393597953,0.0
0.1,1.7707950708066147,give_me_some_credit,4.8245351684570315,7,4096,3.0,dp_uniform,0.8144296452118498,0.2995135042972783,0.0
0.1,1.807961063209181,give_me_some_credit,4.8245351684570315,8,4096,3.0,dp_uniform,0.8214977269275462,0.3109678025599253,0.0
0.1,1.8417100716402,give_me_some_credit,4.8245351684570315,9,4096,3.0,dp_uniform,0.8215230030834683,0.312999107831368,0.0
0.1,1.8754590800712188,give_me_some_credit,4.8245351684570315,10,4096,3.0,dp_uniform,0.8235934208949853,0.31753176833103747,0.0
0.1,1.909208088502238,give_me_some_credit,4.8245351684570315,11,4096,3.0,dp_uniform,0.8246596960892999,0.3177580978148803,0.0
0.1,1.9427237604054952,give_me_some_credit,4.8245351684570315,12,4096,3.0,dp_uniform,0.8259750026612341,0.3201411158876142,0.0
0.1,1.9739221724356726,give_me_some_credit,4.8245351684570315,13,4096,3.0,dp_uniform,0.829708914443664,0.3206991158075973,0.0
0.1,2.00512058446585,give_me_some_credit,4.8245351684570315,14,4096,3.0,dp_uniform,0.8298728197366915,0.3110236351302316,0.0
0.1,2.036318996496028,give_me_some_credit,4.8245351684570315,15,4096,3.0,dp_uniform,0.8326182890692538,0.31767130918755115,0.0
0.1,2.067517408526206,give_me_some_credit,4.8245351684570315,16,4096,3.0,dp_uniform,0.8332481330162717,0.32150312797063635,0.0
0.1,2.098715820556383,give_me_some_credit,4.8245351684570315,17,4096,3.0,dp_uniform,0.8314234617955915,0.3146568476363828,0.0
0.1,2.128362723580809,give_me_some_credit,4.8245351684570315,18,4096,3.0,dp_uniform,0.8321641533779411,0.32345314655668445,0.0
0.1,2.157723411622598,give_me_some_credit,4.8245351684570315,19,4096,3.0,dp_uniform,0.8340769570982349,0.3245987180504749,0.0
0.1,2.187084099664387,give_me_some_credit,4.8245351684570315,20,4096,3.0,dp_uniform,0.8358008577413406,0.324435439436109,0.0
0.1,2.2164447877061755,give_me_some_credit,4.8245351684570315,21,4096,3.0,dp_uniform,0.8365158277729502,0.3217816086744022,0.0
0.1,2.2458054757479644,give_me_some_credit,4.8245351684570315,22,4096,3.0,dp_uniform,0.8366316304256326,0.31874981440693984,0.0
0.1,2.2751661637897533,give_me_some_credit,4.8245351684570315,23,4096,3.0,dp_uniform,0.8376414518267646,0.3232347866266699,0.0
0.1,2.30402115500223,give_me_some_credit,4.8245351684570315,24,4096,3.0,dp_uniform,0.8380094592951449,0.32351141368242203,0.0
0.1,2.331996313335304,give_me_some_credit,4.8245351684570315,25,4096,3.0,dp_uniform,0.8384007943171186,0.3176138215103906,0.0
0.1,2.3599714716683784,give_me_some_credit,4.8245351684570315,26,4096,3.0,dp_uniform,0.8408708426290945,0.32045765379628766,0.0
0.1,2.387946630001453,give_me_some_credit,4.8245351684570315,27,4096,3.0,dp_uniform,0.8427747384530281,0.3318233398122261,0.0
0.1,2.415921788334528,give_me_some_credit,4.8245351684570315,28,4096,3.0,dp_uniform,0.8425907347188379,0.32794119396521393,0.0
0.1,2.443896946667602,give_me_some_credit,4.8245351684570315,29,4096,3.0,dp_uniform,0.842057708470385,0.32896013635615845,0.0
0.1,2.4718721050006764,give_me_some_credit,4.8245351684570315,30,4096,3.0,dp_uniform,0.8453693302909898,0.337124141988313,0.0
0.1,2.499847263333751,give_me_some_credit,4.8245351684570315,31,4096,3.0,dp_uniform,0.8446546943054936,0.33549909739126854,0.0
0.1,2.5268727643000535,give_me_some_credit,4.8245351684570315,32,4096,3.0,dp_uniform,0.8459012430523976,0.3378875144009026,0.0
0.1,2.5537545784871423,give_me_some_credit,4.8245351684570315,33,4096,3.0,dp_uniform,0.8456000448067187,0.3404090705100999,0.0
0.1,2.5806363926742315,give_me_some_credit,4.8245351684570315,34,4096,3.0,dp_uniform,0.8463067750341953,0.34292325540884744,0.0
0.1,2.6075182068613207,give_me_some_credit,4.8245351684570315,35,4096,3.0,dp_uniform,0.8463065523367861,0.3405568085650991,0.0
0.1,2.6344000210484095,give_me_some_credit,4.8245351684570315,36,4096,3.0,dp_uniform,0.8471642714075679,0.33706246917452903,0.0
0.1,2.6612818352354983,give_me_some_credit,4.8245351684570315,37,4096,3.0,dp_uniform,0.8455944216971414,0.32876379624764346,0.0
0.1,2.6881636494225876,give_me_some_credit,4.8245351684570315,38,4096,3.0,dp_uniform,0.8466838017476401,0.3263624693760683,0.0
0.1,2.715045463609677,give_me_some_credit,4.8245351684570315,39,4096,3.0,dp_uniform,0.8474139152030622,0.3333200276204707,0.0
0.1,2.7412939215781997,give_me_some_credit,4.8245351684570315,40,4096,3.0,dp_uniform,0.8465776864322493,0.3387648433321671,0.0
0.1,2.767274799673211,give_me_some_credit,4.8245351684570315,41,4096,3.0,dp_uniform,0.8476773105635625,0.34282552978483877,0.0
0.1,2.7932556777682227,give_me_some_credit,4.8245351684570315,42,4096,3.0,dp_uniform,0.8479033484337023,0.3395193988840287,0.0
0.1,2.819236555863234,give_me_some_credit,4.8245351684570315,43,4096,3.0,dp_uniform,0.8492143124061609,0.3390608806819068,0.0
0.1,2.8452174339582457,give_me_some_credit,4.8245351684570315,44,4096,3.0,dp_uniform,0.8501382282817692,0.3379743120286758,0.0
0.1,2.871198312053257,give_me_some_credit,4.8245351684570315,45,4096,3.0,dp_uniform,0.8500588923298112,0.34019938068262456,0.0
0.1,2.8971791901482686,give_me_some_credit,4.8245351684570315,46,4096,3.0,dp_uniform,0.8509716733349694,0.3449882159880209,0.0
0.1,2.92316006824328,give_me_some_credit,4.8245351684570315,47,4096,3.0,dp_uniform,0.8510162684911226,0.3438296667661229,0.0
0.1,2.9489509046050224,give_me_some_credit,4.8245351684570315,48,4096,3.0,dp_uniform,0.850729768274438,0.34551424630118016,0.0
0.1,2.9741600461856934,give_me_some_credit,4.8245351684570315,49,4096,3.0,dp_uniform,0.8509028041612346,0.34917670998653605,0.0
0.1,2.9996649360186822,give_me_some_credit,4.8245351684570315,50,4096,3.0,dp_uniform,0.8506227621694112,0.3530114247012573,0.0
0.1,0.11510679454667541,give_me_some_credit,24.630779408463532,1,4096,3.0,scheduler,0.5090370051830595,0.08227829339632103,0.0
0.1,0.1371032669872691,give_me_some_credit,17.41659114563454,2,4096,3.0,scheduler,0.6284017029225472,0.1316893637221962,0.0
0.1,0.17009797564815962,give_me_some_credit,14.220587121826707,3,4096,3.0,scheduler,0.6909320176073479,0.1791116708446563,0.0
0.1,0.21409092052934697,give_me_some_credit,12.315389704231766,4,4096,3.0,scheduler,0.7505256772339557,0.2288596873381562,0.0
0.1,0.2660930373545193,give_me_some_credit,11.0152194192253,5,4096,3.0,scheduler,0.7806227309917739,0.2640940064976669,0.0
0.1,0.3190546891375195,give_me_some_credit,10.055473586297754,6,4096,3.0,scheduler,0.7861157852822845,0.26884379515333634,0.0
0.1,0.3726275528534222,give_me_some_credit,9.309559558926443,7,4096,3.0,scheduler,0.7912837013556483,0.27564229631636006,0.0
0.1,0.42677317952607813,give_me_some_credit,8.70829557281727,8,4096,3.0,scheduler,0.8061733057960565,0.2939866042227667,0.0
0.1,0.4813905728316681,give_me_some_credit,8.210259802821174,9,4096,3.0,scheduler,0.8089448307254725,0.3017600408302606,0.0
0.1,0.5365160826873119,give_me_some_credit,7.788936347591955,10,4096,3.0,scheduler,0.8145545227839492,0.31195728433958014,0.0
0.1,0.5920873588812087,give_me_some_credit,7.42645941744413,11,4096,3.0,scheduler,0.8170921597595581,0.30881402023494536,0.0
0.1,0.6480893467568122,give_me_some_credit,7.1102935609133535,12,4096,3.0,scheduler,0.8191779993666486,0.311886220687308,0.0
0.1,0.7044444300192516,give_me_some_credit,6.831349085527525,13,4096,3.0,scheduler,0.8243813243280441,0.3168961574087963,0.0
0.1,0.7614378511849638,give_me_some_credit,6.582852693976932,14,4096,3.0,scheduler,0.8262373402090415,0.30964317701004285,0.0
0.1,0.8184074880615885,give_me_some_credit,6.359639896872521,15,4096,3.0,scheduler,0.8293426885545557,0.31560420427756375,0.0
0.1,0.8758750970207534,give_me_some_credit,6.157694852115883,16,4096,3.0,scheduler,0.8304471563545146,0.3195062374031312,0.0
0.1,0.9337254618518295,give_me_some_credit,5.973841478963741,17,4096,3.0,scheduler,0.8293422431597377,0.3127929543589934,0.0
0.1,0.9919201460111201,give_me_some_credit,5.80553038187818,18,4096,3.0,scheduler,0.8309311891729865,0.3229740984918131,0.0
0.1,1.0505452760745373,give_me_some_credit,5.650688333796581,19,4096,3.0,scheduler,0.8331665700902238,0.32299541884308125,0.0
0.1,1.1098539295360323,give_me_some_credit,5.50760970961265,20,4096,3.0,scheduler,0.8355764901017683,0.3276825301719286,0.0
0.1,1.1685111893776154,give_me_some_credit,5.374876717383034,21,4096,3.0,scheduler,0.835747744409293,0.3240803186647582,0.0
0.1,1.2279368083312259,give_me_some_credit,5.251299814281443,22,4096,3.0,scheduler,0.8364270271811094,0.3216789389571167,0.0
0.1,1.2881652447757086,give_me_some_credit,5.135872536124834,23,4096,3.0,scheduler,0.8372165451703835,0.32455509309166647,0.0
0.1,1.347633097134614,give_me_some_credit,5.027736793148877,24,4096,3.0,scheduler,0.8382782550678136,0.32017582991237586,0.0
0.1,1.4087344094695966,give_me_some_credit,4.926155881692705,25,4096,3.0,scheduler,0.8389743514940101,0.31513871797695636,0.0
0.1,1.4686219257169366,give_me_some_credit,4.830493263029033,26,4096,3.0,scheduler,0.8415027465271451,0.3193096978537281,0.0
0.1,1.529897813230019,give_me_some_credit,4.74019570727557,27,4096,3.0,scheduler,0.8436337380339115,0.3296368894763282,0.0
0.1,1.5912443321968133,give_me_some_credit,4.6547797794632215,28,4096,3.0,scheduler,0.8435472200905132,0.32717850689518413,0.0
0.1,1.6519964941755956,give_me_some_credit,4.573820911819,29,4096,3.0,scheduler,0.8432592166663178,0.3281908172194895,0.0
0.1,1.7148435582915775,give_me_some_credit,4.496944496983075,30,4096,3.0,scheduler,0.8461395292800327,0.3375773322748725,0.0
0.1,1.7770016468326175,give_me_some_credit,4.423818574811959,31,4096,3.0,scheduler,0.8451847698132772,0.335168127214594,0.0
0.1,1.83789346895388,give_me_some_credit,4.354147786408635,32,4096,3.0,scheduler,0.8459697225056666,0.33766830128917136,0.0
0.1,1.9002832011517876,give_me_some_credit,4.287668343787201,33,4096,3.0,scheduler,0.8457375047824268,0.3394149433113526,0.0
0.1,1.9630134575471883,give_me_some_credit,4.224143819508735,34,4096,3.0,scheduler,0.8466075835594082,0.34174746647784543,0.0
0.1,2.0259726827802793,give_me_some_credit,4.1633616028684965,35,4096,3.0,scheduler,0.8465631554263118,0.338216232430131,0.0
0.1,2.0892067628105027,give_me_some_credit,4.105129901410587,36,4096,3.0,scheduler,0.847728363944577,0.33486255413216504,0.0
0.1,2.152649705017284,give_me_some_credit,4.049275191293051,37,4096,3.0,scheduler,0.8460643132301412,0.3238363959666912,0.0
0.1,2.2163545320067093,give_me_some_credit,3.9956400391992766,38,4096,3.0,scheduler,0.8475588912163244,0.32518116476553693,0.0
0.1,2.280304891031842,give_me_some_credit,3.9440812334576214,39,4096,3.0,scheduler,0.8475885099717219,0.32916346752137693,0.0
0.1,2.3444933422711864,give_me_some_credit,3.8944681737959774,40,4096,3.0,scheduler,0.8467100800419027,0.3323305319788929,0.0
0.1,2.4089225047904392,give_me_some_credit,3.846681478468164,41,4096,3.0,scheduler,0.8478301923348444,0.33683639001306426,0.0
0.1,2.4736063833046376,give_me_some_credit,3.800611774903234,42,4096,3.0,scheduler,0.8479414853649945,0.3291200636029494,0.0
0.1,2.538518323883683,give_me_some_credit,3.7561586459684464,43,4096,3.0,scheduler,0.8495617203642083,0.33012324987084535,0.0
0.1,2.603617475474781,give_me_some_credit,3.713229708722065,44,4096,3.0,scheduler,0.8504306856541448,0.33110356489280096,0.0
0.1,2.6690320127077642,give_me_some_credit,3.671739806408435,45,4096,3.0,scheduler,0.8500046098363663,0.33293863411595287,0.0
0.1,2.734578079390124,give_me_some_credit,3.631610297603623,46,4096,3.0,scheduler,0.8514812050067723,0.3407969507187051,0.0
0.1,2.8004700094674995,give_me_some_credit,3.5927684290020485,47,4096,3.0,scheduler,0.8512167518335791,0.33670979511689497,0.0
0.1,2.866460126928031,give_me_some_credit,3.5551467804566768,48,4096,3.0,scheduler,0.8511352445818833,0.3393991558494162,0.0
0.1,2.9327416212705395,give_me_some_credit,3.5186827726376473,49,4096,3.0,scheduler,0.8516357570086215,0.34271243985855876,0.0
0.1,2.9996732111294957,give_me_some_credit,3.4833182291269082,50,4096,3.0,scheduler,0.8513951881325442,0.3453895112158842,0.0
0.1,1.5435875139244843,give_me_some_credit,4.966081335449219,1,4096,3.0,ha_uniform,0.5857905023118217,0.1017223178565716,0.0
0.1,1.605289844560562,give_me_some_credit,4.966081335449219,2,4096,3.0,ha_uniform,0.6955453057835854,0.16657117848626915,0.0
0.1,1.6552182562471236,give_me_some_credit,4.966081335449219,3,4096,3.0,ha_uniform,0.7613786684387441,0.24160291636195894,0.0
0.1,1.6980082190636914,give_me_some_credit,4.966081335449219,4,4096,3.0,ha_uniform,0.7912971188745407,0.2813434044433626,0.0
0.1,1.7380790628669327,give_me_some_credit,4.966081335449219,5,4096,3.0,ha_uniform,0.8060262698317611,0.30456387826397063,0.0
0.1,1.7750591328374026,give_me_some_credit,4.966081335449219,6,4096,3.0,ha_uniform,0.8109280625013641,0.31206960762954356,0.0
0.1,1.8120392028078727,give_me_some_credit,4.966081335449219,7,4096,3.0,ha_uniform,0.8151365981367352,0.3152978472788677,0.0
0.1,1.8457851840280606,give_me_some_credit,4.966081335449219,8,4096,3.0,ha_uniform,0.821881991306784,0.32514721523740664,0.0
0.1,1.8789530854971814,give_me_some_credit,4.966081335449219,9,4096,3.0,ha_uniform,0.8234710486687372,0.32740305604105335,0.0
0.1,1.9121209869663023,give_me_some_credit,4.966081335449219,10,4096,3.0,ha_uniform,0.8258883176947789,0.33116149028917596,0.0
0.1,1.9449589334921966,give_me_some_credit,4.966081335449219,11,4096,3.0,ha_uniform,0.8280995916174914,0.33388014489616086,0.0
0.1,1.9755290455483507,give_me_some_credit,4.966081335449219,12,4096,3.0,ha_uniform,0.8298530553416424,0.33505871697768314,0.0
0.1,2.006099157604505,give_me_some_credit,4.966081335449219,13,4096,3.0,ha_uniform,0.832139322616837,0.3352216754374205,0.0
0.1,2.036669269660659,give_me_some_credit,4.966081335449219,14,4096,3.0,ha_uniform,0.833688851188692,0.3323686901116437,0.0
0.1,2.067239381716813,give_me_some_credit,4.966081335449219,15,4096,3.0,ha_uniform,0.8352750134843282,0.3327691174328784,0.0
0.1,2.0975430773563377,give_me_some_credit,4.966081335449219,16,4096,3.0,ha_uniform,0.8362119014840108,0.3343773650731507,0.0
0.1,2.1262664574560444,give_me_some_credit,4.966081335449219,17,4096,3.0,ha_uniform,0.8362829976318358,0.3328175715262911,0.0
0.1,2.1549898375557515,give_me_some_credit,4.966081335449219,18,4096,3.0,ha_uniform,0.8365604229291033,0.3368281630242397,0.0
0.1,2.183713217655458,give_me_some_credit,4.966081335449219,19,4096,3.0,ha_uniform,0.838075322053858,0.33718122811600976,0.0
0.1,2.2124365977551648,give_me_some_credit,4.966081335449219,20,4096,3.0,ha_uniform,0.8394127313436358,0.338702798932934,0.0
0.1,2.2411599778548714,give_me_some_credit,4.966081335449219,21,4096,3.0,ha_uniform,0.8404114178743175,0.33763736119129156,0.0
0.1,2.269883357954578,give_me_some_credit,4.966081335449219,22,4096,3.0,ha_uniform,0.8409102600704881,0.3360886329844835,0.0
0.1,2.2973789653176993,give_me_some_credit,4.966081335449219,23,4096,3.0,ha_uniform,0.841566994729643,0.3392252666859268,0.0
0.1,2.3247283631122357,give_me_some_credit,4.966081335449219,24,4096,3.0,ha_uniform,0.8419609464461725,0.3404582436323767,0.0
0.1,2.3520777609067722,give_me_some_credit,4.966081335449219,25,4096,3.0,ha_uniform,0.8428850850191898,0.3388555931495604,0.0
0.1,2.3794271587013083,give_me_some_credit,4.966081335449219,26,4096,3.0,ha_uniform,0.8443857315097683,0.339291607048753,0.0
0.1,2.4067765564958448,give_me_some_credit,4.966081335449219,27,4096,3.0,ha_uniform,0.845250576897638,0.3431536016438743,0.0
0.1,2.4341259542903813,give_me_some_credit,4.966081335449219,28,4096,3.0,ha_uniform,0.8458735172249765,0.3434899779469281,0.0
0.1,2.4614753520849173,give_me_some_credit,4.966081335449219,29,4096,3.0,ha_uniform,0.8458335430400602,0.34394112846823793,0.0
0.1,2.4882218913457796,give_me_some_credit,4.966081335449219,30,4096,3.0,ha_uniform,0.8472003483878268,0.34816388991902125,0.0
0.1,2.5145002764296853,give_me_some_credit,4.966081335449219,31,4096,3.0,ha_uniform,0.8476546511021963,0.34918890854775525,0.0
0.1,2.540778661513591,give_me_some_credit,4.966081335449219,32,4096,3.0,ha_uniform,0.848280987565022,0.3494444791288545,0.0
0.1,2.5670570465974967,give_me_some_credit,4.966081335449219,33,4096,3.0,ha_uniform,0.8485439932050567,0.35151641788874705,0.0
0.1,2.5933354316814023,give_me_some_credit,4.966081335449219,34,4096,3.0,ha_uniform,0.8488650115201369,0.353462039325487,0.0
0.1,2.619613816765308,give_me_some_credit,4.966081335449219,35,4096,3.0,ha_uniform,0.8492217727693624,0.35213367238053095,0.0
0.1,2.6458922018492137,give_me_some_credit,4.966081335449219,36,4096,3.0,ha_uniform,0.8492963207270269,0.35004172130458844,0.0
0.1,2.6721705869331194,give_me_some_credit,4.966081335449219,37,4096,3.0,ha_uniform,0.8490025828445497,0.3479086738684373,0.0
0.1,2.698013156747104,give_me_some_credit,4.966081335449219,38,4096,3.0,ha_uniform,0.8496515787687416,0.3450335930342366,0.0
0.1,2.7234183094244373,give_me_some_credit,4.966081335449219,39,4096,3.0,ha_uniform,0.8496447864977671,0.3486735158637068,0.0
0.1,2.748823462101771,give_me_some_credit,4.966081335449219,40,4096,3.0,ha_uniform,0.8494845557119881,0.3494392446791357,0.0
0.1,2.774228614779104,give_me_some_credit,4.966081335449219,41,4096,3.0,ha_uniform,0.8504772294126268,0.3522316167033957,0.0
0.1,2.799633767456437,give_me_some_credit,4.966081335449219,42,4096,3.0,ha_uniform,0.8508866029247296,0.3508391981370546,0.0
0.1,2.8250389201337702,give_me_some_credit,4.966081335449219,43,4096,3.0,ha_uniform,0.8516834699285009,0.35084632924719245,0.0
0.1,2.8504440728111033,give_me_some_credit,4.966081335449219,44,4096,3.0,ha_uniform,0.8520411776417146,0.35096240010926044,0.0
0.1,2.8758492254884365,give_me_some_credit,4.966081335449219,45,4096,3.0,ha_uniform,0.8525908505214905,0.3520012767539269,0.0
0.1,2.901176236401647,give_me_some_credit,4.966081335449219,46,4096,3.0,ha_uniform,0.8534068138280839,0.3541495214526551,0.0
0.1,2.9258397478383524,give_me_some_credit,4.966081335449219,47,4096,3.0,ha_uniform,0.8533710152195864,0.3534498560013362,0.0
0.1,2.9505032592750577,give_me_some_credit,4.966081335449219,48,4096,3.0,ha_uniform,0.8533228569048888,0.3549306522184211,0.0
0.1,2.975166770711763,give_me_some_credit,4.966081335449219,49,4096,3.0,ha_uniform,0.8536104706086187,0.35662061863519945,0.0
0.1,2.9999783732079774,give_me_some_credit,4.966081335449219,50,4096,3.0,ha_uniform,0.8537778277114856,0.36059863828589356,0.0
0.1,0.21446357325992396,give_me_some_credit,25.34339527428852,1,4096,3.0,full_ha_dp,0.4839737479840317,0.07238375910116959,0.0
0.1,0.2351736031270147,give_me_some_credit,17.92048665674052,2,4096,3.0,full_ha_dp,0.559449630077334,0.09767808591641523,0.0
0.1,0.26623864792765084,give_me_some_credit,14.63201608378957,3,4096,3.0,full_ha_dp,0.6434138466122602,0.14147748433452512,0.0
0.1,0.30765870766183234,give_me_some_credit,12.67169763714426,4,4096,3.0,full_ha_dp,0.7154349681253198,0.19580765412131718,0.0
0.1,0.35758535692103954,give_me_some_credit,11.333910922791214,5,4096,3.0,full_ha_dp,0.7575588511307905,0.2410623974954617,0.0
0.1,0.4088541807005631,give_me_some_credit,10.346397795278234,6,4096,3.0,full_ha_dp,0.7750521780029297,0.26150089811565097,0.0
0.1,0.46071354558264,give_me_some_credit,9.578903039111001,7,4096,3.0,full_ha_dp,0.7867289825979791,0.2763431066920898,0.0
0.1,0.5131105421491863,give_me_some_credit,8.96024332837026,8,4096,3.0,full_ha_dp,0.8023538225342163,0.29800635157297967,0.0
0.1,0.5659752431170763,give_me_some_credit,8.44779842476284,9,4096,3.0,full_ha_dp,0.8080830474269765,0.30985449595333436,0.0
0.1,0.6193163517023966,give_me_some_credit,8.014285270869948,10,4096,3.0,full_ha_dp,0.8142151876069783,0.31958626639216103,0.0
0.1,0.6731678485073901,give_me_some_credit,7.641321185316473,11,4096,3.0,full_ha_dp,0.8191032843859275,0.32308309458448836,0.0
0.1,0.7273837472404316,give_me_some_credit,7.316008041894785,12,4096,3.0,full_ha_dp,0.8224714156740671,0.3276254395907981,0.0
0.1,0.7819012120204734,give_me_some_credit,7.028993165830693,13,4096,3.0,full_ha_dp,0.8264973394340546,0.3311167805308329,0.0
0.1,0.8367810351928243,give_me_some_credit,6.773307295283817,14,4096,3.0,full_ha_dp,0.8295640497791064,0.3308910728923664,0.0
0.1,0.8921112793302489,give_me_some_credit,6.543636522244746,15,4096,3.0,full_ha_dp,0.8322797890075667,0.33297954732579343,0.0
0.1,0.9479053829037719,give_me_some_credit,6.33584881857213,16,4096,3.0,full_ha_dp,0.8337637888668221,0.3362087474639855,0.0
0.1,1.0039884807896653,give_me_some_credit,6.146676213392414,17,4096,3.0,full_ha_dp,0.834439564154447,0.3349627036321344,0.0
0.1,1.060258332116687,give_me_some_credit,5.97349555224684,18,4096,3.0,full_ha_dp,0.8354921991324599,0.33887633524957983,0.0
0.1,1.116707129926224,give_me_some_credit,5.814173625622628,19,4096,3.0,full_ha_dp,0.837512120306485,0.33919112725033357,0.0
0.1,1.1734516303792708,give_me_some_credit,5.666955461395607,20,4096,3.0,full_ha_dp,0.8394652879321611,0.3429762317082694,0.0
0.1,1.230775540554863,give_me_some_credit,5.53038224817206,21,4096,3.0,full_ha_dp,0.8406154643753182,0.3411707318565688,0.0
0.1,1.2886321319295928,give_me_some_credit,5.4032300273617055,22,4096,3.0,full_ha_dp,0.841468339777454,0.33961009568866785,0.0
0.1,1.3458964173606127,give_me_some_credit,5.284463215835108,23,4096,3.0,full_ha_dp,0.8422879219169437,0.3429278273827101,0.0
0.1,1.4047516780178497,give_me_some_credit,5.173198897639117,24,4096,3.0,full_ha_dp,0.8429598556742631,0.34458566205017416,0.0
0.1,1.4622795387597682,give_me_some_credit,5.0686790548577045,25,4096,3.0,full_ha_dp,0.8441063576101717,0.34187772304309577,0.0
0.1,1.5220343268050809,give_me_some_credit,4.970248732472782,26,4096,3.0,full_ha_dp,0.8456907940008881,0.3422611654780575,0.0
0.1,1.579726552863405,give_me_some_credit,4.8773386945965225,27,4096,3.0,full_ha_dp,0.8466716647388494,0.34606127339145976,0.0
0.1,1.6395555280350007,give_me_some_credit,4.7894515195555005,28,4096,3.0,full_ha_dp,0.8476093878538161,0.3463694991857914,0.0
0.1,1.698701016130475,give_me_some_credit,4.706150356013704,29,4096,3.0,full_ha_dp,0.8476874432956722,0.34766325758065053,0.0
0.1,1.7578725300364484,give_me_some_credit,4.627049758499217,30,4096,3.0,full_ha_dp,0.8488059410323985,0.3502963830923882,0.0
0.1,1.819016427739288,give_me_some_credit,4.551808162622529,31,4096,3.0,full_ha_dp,0.8494010441836113,0.35242237184298786,0.0
0.1,1.8791336729298798,give_me_some_credit,4.48012166418513,32,4096,3.0,full_ha_dp,0.8500214234907462,0.3533731054688811,0.0
0.1,1.9382558772409317,give_me_some_credit,4.411718843306855,33,4096,3.0,full_ha_dp,0.8504526213489316,0.35685522328520436,0.0
0.1,1.9987925664667214,give_me_some_credit,4.346356432247825,34,4096,3.0,full_ha_dp,0.8508065988805446,0.3584166318547337,0.0
0.1,2.059663808553418,give_me_some_credit,4.283815669066304,35,4096,3.0,full_ha_dp,0.8511126407948694,0.35785881411577475,0.0
0.1,2.1207190557157234,give_me_some_credit,4.22389921238142,36,4096,3.0,full_ha_dp,0.851322254731095,0.35521354373727226,0.0
0.1,2.182050037907415,give_me_some_credit,4.1664285179724105,37,4096,3.0,full_ha_dp,0.8511046793624976,0.3517486096593813,0.0
0.1,2.2436126927636004,give_me_some_credit,4.111241597673735,38,4096,3.0,full_ha_dp,0.8517560692838363,0.3500728420198681,0.0
0.1,2.3053795603367355,give_me_some_credit,4.05819109642439,39,4096,3.0,full_ha_dp,0.8516807975595927,0.35165670471238475,0.0
0.1,2.367386452003013,give_me_some_credit,4.007142635434974,40,4096,3.0,full_ha_dp,0.8515361555924441,0.3546164652066154,0.0
0.1,2.429632053857954,give_me_some_credit,3.9579733790155602,41,4096,3.0,full_ha_dp,0.852422268582874,0.3566219127420838,0.0
0.1,2.492096631867238,give_me_some_credit,3.910570790236167,42,4096,3.0,full_ha_dp,0.8531338424789965,0.35491429930417745,0.0
0.1,2.554748960354795,give_me_some_credit,3.8648315467030896,43,4096,3.0,full_ha_dp,0.8538183029655722,0.3542388812316401,0.0
0.1,2.6176508088100063,give_me_some_credit,3.8206605926582364,44,4096,3.0,full_ha_dp,0.8541306360817015,0.3543648661962468,0.0
0.1,2.680816773804569,give_me_some_credit,3.7779703075970716,45,4096,3.0,full_ha_dp,0.8546716237625263,0.3551503598081806,0.0
0.1,2.7441114317783186,give_me_some_credit,3.7366797748478753,46,4096,3.0,full_ha_dp,0.8553991761977445,0.3571889580690143,0.0
0.1,2.807725906797638,give_me_some_credit,3.696714136211876,47,4096,3.0,full_ha_dp,0.855133052793984,0.356659023994507,0.0
0.1,2.871452499036329,give_me_some_credit,3.6580040209473923,48,4096,3.0,full_ha_dp,0.8552142259995662,0.3579134632408906,0.0
0.1,2.9354523707215936,give_me_some_credit,3.620485039184074,49,4096,3.0,full_ha_dp,0.8554966063141843,0.360123785827652,0.0
0.1,2.9998852067475705,give_me_some_credit,3.584097331348103,50,4096,3.0,full_ha_dp,0.8556953637517208,0.36006527641664904,0.0
0.1,1.2903259379024377,give_me_some_credit,3.876318194580078,1,65537,3.0,dp_uniform,0.6559999804026281,0.22345461296548763,0.0
0.1,1.3546444814787306,give_me_some_credit,3.876318194580078,2,65537,3.0,dp_uniform,0.6886106198158827,0.22854778425617917,0.0
0.1,1.407959925395931,give_me_some_credit,3.876318194580078,3,65537,3.0,dp_uniform,0.7004507172860845,0.2327592400565422,0.0
0.1,1.4555742561103044,give_me_some_credit,3.876318194580078,4,65537,3.0,dp_uniform,0.71887013133357,0.24171134318608867,0.0
0.1,1.4999395958183959,give_me_some_credit,3.876318194580078,5,65537,3.0,dp_uniform,0.7288678531390759,0.24667960134442385,0.0
0.1,1.5427152642135225,give_me_some_credit,3.876318194580078,6,65537,3.0,dp_uniform,0.7436094194768482,0.26085398485555494,0.0
0.1,1.5839070223114828,give_me_some_credit,3.876318194580078,7,65537,3.0,dp_uniform,0.7538104640167753,0.26715926122233025,0.0
0.1,1.6233695079599046,give_me_some_credit,3.876318194580078,8,65537,3.0,dp_uniform,0.7682715429679062,0.2789870981506702,0.0
0.1,1.6628319936083265,give_me_some_credit,3.876318194580078,9,65537,3.0,dp_uniform,0.7744046296118964,0.28325643694200386,0.0
0.1,1.7010459200046866,give_me_some_credit,3.876318194580078,10,65537,3.0,dp_uniform,0.7793116556706109,0.288073321236459,0.0
0.1,1.738153158129775,give_me_some_credit,3.876318194580078,11,65537,3.0,dp_uniform,0.7833552282002619,0.293141619961457,0.0
0.1,1.7752603962548634,give_me_some_credit,3.876318194580078,12,65537,3.0,dp_uniform,0.7903949716706627,0.29987436356835345,0.0
0.1,1.812367634379952,give_me_some_credit,3.876318194580078,13,65537,3.0,dp_uniform,0.7908542850767348,0.31008350039013965,0.0
0.1,1.848085056323813,give_me_some_credit,3.876318194580078,14,65537,3.0,dp_uniform,0.7899765232391429,0.3062688170200134,0.0
0.1,1.883447809868243,give_me_some_credit,3.876318194580078,15,65537,3.0,dp_uniform,0.7951142638135863,0.31106976934002495,0.0
0.1,1.9188105634126735,give_me_some_credit,3.876318194580078,16,65537,3.0,dp_uniform,0.7955991874216941,0.3052631477311661,0.0
0.1,1.954173316957104,give_me_some_credit,3.876318194580078,17,65537,3.0,dp_uniform,0.7979971374475047,0.31038150676523885,0.0
0.1,1.989052598077623,give_me_some_credit,3.876318194580078,18,65537,3.0,dp_uniform,0.7998821039916729,0.31036180750163384,0.0
0.1,2.0230663980150587,give_me_some_credit,3.876318194580078,19,65537,3.0,dp_uniform,0.7981595395330212,0.3061640569315221,0.0
0.1,2.0570801979524944,give_me_some_credit,3.876318194580078,20,65537,3.0,dp_uniform,0.8020949367962483,0.30930965280558453,0.0
0.1,2.0910939978899306,give_me_some_credit,3.876318194580078,21,65537,3.0,dp_uniform,0.8050940584776672,0.31054301230305886,0.0
0.1,2.1251077978273663,give_me_some_credit,3.876318194580078,22,65537,3.0,dp_uniform,0.8065482168841157,0.3149108713438312,0.0
0.1,2.158682778454359,give_me_some_credit,3.876318194580078,23,65537,3.0,dp_uniform,0.8088137176259209,0.3124646102692139,0.0
0.1,2.191607915179132,give_me_some_credit,3.876318194580078,24,65537,3.0,dp_uniform,0.8114982235427683,0.3160759779425715,0.0
0.1,2.2245330519039053,give_me_some_credit,3.876318194580078,25,65537,3.0,dp_uniform,0.8155399588187952,0.3182933328268635,0.0
0.1,2.2574581886286786,give_me_some_credit,3.876318194580078,26,65537,3.0,dp_uniform,0.8170575303124579,0.31772547491389125,0.0
0.1,2.2903833253534516,give_me_some_credit,3.876318194580078,27,65537,3.0,dp_uniform,0.8157036414144136,0.31656339205464407,0.0
0.1,2.3231460403799464,give_me_some_credit,3.876318194580078,28,65537,3.0,dp_uniform,0.8134255582689998,0.31711264802744726,0.0
0.1,2.355156671543608,give_me_some_credit,3.876318194580078,29,65537,3.0,dp_uniform,0.8154595093797921,0.3157368804299447,0.0
0.1,2.3871673027072697,give_me_some_credit,3.876318194580078,30,65537,3.0,dp_uniform,0.8183636506162705,0.31943392032718343,0.0
0.1,2.419177933870931,give_me_some_credit,3.876318194580078,31,65537,3.0,dp_uniform,0.820884362588795,0.32272238316941493,0.0
0.1,2.4511885650345926,give_me_some_credit,3.876318194580078,32,65537,3.0,dp_uniform,0.8230371784416437,0.32340725025743966,0.0
0.1,2.4831991961982545,give_me_some_credit,3.876318194580078,33,65537,3.0,dp_uniform,0.8237583840007056,0.32427755894623755,0.0
0.1,2.5144777684211963,give_me_some_credit,3.876318194580078,34,65537,3.0,dp_uniform,0.8222232194117314,0.31258454309618433,0.0
0.1,2.545692446521391,give_me_some_credit,3.876318194580078,35,65537,3.0,dp_uniform,0.8225903360904756,0.3142380061996918,0.0
0.1,2.5769071246215853,give_me_some_credit,3.876318194580078,36,65537,3.0,dp_uniform,0.8229803906023475,0.3142519368460096,0.0
0.1,2.60812180272178,give_me_some_credit,3.876318194580078,37,65537,3.0,dp_uniform,0.8253747217952618,0.32006970245530275,0.0
0.1,2.6393364808219744,give_me_some_credit,3.876318194580078,38,65537,3.0,dp_uniform,0.8234898665997981,0.3212742741198911,0.0
0.1,2.669976607743572,give_me_some_credit,3.876318194580078,39,65537,3.0,dp_uniform,0.8271823566641532,0.32153992910988854,0.0
0.1,2.7004774958325073,give_me_some_credit,3.876318194580078,40,65537,3.0,dp_uniform,0.8281241440068341,0.32087667609167736,0.0
0.1,2.7309783839214425,give_me_some_credit,3.876318194580078,41,65537,3.0,dp_uniform,0.83012207381172,0.3238275966991826,0.0
0.1,2.761479272010378,give_me_some_credit,3.876318194580078,42,65537,3.0,dp_uniform,0.832241930448036,0.3296578374097658,0.0
0.1,2.791980160099313,give_me_some_credit,3.876318194580078,43,65537,3.0,dp_uniform,0.8308658831577959,0.3293270124764224,0.0
0.1,2.8218729247403442,give_me_some_credit,3.876318194580078,44,65537,3.0,dp_uniform,0.8289407197313021,0.32580879228553433,0.0
0.1,2.8517180434645684,give_me_some_credit,3.876318194580078,45,65537,3.0,dp_uniform,0.829843479353055,0.3333407436854975,0.0
0.1,2.8815631621887916,give_me_some_credit,3.876318194580078,46,65537,3.0,dp_uniform,0.8283534109894045,0.32920537857249593,0.0
0.1,2.9114082809130157,give_me_some_credit,3.876318194580078,47,65537,3.0,dp_uniform,0.8291904192011487,0.3298312368121059,0.0
0.1,2.9410632730978774,give_me_some_credit,3.876318194580078,48,65537,3.0,dp_uniform,0.8288833751484834,0.3239482444797649,0.0
0.1,2.9702944038757284,give_me_some_credit,3.876318194580078,49,65537,3.0,dp_uniform,0.8297663147008348,0.32529743156052604,0.0
0.1,2.9999163490174388,give_me_some_credit,3.876318194580078,50,65537,3.0,dp_uniform,0.829098667868639,0.32439491909158313,0.0
0.1,0.11510679454667541,give_me_some_credit,19.876112140508678,1,65537,3.0,scheduler,0.39264075255690034,0.06519221806191117,0.0
0.1,0.1371032669872691,give_me_some_credit,14.05453367817795,2,65537,3.0,scheduler,0.5445867493260064,0.13694912931324515,0.0
0.1,0.17009797564815962,give_me_some_credit,11.475478694765874,3,65537,3.0,scheduler,0.6059710074697165,0.18605717245110737,0.0
0.1,0.21409092052934697,give_me_some_credit,9.938056070254339,4,65537,3.0,scheduler,0.6416611623290408,0.20961503828048256,0.0
0.1,0.2660930373545193,give_me_some_credit,8.888867574917253,5,65537,3.0,scheduler,0.6532443783379558,0.21801181889564564,0.0
0.1,0.3190546891375195,give_me_some_credit,8.114388802430701,6,65537,3.0,scheduler,0.6731126060540736,0.23942179491150872,0.0
0.1,0.3726275528534222,give_me_some_credit,7.512464250659667,7,65537,3.0,scheduler,0.6877354746728465,0.2488137529528728,0.0
0.1,0.42677317952607813,give_me_some_credit,7.027266839088975,8,65537,3.0,scheduler,0.7171642691805938,0.27031329127036163,0.0
0.1,0.4813905728316681,give_me_some_credit,6.625370713502894,9,65537,3.0,scheduler,0.7278316420949769,0.2760121045631274,0.0
0.1,0.5365160826873119,give_me_some_credit,6.285378539293211,10,65537,3.0,scheduler,0.7424501124399218,0.29069241367156934,0.0
0.1,0.5920873588812087,give_me_some_credit,5.992873296463184,11,65537,3.0,scheduler,0.7496455213992166,0.2937057406027168,0.0
0.1,0.6480893467568122,give_me_some_credit,5.737739347382937,12,65537,3.0,scheduler,0.7638945924169751,0.30342171413672175,0.0
0.1,0.7044444300192516,give_me_some_credit,5.512641652267412,13,65537,3.0,scheduler,0.7663762209942192,0.3157717597859832,0.0
0.1,0.7614378511849638,give_me_some_credit,5.3121144150629656,14,65537,3.0,scheduler,0.7647370010408877,0.31230636042907906,0.0
0.1,0.8184074880615885,give_me_some_credit,5.131990087169411,15,65537,3.0,scheduler,0.7740412987891051,0.31625002824511644,0.0
0.1,0.8758750970207534,give_me_some_credit,4.969028035127169,16,65537,3.0,scheduler,0.7769889216946916,0.31424094133522146,0.0
0.1,0.9337254618518295,give_me_some_credit,4.820665281290518,17,65537,3.0,scheduler,0.7823344389517366,0.31944034847333813,0.0
0.1,0.9919201460111201,give_me_some_credit,4.6848445593926495,18,65537,3.0,scheduler,0.786937316024103,0.3222802735183406,0.0
0.1,1.0505452760745373,give_me_some_credit,4.559892853208381,19,65537,3.0,scheduler,0.7835841054623667,0.3149677572616536,0.0
0.1,1.1098539295360323,give_me_some_credit,4.444433787458626,20,65537,3.0,scheduler,0.7897468108617542,0.3193052910544858,0.0
0.1,1.1685111893776154,give_me_some_credit,4.337323257395798,21,65537,3.0,scheduler,0.794333542371968,0.3202967220691926,0.0
0.1,1.2279368083312259,give_me_some_credit,4.237601346720896,22,65537,3.0,scheduler,0.7966406875292568,0.32465570734359783,0.0
0.1,1.2881652447757086,give_me_some_credit,4.144455876710878,23,65537,3.0,scheduler,0.8005780890691649,0.3237191519641112,0.0
0.1,1.347633097134614,give_me_some_credit,4.057194401215351,24,65537,3.0,scheduler,0.80541958641528,0.3271722931686007,0.0
0.1,1.4087344094695966,give_me_some_credit,3.9752224281017354,25,65537,3.0,scheduler,0.8103896358407429,0.33093168470142986,0.0
0.1,1.4686219257169366,give_me_some_credit,3.898026294569701,26,65537,3.0,scheduler,0.8130617263770383,0.33205125115934275,0.0
0.1,1.529897813230019,give_me_some_credit,3.8251595649219583,27,65537,3.0,scheduler,0.811000105113177,0.3320967556881279,0.0
0.1,1.5912443321968133,give_me_some_credit,3.7562321253298334,28,65537,3.0,scheduler,0.809432371028136,0.33130997428580977,0.0
0.1,1.6519964941755956,give_me_some_credit,3.690901365576766,29,65537,3.0,scheduler,0.8123656856251941,0.3292002287708875,0.0
0.1,1.7148435582915775,give_me_some_credit,3.6288649916196314,30,65537,3.0,scheduler,0.8161042740532132,0.33165054421089035,0.0
0.1,1.7770016468326175,give_me_some_credit,3.5698551241141083,31,65537,3.0,scheduler,0.819981157572224,0.3376852652727996,0.0
0.1,1.83789346895388,give_me_some_credit,3.5136334195444876,32,65537,3.0,scheduler,0.8220527445451384,0.33866292394844366,0.0
0.1,1.9002832011517876,give_me_some_credit,3.459987010932339,33,65537,3.0,scheduler,0.8229376326998185,0.3377340098275209,0.0
0.1,1.9630134575471883,give_me_some_credit,3.4087251102310807,34,65537,3.0,scheduler,0.8207956176713067,0.32898544575403255,0.0
0.1,2.0259726827802793,give_me_some_credit,3.3596761486024063,35,65537,3.0,scheduler,0.8212085543419537,0.3317956271562877,0.0
0.1,2.0892067628105027,give_me_some_credit,3.312685356751447,36,65537,3.0,scheduler,0.8227364255907827,0.33257574316904515,0.0
0.1,2.152649705017284,give_me_some_credit,3.2676127074673444,37,65537,3.0,scheduler,0.8263928386748792,0.3389613429935167,0.0
0.1,2.2163545320067093,give_me_some_credit,3.224331157987721,38,65537,3.0,scheduler,0.8243750888005918,0.33896507306590445,0.0
0.1,2.280304891031842,give_me_some_credit,3.1827251418825337,39,65537,3.0,scheduler,0.8286243223874588,0.33872832305326706,0.0
0.1,2.3444933422711864,give_me_some_credit,3.1426892696466053,40,65537,3.0,scheduler,0.8301778038383235,0.33698889595865766,0.0
0.1,2.4089225047904392,give_me_some_credit,3.1041272047030346,41,65537,3.0,scheduler,0.8319972416698921,0.3398894633782152,0.0
0.1,2.4736063833046376,give_me_some_credit,3.066950687502694,42,65537,3.0,scheduler,0.8344937909735395,0.34736908525607746,0.0
0.1,2.538518323883683,give_me_some_credit,3.0310786851981,43,65537,3.0,scheduler,0.8321708899745636,0.3411988438024512,0.0
0.1,2.603617475474781,give_me_some_credit,2.996436648231592,44,65537,3.0,scheduler,0.8309909277529519,0.33891572880427145,0.0
0.1,2.6690320127077642,give_me_some_credit,2.962955858305751,45,65537,3.0,scheduler,0.8322993863795592,0.34454204497636065,0.0
0.1,2.734578079390124,give_me_some_credit,2.930572854750699,46,65537,3.0,scheduler,0.8308091509928518,0.3372829325185686,0.0
0.1,2.8004700094674995,give_me_some_credit,2.899228928386497,47,65537,3.0,scheduler,0.8316918121734422,0.3379466453067104,0.0
0.1,2.866460126928031,give_me_some_credit,2.8688696736914685,48,65537,3.0,scheduler,0.831336275759966,0.3314654583978528,0.0
0.1,2.9327416212705395,give_me_some_credit,2.8394445915012403,49,65537,3.0,scheduler,0.8324147436374235,0.3308388096803103,0.0
0.1,2.9999664440573355,give_me_some_credit,2.81090673563559,50,65537,3.0,scheduler,0.8318716960055658,0.3297631871132157,0.0
0.1,1.3431305996268368,give_me_some_credit,3.988123229980469,1,65537,3.0,ha_uniform,0.6535435723069536,0.22159350821436524,0.0
0.1,1.4057259539499196,give_me_some_credit,3.988123229980469,2,65537,3.0,ha_uniform,0.6876906568192842,0.22833417761960187,0.0
0.1,1.455819700333882,give_me_some_credit,3.988123229980469,3,65537,3.0,ha_uniform,0.6997963766240766,0.2326451431843678,0.0
0.1,1.5010356738041568,give_me_some_credit,3.988123229980469,4,65537,3.0,ha_uniform,0.7181352855582066,0.241400549869405,0.0
0.1,1.544828421674591,give_me_some_credit,3.988123229980469,5,65537,3.0,ha_uniform,0.7280780567780406,0.24646850253041813,0.0
0.1,1.584832701768001,give_me_some_credit,3.988123229980469,6,65537,3.0,ha_uniform,0.7427685140604463,0.26059469859662243,0.0
0.1,1.6248369818614112,give_me_some_credit,3.988123229980469,7,65537,3.0,ha_uniform,0.753028851785521,0.26685200803052544,0.0
0.1,1.6631666543565722,give_me_some_credit,3.988123229980469,8,65537,3.0,ha_uniform,0.7675366415181906,0.2788576158921188,0.0
0.1,1.7004228694945425,give_me_some_credit,3.988123229980469,9,65537,3.0,ha_uniform,0.773678636058541,0.2832485354472728,0.0
0.1,1.7376790846325125,give_me_some_credit,3.988123229980469,10,65537,3.0,ha_uniform,0.7786897174816131,0.2879749690254287,0.0
0.1,1.774168664644097,give_me_some_credit,3.988123229980469,11,65537,3.0,ha_uniform,0.782780947256791,0.2932927929707935,0.0
0.1,1.8094511565351272,give_me_some_credit,3.988123229980469,12,65537,3.0,ha_uniform,0.7898941808721632,0.2998710644754313,0.0
0.1,1.8447336484261578,give_me_some_credit,3.988123229980469,13,65537,3.0,ha_uniform,0.7903525478142472,0.3102872471337709,0.0
0.1,1.880016140317188,give_me_some_credit,3.988123229980469,14,65537,3.0,ha_uniform,0.7894845846626513,0.30646629552882343,0.0
0.1,1.9147193114931045,give_me_some_credit,3.988123229980469,15,65537,3.0,ha_uniform,0.7946357984303397,0.31114943924087884,0.0
0.1,1.9485226240744762,give_me_some_credit,3.988123229980469,16,65537,3.0,ha_uniform,0.7951863064253992,0.3053916396627809,0.0
0.1,1.9823259366558479,give_me_some_credit,3.988123229980469,17,65537,3.0,ha_uniform,0.7975883763532766,0.3108570705984556,0.0
0.1,2.0161292492372196,give_me_some_credit,3.988123229980469,18,65537,3.0,ha_uniform,0.7995094198777036,0.3106359094833825,0.0
0.1,2.0499325618185913,give_me_some_credit,3.988123229980469,19,65537,3.0,ha_uniform,0.7977824014708719,0.3067802813924137,0.0
0.1,2.082870696269686,give_me_some_credit,3.988123229980469,20,65537,3.0,ha_uniform,0.8017184668263259,0.3093231343338288,0.0
0.1,2.1155155541454804,give_me_some_credit,3.988123229980469,21,65537,3.0,ha_uniform,0.8047474856349036,0.3106974902486735,0.0
0.1,2.1481604120212747,give_me_some_credit,3.988123229980469,22,65537,3.0,ha_uniform,0.8062194598340725,0.3151463187279633,0.0
0.1,2.180805269897069,give_me_some_credit,3.988123229980469,23,65537,3.0,ha_uniform,0.8085029990660071,0.31269789178102314,0.0
0.1,2.213450127772863,give_me_some_credit,3.988123229980469,24,65537,3.0,ha_uniform,0.8112001987351677,0.3164114431885606,0.0
0.1,2.2454494023388016,give_me_some_credit,3.988123229980469,25,65537,3.0,ha_uniform,0.8152589703629834,0.3185165902763258,0.0
0.1,2.277147118164282,give_me_some_credit,3.988123229980469,26,65537,3.0,ha_uniform,0.8167940236032529,0.3174724947666652,0.0
0.1,2.3088448339897627,give_me_some_credit,3.988123229980469,27,65537,3.0,ha_uniform,0.8154594537054398,0.31671851385808186,0.0
0.1,2.3405425498152432,give_me_some_credit,3.988123229980469,28,65537,3.0,ha_uniform,0.813192895150942,0.31724457458674443,0.0
0.1,2.3722402656407238,give_me_some_credit,3.988123229980469,29,65537,3.0,ha_uniform,0.8152345849966973,0.3158465427984263,0.0
0.1,2.4035672092305407,give_me_some_credit,3.988123229980469,30,65537,3.0,ha_uniform,0.8181382251640055,0.3196804423744511,0.0
0.1,2.434459309564766,give_me_some_credit,3.988123229980469,31,65537,3.0,ha_uniform,0.8206668985689018,0.32290254402645013,0.0
0.1,2.4653514098989917,give_me_some_credit,3.988123229980469,32,65537,3.0,ha_uniform,0.8228164296349677,0.3239549735801156,0.0
0.1,2.496243510233217,give_me_some_credit,3.988123229980469,33,65537,3.0,ha_uniform,0.8235684231108245,0.32433256490943063,0.0
0.1,2.5271356105674427,give_me_some_credit,3.988123229980469,34,65537,3.0,ha_uniform,0.8220456739024025,0.31279396980664764,0.0
0.1,2.5578063090389116,give_me_some_credit,3.988123229980469,35,65537,3.0,ha_uniform,0.8223960882754714,0.3144788425222706,0.0
0.1,2.5879892140461784,give_me_some_credit,3.988123229980469,36,65537,3.0,ha_uniform,0.822787868692263,0.3143047658408429,0.0
0.1,2.6181721190534453,give_me_some_credit,3.988123229980469,37,65537,3.0,ha_uniform,0.8251715660838973,0.3200621868242975,0.0
0.1,2.648355024060712,give_me_some_credit,3.988123229980469,38,65537,3.0,ha_uniform,0.8232884924677054,0.32132265877927196,0.0
0.1,2.678537929067979,give_me_some_credit,3.988123229980469,39,65537,3.0,ha_uniform,0.8269612181370114,0.3216184669234542,0.0
0.1,2.708471708032991,give_me_some_credit,3.988123229980469,40,65537,3.0,ha_uniform,0.8278999433903186,0.3210593007925539,0.0
0.1,2.738012291538881,give_me_some_credit,3.988123229980469,41,65537,3.0,ha_uniform,0.8299047211405316,0.32384839045754044,0.0
0.1,2.7675528750447698,give_me_some_credit,3.988123229980469,42,65537,3.0,ha_uniform,0.8320369374830471,0.32989458580356534,0.0
0.1,2.7970934585506595,give_me_some_credit,3.988123229980469,43,65537,3.0,ha_uniform,0.8306602221005799,0.32911009893569454,0.0
0.1,2.8266340420565483,give_me_some_credit,3.988123229980469,44,65537,3.0,ha_uniform,0.8287322192821215,0.32580051220967277,0.0
0.1,2.855727122216603,give_me_some_credit,3.988123229980469,45,65537,3.0,ha_uniform,0.829647115912665,0.3328397129467435,0.0
0.1,2.884672642421092,give_me_some_credit,3.988123229980469,46,65537,3.0,ha_uniform,0.8281827690997546,0.3292787125584704,0.0
0.1,2.913618162625581,give_me_some_credit,3.988123229980469,47,65537,3.0,ha_uniform,0.8290014604496083,0.33005465342680174,0.0
0.1,2.9425636828300705,give_me_some_credit,3.988123229980469,48,65537,3.0,ha_uniform,0.8286941380251819,0.32403048776146764,0.0
0.1,2.971283212966894,give_me_some_credit,3.988123229980469,49,65537,3.0,ha_uniform,0.8295823109666447,0.3254261861230139,0.0
0.1,2.999853918074512,give_me_some_credit,3.988123229980469,50,65537,3.0,ha_uniform,0.8289082059095875,0.324148858761655,0.0
0.1,0.21446357325992396,give_me_some_credit,20.436850320825734,1,65537,3.0,full_ha_dp,0.38878574905832397,0.06400728939073527,0.0
0.1,0.2351736031270147,give_me_some_credit,14.451035447950343,2,65537,3.0,full_ha_dp,0.5408780023507939,0.1342375746889096,0.0
0.1,0.26623864792765084,give_me_some_credit,11.799221034116826,3,65537,3.0,full_ha_dp,0.6035845820348218,0.18389369498156707,0.0
0.1,0.30765870766183234,give_me_some_credit,10.218425160412867,4,65537,3.0,full_ha_dp,0.639776084436168,0.208127948487698,0.0
0.1,0.35758535692103954,give_me_some_credit,9.139637312670946,5,65537,3.0,full_ha_dp,0.6517395562709586,0.21682243314546606,0.0
0.1,0.4088541807005631,give_me_some_credit,8.343309205942955,6,65537,3.0,full_ha_dp,0.6715931416324344,0.23816239867520556,0.0
0.1,0.46071354558264,give_me_some_credit,7.724403361479354,7,65537,3.0,full_ha_dp,0.68627073813947,0.24774365208237875,0.0
0.1,0.5131105421491863,give_me_some_credit,7.225517723975171,8,65537,3.0,full_ha_dp,0.7156939095376401,0.2692952714918492,0.0
0.1,0.5659752431170763,give_me_some_credit,6.812283440275245,9,65537,3.0,full_ha_dp,0.726472074413003,0.27511688196382067,0.0
0.1,0.6193163517023966,give_me_some_credit,6.462699521375219,10,65537,3.0,full_ha_dp,0.7412163687940357,0.28989341255640044,0.0
0.1,0.6731678485073901,give_me_some_credit,6.161942219166667,11,65537,3.0,full_ha_dp,0.7485310322158527,0.29275876934327383,0.0
0.1,0.7273837472404316,give_me_some_credit,5.899610517058413,12,65537,3.0,full_ha_dp,0.7628753620503126,0.30273907228263813,0.0
0.1,0.7819012120204734,give_me_some_credit,5.668162441593836,13,65537,3.0,full_ha_dp,0.7654338212336635,0.31496416399733257,0.0
0.1,0.8367810351928243,give_me_some_credit,5.461977997522213,14,65537,3.0,full_ha_dp,0.7638579030188415,0.311761289125086,0.0
0.1,0.8921112793302489,give_me_some_credit,5.276772062766117,15,65537,3.0,full_ha_dp,0.773231571009964,0.3158312485938597,0.0
0.1,0.9479053829037719,give_me_some_credit,5.109212580206433,16,65537,3.0,full_ha_dp,0.7762554677781345,0.31391435596530765,0.0
0.1,1.0039884807896653,give_me_some_credit,4.956664266335452,17,65537,3.0,full_ha_dp,0.7817022010075722,0.3192313951389749,0.0
0.1,1.060258332116687,give_me_some_credit,4.817011815983448,18,65537,3.0,full_ha_dp,0.7863103114690502,0.3219985512530347,0.0
0.1,1.116707129926224,give_me_some_credit,4.68853501435506,19,65537,3.0,full_ha_dp,0.7830047581528409,0.3148962549107792,0.0
0.1,1.1734516303792708,give_me_some_credit,4.569818656335473,20,65537,3.0,full_ha_dp,0.7892189066537086,0.3191893948790423,0.0
0.1,1.230775540554863,give_me_some_credit,4.459686360079354,21,65537,3.0,full_ha_dp,0.793830413250674,0.32000128231945535,0.0
0.1,1.2886321319295928,give_me_some_credit,4.357151128452433,22,65537,3.0,full_ha_dp,0.7961560422929104,0.32442462919028725,0.0
0.1,1.3458964173606127,give_me_some_credit,4.261377869819118,23,65537,3.0,full_ha_dp,0.8001589168710658,0.32380128298142147,0.0
0.1,1.4047516780178497,give_me_some_credit,4.171654602971477,24,65537,3.0,full_ha_dp,0.8050343198977017,0.32731692691098535,0.0
0.1,1.4622795387597682,give_me_some_credit,4.087370064165146,25,65537,3.0,full_ha_dp,0.8100550886580655,0.3310749862112663,0.0
0.1,1.5220343268050809,give_me_some_credit,4.007996099317898,26,65537,3.0,full_ha_dp,0.8127861940077472,0.3323421050293517,0.0
0.1,1.579726552863405,give_me_some_credit,3.9330736780389417,27,65537,3.0,full_ha_dp,0.8107177804729113,0.3322550785635426,0.0
0.1,1.6395555280350007,give_me_some_credit,3.862201680739677,28,65537,3.0,full_ha_dp,0.809177939238348,0.3315880767895913,0.0
0.1,1.698701016130475,give_me_some_credit,3.7950278315995254,29,65537,3.0,full_ha_dp,0.8120933266939813,0.32944449952670507,0.0
0.1,1.7578725300364484,give_me_some_credit,3.731241308357648,30,65537,3.0,full_ha_dp,0.8158138209575186,0.33160136217449254,0.0
0.1,1.819016427739288,give_me_some_credit,3.670566674347897,31,65537,3.0,full_ha_dp,0.8197101904998174,0.33799594947359407,0.0
0.1,1.8791336729298798,give_me_some_credit,3.6127588619875857,32,65537,3.0,full_ha_dp,0.8217766554323247,0.3387429490768384,0.0
0.1,1.9382558772409317,give_me_some_credit,3.557598998966795,33,65537,3.0,full_ha_dp,0.8226875435095063,0.33789830511124763,0.0
0.1,1.9987925664667214,give_me_some_credit,3.5048909147908396,34,65537,3.0,full_ha_dp,0.8206008687871318,0.32952041429581147,0.0
0.1,2.059663808553418,give_me_some_credit,3.4544582003791433,35,65537,3.0,full_ha_dp,0.8210233814463663,0.3326843338699425,0.0
0.1,2.1207190557157234,give_me_some_credit,3.4061417201376223,36,65537,3.0,full_ha_dp,0.8225224133807292,0.3328916399245214,0.0
0.1,2.182050037907415,give_me_some_credit,3.3597974964549167,37,65537,3.0,full_ha_dp,0.8261718671707944,0.33885308606235565,0.0
0.1,2.2436126927636004,give_me_some_credit,3.315294902481031,38,65537,3.0,full_ha_dp,0.8241890251153684,0.33886665100987456,0.0
0.1,2.3053795603367355,give_me_some_credit,3.2725151114647275,39,65537,3.0,full_ha_dp,0.8284340274514642,0.33902094801134386,0.0
0.1,2.367386452003013,give_me_some_credit,3.2313497606876096,40,65537,3.0,full_ha_dp,0.8299802155621842,0.3373360531051765,0.0
0.1,2.429632053857954,give_me_some_credit,3.1916997957577204,41,65537,3.0,full_ha_dp,0.8317921930305511,0.3403674896591458,0.0
0.1,2.492096631867238,give_me_some_credit,3.1534744671772628,42,65537,3.0,full_ha_dp,0.8342703697979555,0.34745664180327873,0.0
0.1,2.554748960354795,give_me_some_credit,3.1165904560273576,43,65537,3.0,full_ha_dp,0.831985271684158,0.3416261821351123,0.0
0.1,2.6176508088100063,give_me_some_credit,3.0809711095833334,44,65537,3.0,full_ha_dp,0.8308073694135798,0.3390140795271673,0.0
0.1,2.680816773804569,give_me_some_credit,3.046545770890315,45,65537,3.0,full_ha_dp,0.832147952141436,0.3447030100022463,0.0
0.1,2.7441114317783186,give_me_some_credit,3.013249188947383,46,65537,3.0,full_ha_dp,0.830684830164275,0.33752471060605804,0.0
0.1,2.807725906797638,give_me_some_credit,2.981020998290989,47,65537,3.0,full_ha_dp,0.8315250674884497,0.338240578284192,0.0
0.1,2.871452499036329,give_me_some_credit,2.9498052585292065,48,65537,3.0,full_ha_dp,0.8311750428358466,0.331674591419351,0.0
0.1,2.9354523707215936,give_me_some_credit,2.919550045832248,49,65537,3.0,full_ha_dp,0.8323141400829058,0.33140592834942967,0.0
0.1,2.999989411717779,give_me_some_credit,2.8902070895900684,50,65537,3.0,full_ha_dp,0.8317420304391727,0.3302472142665454,0.0
